station,valid,vsby,wxcodes,drct,sknt,metar
WABB,2023-09-01 00:00,6.21,M,0.00,0.00,WABB 010000Z 00000KT 9999 SCT018 30/26 Q1011 NOSIG
WABB,2023-09-01 00:30,6.21,M,M,2.00,WABB 010030Z VRB02KT 9999 SCT018 30/26 Q1011 NOSIG
WABB,2023-09-01 01:00,6.21,M,0.00,0.00,WABB 010100Z 00000KT 9999 SCT018 30/25 Q1011 NOSIG
WABB,2023-09-01 01:30,6.21,M,140.00,6.00,WABB 010130Z 14006KT 9999 SCT018 30/25 Q1011 NOSIG
WABB,2023-09-01 02:00,6.21,M,M,2.00,WABB 010200Z VRB02KT 9999 SCT018 30/26 Q1010 NOSIG
WABB,2023-09-01 02:30,6.21,M,M,2.00,WABB 010230Z VRB02KT 9999 SCT018 30/25 Q1010 NOSIG
WABB,2023-09-01 03:00,6.21,M,150.00,4.00,WABB 010300Z 15004KT 110V170 9999 SCT018 30/25 Q1009 NOSIG
WABB,2023-09-01 03:30,6.21,M,140.00,6.00,WABB 010330Z 14006KT 9999 SCT018 31/26 Q1009 NOSIG
WABB,2023-09-01 04:00,6.21,M,130.00,5.00,WABB 010400Z 13005KT 120V180 9999 SCT018 30/25 Q1008 NOSIG
WABB,2023-09-01 04:30,6.21,M,140.00,5.00,WABB 010430Z 14005KT 9999 SCT018 30/26 Q1008 NOSIG
WABB,2023-09-01 05:00,6.21,M,160.00,3.00,WABB 010500Z 16003KT 120V180 9999 SCT018 30/25 Q1008 NOSIG
WABB,2023-09-01 05:30,6.21,VCSH,M,2.00,WABB 010530Z VRB02KT 9999 VCSH SCT018 31/26 Q1008 NOSIG
WABB,2023-09-01 06:00,6.21,VCSH,M,2.00,WABB 010600Z VRB02KT 9999 VCSH SCT018 30/25 Q1007 NOSIG
WABB,2023-09-01 06:30,6.21,M,320.00,6.00,WABB 010630Z 32006KT 150V320 9999 SCT018 28/25 Q1007 NOSIG
WABB,2023-09-01 07:00,6.21,M,210.00,3.00,WABB 010700Z 21003KT 030V210 9999 SCT018 30/24 Q1007 NOSIG
WABB,2023-09-01 07:30,6.21,M,200.00,4.00,WABB 010730Z 20004KT 020V200 9999 SCT018 30/25 Q1007 NOSIG
WABB,2023-09-01 08:00,6.21,M,M,2.00,WABB 010800Z VRB02KT 9999 SCT018 30/25 Q1008 NOSIG
WABB,2023-09-01 08:30,6.21,M,M,2.00,WABB 010830Z VRB02KT 9999 SCT018 30/25 Q1008 NOSIG
WABB,2023-09-01 09:00,6.21,M,M,2.00,WABB 010900Z VRB02KT 9999 SCT018 29/25 Q1008 NOSIG
WABB,2023-09-01 09:30,6.21,M,M,2.00,WABB 010930Z VRB02KT 9999 SCT018 28/25 Q1008 NOSIG
WABB,2023-09-01 10:00,6.21,M,10.00,3.00,WABB 011000Z 01003KT 010V260 9999 SCT018 27/26 Q1009 NOSIG
WABB,2023-09-01 10:30,6.21,M,20.00,3.00,WABB 011030Z 02003KT 020V250 9999 SCT018 27/25 Q1009 NOSIG
WABB,2023-09-01 11:00,6.21,M,M,2.00,WABB 011100Z VRB02KT 9999 SCT018 27/25 Q1010 NOSIG
WABB,2023-09-01 11:30,6.21,M,M,2.00,WABB 011130Z VRB02KT 9999 SCT018 26/25 Q1010 NOSIG
WABB,2023-09-01 12:00,6.21,M,10.00,4.00,WABB 011200Z 01004KT 010V260 9999 SCT018 26/24 Q1011 NOSIG
WABB,2023-09-01 12:30,6.21,M,10.00,4.00,WABB 011230Z 01004KT 010V250 9999 SCT018 26/24 Q1011 NOSIG
WABB,2023-09-01 13:00,6.21,M,M,2.00,WABB 011300Z VRB02KT 9999 FEW018 26/25 Q1011 NOSIG
WABB,2023-09-01 13:30,6.21,M,20.00,3.00,WABB 011330Z 02003KT 020V250 9999 FEW018 26/25 Q1011 NOSIG
WABB,2023-09-01 14:00,6.21,M,50.00,3.00,WABB 011400Z 05003KT 220V050 9999 FEW018 26/25 Q1011 NOSIG
WABB,2023-09-01 14:30,6.21,M,330.00,3.00,WABB 011430Z 33003KT 160V330 9999 FEW018 26/25 Q1010 NOSIG
WABB,2023-09-01 15:00,6.21,M,M,2.00,WABB 011500Z VRB02KT 9999 FEW018 26/25 Q1010 NOSIG
WABB,2023-09-01 15:30,6.21,M,360.00,3.00,WABB 011530Z 36003KT 180V360 9999 FEW018 26/25 Q1010 NOSIG
WABB,2023-09-01 16:00,6.21,M,M,2.00,WABB 011600Z VRB02KT 9999 FEW018 26/25 Q1010 NOSIG
WABB,2023-09-01 16:30,6.21,M,M,2.00,WABB 011630Z VRB02KT 9999 FEW018 26/25 Q1009 NOSIG
WABB,2023-09-01 17:00,6.21,M,M,2.00,WABB 011700Z VRB02KT 9999 FEW018 26/24 Q1009 NOSIG
WABB,2023-09-01 17:30,6.21,M,0.00,0.00,WABB 011730Z 00000KT 9999 FEW018 25/24 Q1009 NOSIG
WABB,2023-09-01 18:00,6.21,M,0.00,0.00,WABB 011800Z 00000KT 9999 FEW018 25/24 Q1009 NOSIG
WABB,2023-09-01 18:30,6.21,M,M,2.00,WABB 011830Z VRB02KT 9999 FEW018 25/24 Q1008 NOSIG
WABB,2023-09-01 19:00,6.21,M,M,2.00,WABB 011900Z VRB02KT 9999 FEW018 25/24 Q1009 NOSIG
WABB,2023-09-01 19:30,6.21,M,M,2.00,WABB 011930Z VRB02KT 9999 FEW018 24/24 Q1009 NOSIG
WABB,2023-09-01 20:00,6.21,M,0.00,0.00,WABB 012000Z 00000KT 9999 FEW018 24/24 Q1009 NOSIG
WABB,2023-09-01 20:30,6.21,M,M,2.00,WABB 012030Z VRB02KT 9999 FEW018 24/24 Q1009 NOSIG
WABB,2023-09-01 21:00,6.21,M,M,2.00,WABB 012100Z VRB02KT 9999 FEW018 24/24 Q1009 NOSIG
WABB,2023-09-01 21:30,6.21,M,M,2.00,WABB 012130Z VRB02KT 9999 FEW018 25/24 Q1009 NOSIG
WABB,2023-09-01 22:00,6.21,M,M,2.00,WABB 012200Z VRB02KT 9999 FEW018 26/25 Q1009 NOSIG
WABB,2023-09-01 22:30,6.21,M,M,2.00,WABB 012230Z VRB02KT 9999 FEW018 28/26 Q1010 NOSIG
WABB,2023-09-01 23:00,6.21,M,180.00,3.00,WABB 012300Z 18003KT 010V180 9999 FEW018 30/26 Q1010 NOSIG
WABB,2023-09-01 23:30,6.21,M,150.00,3.00,WABB 012330Z 15003KT 110V180 9999 FEW018 29/26 Q1010 NOSIG
WABB,2023-09-02 00:00,6.21,M,170.00,3.00,WABB 020000Z 17003KT 100V170 9999 FEW018 30/26 Q1010 NOSIG
WABB,2023-09-02 00:30,6.21,M,160.00,3.00,WABB 020030Z 16003KT 100V160 9999 FEW018 30/25 Q1010 NOSIG
WABB,2023-09-02 01:00,6.21,M,160.00,5.00,WABB 020100Z 16005KT 110V170 9999 FEW018 30/25 Q1010 NOSIG
WABB,2023-09-02 01:30,6.21,M,150.00,2.00,WABB 020130Z 15002KT 9999 FEW018 31/25 Q1009 NOSIG
WABB,2023-09-02 02:00,6.21,M,110.00,4.00,WABB 020200Z 11004KT 120V180 9999 FEW018 30/25 Q1009 NOSIG
WABB,2023-09-02 02:30,6.21,M,140.00,3.00,WABB 020230Z 14003KT 9999 FEW018 30/25 Q1009 NOSIG
WABB,2023-09-02 03:00,6.21,M,130.00,6.00,WABB 020300Z 13006KT 9999 FEW018 30/25 Q1008 NOSIG
WABB,2023-09-02 03:30,6.21,M,140.00,5.00,WABB 020330Z 14005KT 9999 FEW018 31/25 Q1008 NOSIG
WABB,2023-09-02 04:00,6.21,M,160.00,4.00,WABB 020400Z 16004KT 9999 FEW018 30/25 Q1007 NOSIG
WABB,2023-09-02 04:30,6.21,M,170.00,3.00,WABB 020430Z 17003KT 110V170 9999 FEW018 31/26 Q1007 NOSIG
WABB,2023-09-02 05:00,6.21,M,160.00,4.00,WABB 020500Z 16004KT 120V180 9999 FEW018 31/26 Q1007 NOSIG
WABB,2023-09-02 05:30,6.21,M,190.00,5.00,WABB 020530Z 19005KT 090V190 9999 FEW018 31/25 Q1006 NOSIG
WABB,2023-09-02 06:00,6.21,M,170.00,4.00,WABB 020600Z 17004KT 100V170 9999 FEW018 31/25 Q1006 NOSIG
WABB,2023-09-02 06:30,6.21,M,220.00,3.00,WABB 020630Z 22003KT 100V220 9999 FEW018 31/25 Q1006 NOSIG
WABB,2023-09-02 07:00,6.21,M,170.00,3.00,WABB 020700Z 17003KT 100V170 9999 FEW018 30/25 Q1006 NOSIG
WABB,2023-09-02 07:30,6.21,M,140.00,3.00,WABB 020730Z 14003KT 9999 FEW018 30/25 Q1006 NOSIG
WABB,2023-09-02 08:00,6.21,M,0.00,0.00,WABB 020800Z 00000KT 9999 FEW018 29/25 Q1007 NOSIG
WABB,2023-09-02 08:30,6.21,M,0.00,0.00,WABB 020830Z 00000KT 9999 FEW018 29/25 Q1007 NOSIG
WABB,2023-09-02 09:00,6.21,M,340.00,5.00,WABB 020900Z 34005KT 150V340 9999 FEW018 28/25 Q1007 NOSIG
WABB,2023-09-02 09:30,6.21,M,320.00,8.00,WABB 020930Z 32008KT 140V320 9999 FEW018 27/25 Q1008 NOSIG
WABB,2023-09-02 10:00,6.21,M,330.00,6.00,WABB 021000Z 33006KT 140V330 9999 FEW018 27/25 Q1008 NOSIG
WABB,2023-09-02 10:30,6.21,M,330.00,6.00,WABB 021030Z 33006KT 140V330 9999 FEW018 27/25 Q1009 NOSIG
WABB,2023-09-02 11:00,6.21,M,310.00,3.00,WABB 021100Z 31003KT 140V310 9999 FEW018 26/25 Q1009 NOSIG
WABB,2023-09-02 11:30,6.21,M,360.00,4.00,WABB 021130Z 36004KT 170V360 9999 FEW018 26/25 Q1010 NOSIG
WABB,2023-09-02 12:00,6.21,M,M,2.00,WABB 021200Z VRB02KT 9999 FEW018 26/25 Q1010 NOSIG
WABB,2023-09-02 12:30,6.21,M,340.00,3.00,WABB 021230Z 34003KT 150V340 9999 FEW018 26/25 Q1010 NOSIG
WABB,2023-09-02 13:00,6.21,M,320.00,3.00,WABB 021300Z 32003KT 140V320 9999 FEW018 26/25 Q1010 NOSIG
WABB,2023-09-02 13:30,6.21,M,320.00,5.00,WABB 021330Z 32005KT 150V320 9999 FEW018 26/25 Q1010 NOSIG
WABB,2023-09-02 14:00,6.21,M,320.00,6.00,WABB 021400Z 32006KT 140V320 9999 FEW018 26/25 Q1010 NOSIG
WABB,2023-09-02 14:30,6.21,M,M,2.00,WABB 021430Z VRB02KT 9999 FEW018 26/25 Q1010 NOSIG
WABB,2023-09-02 15:00,6.21,M,320.00,4.00,WABB 021500Z 32004KT 140V320 9999 FEW018 26/25 Q1010 NOSIG
WABB,2023-09-02 15:30,6.21,M,M,2.00,WABB 021530Z VRB02KT 9999 FEW018 26/25 Q1010 NOSIG
WABB,2023-09-02 16:00,6.21,M,360.00,3.00,WABB 021600Z 36003KT 260V360 9999 FEW018 26/25 Q1009 NOSIG
WABB,2023-09-02 16:30,6.21,M,300.00,7.00,WABB 021630Z 30007KT 130V300 9999 FEW017CB FEW018 25/25 Q1009 NOSIG RMK CB AT SE
WABB,2023-09-02 17:00,6.21,TS,M,2.00,WABB 021700Z VRB02KT 9999 TS FEW017CB SCT018 25/25 Q1009 NOSIG RMK CB AT SE
WABB,2023-09-02 17:30,6.21,M,300.00,3.00,WABB 021730Z 30003KT 130V300 9999 FEW017CB SCT018 25/25 Q1009 RETS NOSIG RMK CB AT SE
WABB,2023-09-02 18:00,3.73,-RA,50.00,7.00,WABB 021800Z 05007KT 050V260 6000 -RA FEW017CB SCT018 26/25 Q1009 TEMPO +RA RMK CB AT SE
WABB,2023-09-02 18:30,5.59,-RA,M,2.00,WABB 021830Z VRB02KT 9000 -RA FEW017CB SCT018 26/25 Q1009 TEMPO -RA RMK CB AT S
WABB,2023-09-02 19:00,5.59,M,310.00,3.00,WABB 021900Z 31003KT 120V310 9000 FEW017CB SCT018 25/25 Q1009 R ERA NOSIG RMK CB AT S
WABB,2023-09-02 19:30,5.59,TS,20.00,3.00,WABB 021930Z 02003KT 020V230 9000 TS FEW017CB SCT018 25/25 Q1009 NOSIG RMK CB AT SW AND N
WABB,2023-09-02 20:00,2.49,RA,350.00,5.00,WABB 022000Z 35005KT 170V350 4000 RA FEW017CB SCT018 OVC100 24/24 Q1010 TEMPO +RA RMK CB AT SW
WABB,2023-09-02 20:30,5.59,-RA,360.00,4.00,WABB 022030Z 36004KT 180V360 9000 -RA SCT018 BKN100 24/24 Q1010 NOSIG
WABB,2023-09-02 21:00,5.59,M,0.00,0.00,WABB 022100Z 00000KT 9000 FEW017CB SCT018 BKN100 24/24 Q1010 RERA NOSIG RMK CB AT W
WABB,2023-09-02 21:30,5.59,M,0.00,0.00,WABB 022130Z 00000KT 9000 FEW017CB SCT018 BKN100 24/24 Q1011 NOSIG RMK CB AT W
WABB,2023-09-02 22:00,5.59,M,360.00,4.00,WABB 022200Z 36004KT 180V360 9000 FEW017CB SCT018 BKN100 25/25 Q1011 NOSIG RMK CB AT W
WABB,2023-09-02 22:30,5.59,-RA,360.00,3.00,WABB 022230Z 36003KT 180V360 9000 -RA SCT018 BKN100 25/24 Q1011 TEMPO -RA
WABB,2023-09-02 23:00,5.59,-RA,70.00,4.00,WABB 022300Z 07004KT 200V070 9000 -RA SCT018 BKN100 26/25 Q1011 TEMPO -RA
WABB,2023-09-02 23:30,6.21,M,110.00,2.00,WABB 022330Z 11002KT 9999 SCT018 BKN100 27/25 Q1011 NOSIG
WABB,2023-09-03 00:00,6.21,M,M,2.00,WABB 030000Z VRB02KT 9999 SCT018 SCT100 28/26 Q1011 NOSIG
WABB,2023-09-03 00:30,6.21,M,140.00,3.00,WABB 030030Z 14003KT 9999 SCT018 SCT100 28/25 Q1011 NOSIG
WABB,2023-09-03 01:00,6.21,M,M,2.00,WABB 030100Z VRB02KT 9999 SCT018 SCT100 28/26 Q1011 NOSIG
WABB,2023-09-03 01:30,5.59,VCSH,180.00,3.00,WABB 030130Z 18003KT 090V190 9000 VCSH SCT018 SCT100 29/26 Q1011 NOSIG
WABB,2023-09-03 02:00,1.86,-RA,M,2.00,WABB 030200Z VRB02KT 3000 -RA BKN018 OVC100 28/26 Q1011 TEMPO -RA
WABB,2023-09-03 02:30,4.97,-RA,310.00,4.00,WABB 030230Z 31004KT 140V310 8000 -RA BKN018 OVC100 26/26 Q1010 TEMPO -RA
WABB,2023-09-03 03:00,4.97,-RA,360.00,4.00,WABB 030300Z 36004KT 250V360 8000 -RA BKN018 BKN100 27/26 Q1010 NOSIG
WABB,2023-09-03 03:30,5.59,-RA,40.00,4.00,WABB 030330Z 04004KT 220V040 9000 -RA BKN018 28/26 Q1009 NOSIG
WABB,2023-09-03 04:00,6.21,M,100.00,3.00,WABB 030400Z 10003KT 200V100 9999 SCT018 29/26 Q1009 RERA NOSIG
WABB,2023-09-03 04:30,6.21,M,40.00,3.00,WABB 030430Z 04003KT 240V040 9999 SCT018 SCT100 28/26 Q1009 NOSIG
WABB,2023-09-03 05:00,6.21,M,140.00,3.00,WABB 030500Z 14003KT 9999 SCT018 BKN100 29/26 Q1008 NOSIG
WABB,2023-09-03 05:30,6.21,M,100.00,3.00,WABB 030530Z 10003KT 9999 SCT018 BKN100 29/26 Q1008 NOSIG
WABB,2023-09-03 06:00,6.21,M,110.00,4.00,WABB 030600Z 11004KT 160V100 9999 SCT018 BKN100 28/26 Q1008 NOSIG
WABB,2023-09-03 06:30,6.21,M,90.00,7.00,WABB 030630Z 09007KT 160V090 9999 SCT018 BKN100 28/25 Q1008 NOSIG
WABB,2023-09-03 07:00,6.21,M,60.00,4.00,WABB 030700Z 06004KT 220V060 9999 SCT018 BKN100 29/25 Q1008 NOSIG
WABB,2023-09-03 07:30,6.21,M,110.00,5.00,WABB 030730Z 11005KT 170V110 9999 SCT018 BKN100 29/25 Q1008 NOSIG
WABB,2023-09-03 08:00,6.21,M,90.00,4.00,WABB 030800Z 09004KT 180V090 9999 SCT018 BKN100 28/24 Q1008 NOSIG
WABB,2023-09-03 08:30,6.21,M,60.00,4.00,WABB 030830Z 06004KT 180V060 9999 SCT018 BKN100 28/24 Q1009 NOSIG
WABB,2023-09-03 09:00,6.21,M,M,2.00,WABB 030900Z VRB02KT 9999 SCT018 BKN100 28/25 Q1009 NOSIG
WABB,2023-09-03 09:30,6.21,M,M,2.00,WABB 030930Z VRB02KT 9999 SCT018 BKN100 27/25 Q1009 NOSIG
WABB,2023-09-03 10:00,6.21,M,320.00,3.00,WABB 031000Z 32003KT 140V320 9999 SCT018 BKN100 27/25 Q1009 NOSIG
WABB,2023-09-03 10:30,6.21,M,M,2.00,WABB 031030Z VRB02KT 9999 SCT018 BKN100 26/25 Q1010 NOSIG
WABB,2023-09-03 11:00,6.21,M,M,2.00,WABB 031100Z VRB02KT 9999 SCT018 BKN100 26/25 Q1011 NOSIG
WABB,2023-09-03 11:30,6.21,M,360.00,3.00,WABB 031130Z 36003KT 170V360 9999 SCT018 BKN100 26/25 Q1010 NOSIG
WABB,2023-09-03 12:00,6.21,M,30.00,4.00,WABB 031200Z 03004KT 230V030 9999 SCT018 BKN100 28/25 Q1010 NOSIG
WABB,2023-09-03 12:30,6.21,M,40.00,3.00,WABB 031230Z 04003KT 230V040 9999 SCT018 BKN100 26/25 Q1011 NOSIG
WABB,2023-09-03 13:00,4.97,-RA,0.00,0.00,WABB 031300Z 00000KT 8000 -RA BKN018 BKN100 26/24 Q1011 NOSIG
WABB,2023-09-03 13:30,4.97,-RA,320.00,5.00,WABB 031330Z 32005KT 140V320 8000 -RA BKN018 BKN100 26/24 Q1011 NOSIG
WABB,2023-09-03 14:00,4.97,M,340.00,9.00,WABB 031400Z 34009KT 150V340 8000 BKN018 BKN100 25/23 Q1011 RERA NOSIG
WABB,2023-09-03 14:30,4.97,M,360.00,6.00,WABB 031430Z 36006KT 170V360 8000 BKN018 BKN100 24/23 Q1011 NOSIG
WABB,2023-09-03 15:00,6.21,M,350.00,3.00,WABB 031500Z 35003KT 180V350 9999 SCT018 BKN100 25/23 Q1010 NOSIG
WABB,2023-09-03 15:30,6.21,M,0.00,0.00,WABB 031530Z 00000KT 9999 SCT018 BKN100 24/23 Q1010 NOSIG
WABB,2023-09-03 16:00,6.21,M,300.00,5.00,WABB 031600Z 30005KT 120V300 9999 SCT018 BKN100 24/23 Q1010 NOSIG
WABB,2023-09-03 16:30,6.21,M,320.00,4.00,WABB 031630Z 32004KT 140V320 9999 SCT018 BKN100 25/23 Q1010 NOSIG
WABB,2023-09-03 17:00,4.97,-RA,320.00,4.00,WABB 031700Z 32004KT 140V320 8000 -RA SCT018 OVC100 24/24 Q1010 NOSIG
WABB,2023-09-03 17:30,4.97,-RA,300.00,3.00,WABB 031730Z 30003KT 140V300 8000 -RA SCT018 OVC100 24/23 Q1010 NOSIG
WABB,2023-09-03 18:00,4.97,-RA,M,2.00,WABB 031800Z VRB02KT 8000 -RA SCT018 OVC100 24/23 Q1010 NOSIG
WABB,2023-09-03 18:30,4.97,-RA,M,2.00,WABB 031830Z VRB02KT 8000 -RA SCT018 OVC100 24/24 Q1010 NOSIG
WABB,2023-09-03 19:00,4.97,-RA,M,2.00,WABB 031900Z VRB02KT 8000 -RA SCT018 OVC100 24/24 Q1010 NOSIG
WABB,2023-09-03 19:30,4.97,-RA,M,2.00,WABB 031930Z VRB02KT 8000 -RA SCT018 OVC100 24/24 Q1010 NOSIG
WABB,2023-09-03 20:00,4.97,-RA,30.00,3.00,WABB 032000Z 03003KT 230V030 8000 -RA SCT018 OVC100 24/24 Q1010 NOSIG
WABB,2023-09-03 20:30,4.97,M,50.00,4.00,WABB 032030Z 05004KT 210V050 8000 SCT018 BKN100 25/24 Q1010 RERA NOSIG
WABB,2023-09-03 21:00,6.21,M,M,2.00,WABB 032100Z VRB02KT 9999 SCT018 BKN100 24/24 Q1010 NOSIG
WABB,2023-09-03 21:30,6.21,M,0.00,0.00,WABB 032130Z 00000KT 9999 SCT018 BKN100 24/24 Q1010 NOSIG
WABB,2023-09-03 22:00,6.21,M,M,2.00,WABB 032200Z VRB02KT 9999 SCT018 BKN100 25/24 Q1010 NOSIG
WABB,2023-09-03 22:30,5.59,-RA,320.00,3.00,WABB 032230Z 32003KT 140V320 9000 -RA SCT018 BKN100 25/24 Q1011 NOSIG
WABB,2023-09-03 23:00,5.59,-RA,10.00,3.00,WABB 032300Z 01003KT 010V250 9000 -RA SCT018 BKN100 25/24 Q1011 NOSIG
WABB,2023-09-03 23:30,5.59,-RA,40.00,3.00,WABB 032330Z 04003KT 240V040 9000 -RA SCT018 BKN100 26/25 Q1011 NOSIG
WABB,2023-09-04 00:00,5.59,M,M,2.00,WABB 040000Z VRB02KT 9000 SCT018 BKN100 26/25 Q1011 NOSIG
WABB,2023-09-04 00:30,5.59,M,M,2.00,WABB 040030Z VRB02KT 9000 SCT018 BKN100 27/25 Q1011 NOSIG
WABB,2023-09-04 01:00,5.59,M,0.00,0.00,WABB 040100Z 00000KT 9000 SCT018 BKN100 28/25 Q1011 NOSIG
WABB,2023-09-04 01:30,6.21,M,M,2.00,WABB 040130Z VRB02KT 9999 SCT018 SCT100 28/25 Q1011 NOSIG
WABB,2023-09-04 02:00,6.21,M,200.00,4.00,WABB 040200Z 20004KT 020V200 9999 SCT018 SCT100 28/25 Q1010 NOSIG
WABB,2023-09-04 02:30,6.21,M,160.00,5.00,WABB 040230Z 16005KT 090V160 9999 SCT018 29/25 Q1010 NOSIG
WABB,2023-09-04 03:00,6.21,M,160.00,3.00,WABB 040300Z 16003KT 100V160 9999 SCT018 29/25 Q1009 NOSIG
WABB,2023-09-04 03:30,6.21,M,150.00,4.00,WABB 040330Z 15004KT 9999 SCT018 29/25 Q1009 NOSIG
WABB,2023-09-04 04:00,6.21,M,140.00,8.00,WABB 040400Z 14008KT 9999 SCT018 30/25 Q1009 NOSIG
WABB,2023-09-04 04:30,6.21,M,110.00,8.00,WABB 040430Z 11008KT 9999 SCT018 30/25 Q1008 NOSIG
WABB,2023-09-04 05:00,6.21,M,100.00,8.00,WABB 040500Z 10008KT 160V100 9999 SCT018 30/25 Q1008 NOSIG
WABB,2023-09-04 05:30,4.97,M,290.00,8.00,WABB 040530Z 29008KT 130V290 8000 SCT018 BKN100 28/25 Q1008 NOSIG
WABB,2023-09-04 06:00,4.35,-RA,290.00,9.00,WABB 040600Z 29009KT 110V290 7000 -RA SCT018 BKN100 25/24 Q1008 NOSIG
WABB,2023-09-04 06:30,4.35,-RA,300.00,4.00,WABB 040630Z 30004KT 120V300 7000 -RA SCT018 BKN100 25/25 Q1008 NOSIG
WABB,2023-09-04 07:00,6.21,M,310.00,5.00,WABB 040700Z 31005KT 120V310 9999 SCT018 SCT100 26/25 Q1008 NOSIG
WABB,2023-09-04 07:30,6.21,M,280.00,5.00,WABB 040730Z 28005KT 110V280 9999 SCT018 SCT100 27/25 Q1008 NOSIG
WABB,2023-09-04 08:00,6.21,M,310.00,5.00,WABB 040800Z 31005KT 130V310 9999 SCT018 SCT100 28/25 Q1009 NOSIG
WABB,2023-09-04 08:30,6.21,M,M,2.00,WABB 040830Z VRB02KT 9999 SCT018 SCT100 28/26 Q1009 NOSIG
WABB,2023-09-04 09:00,6.21,M,290.00,3.00,WABB 040900Z 29003KT 120V290 9999 SCT018 SCT100 27/26 Q1009 NOSIG
WABB,2023-09-04 09:30,6.21,M,M,2.00,WABB 040930Z VRB02KT 9999 SCT018 SCT100 27/26 Q1010 NOSIG
WABB,2023-09-04 10:00,5.59,M,M,2.00,WABB 041000Z VRB02KT 9000 SCT018 SCT100 26/26 Q1010 NOSIG
WABB,2023-09-04 10:30,5.59,M,320.00,4.00,WABB 041030Z 32004KT 140V320 9000 SCT018 SCT100 26/25 Q1010 NOSIG
WABB,2023-09-04 11:00,5.59,M,M,2.00,WABB 041100Z VRB02KT 9000 SCT018 SCT100 26/26 Q1011 NOSIG
WABB,2023-09-04 11:30,5.59,M,M,2.00,WABB 041130Z VRB02KT 9000 SCT018 SCT100 26/26 Q1011 NOSIG
WABB,2023-09-04 12:00,5.59,M,0.00,0.00,WABB 041200Z 00000KT 9000 SCT018 SCT100 26/25 Q1011 NOSIG
WABB,2023-09-04 12:30,5.59,M,M,2.00,WABB 041230Z VRB02KT 9000 SCT018 SCT100 26/25 Q1011 NOSIG
WABB,2023-09-04 13:00,5.59,M,M,2.00,WABB 041300Z VRB02KT 9000 SCT018 SCT100 25/25 Q1011 NOSIG
WABB,2023-09-04 13:30,5.59,M,20.00,3.00,WABB 041330Z 02003KT 020V250 9000 SCT018 SCT100 25/25 Q1011 NOSIG
WABB,2023-09-04 14:00,5.59,M,M,2.00,WABB 041400Z VRB02KT 9000 SCT018 SCT100 25/25 Q1011 NOSIG
WABB,2023-09-04 14:30,5.59,M,M,2.00,WABB 041430Z VRB02KT 9000 SCT018 SCT100 25/24 Q1011 NOSIG
WABB,2023-09-04 15:00,5.59,M,M,2.00,WABB 041500Z VRB02KT 9000 SCT018 SCT100 25/24 Q1010 NOSIG
WABB,2023-09-04 15:30,5.59,M,M,2.00,WABB 041530Z VRB02KT 9000 SCT018 SCT100 25/24 Q1010 NOSIG
WABB,2023-09-04 16:00,5.59,M,M,2.00,WABB 041600Z VRB02KT 9000 SCT018 SCT100 25/24 Q1010 NOSIG
WABB,2023-09-04 16:30,5.59,M,90.00,6.00,WABB 041630Z 09006KT 180V090 9000 SCT018 SCT100 26/25 Q1009 NOSIG
WABB,2023-09-04 17:00,5.59,M,40.00,3.00,WABB 041700Z 04003KT 230V040 9000 SCT018 SCT100 25/24 Q1009 NOSIG
WABB,2023-09-04 17:30,5.59,M,40.00,3.00,WABB 041730Z 04003KT 230V040 9000 SCT018 SCT100 25/24 Q1009 NOSIG
WABB,2023-09-04 18:00,5.59,M,90.00,4.00,WABB 041800Z 09004KT 160V090 9000 SCT018 SCT100 26/25 Q1009 NOSIG
WABB,2023-09-04 18:30,5.59,M,50.00,4.00,WABB 041830Z 05004KT 220V050 9000 SCT018 BKN100 26/25 Q1009 NOSIG
WABB,2023-09-04 19:00,5.59,M,20.00,5.00,WABB 041900Z 02005KT 020V260 9000 SCT018 BKN100 26/25 Q1009 NOSIG
WABB,2023-09-04 19:30,5.59,M,40.00,3.00,WABB 041930Z 04003KT 240V040 9000 SCT018 BKN100 26/25 Q1009 NOSIG
WABB,2023-09-04 20:00,5.59,M,40.00,4.00,WABB 042000Z 04004KT 230V040 9000 SCT018 BKN100 26/25 Q1010 NOSIG
WABB,2023-09-04 20:30,5.59,M,40.00,4.00,WABB 042030Z 04004KT 230V040 9000 SCT018 BKN100 25/24 Q1009 NOSIG
WABB,2023-09-04 21:00,5.59,M,50.00,3.00,WABB 042100Z 05003KT 220V050 9000 SCT018 BKN100 25/24 Q1010 NOSIG
WABB,2023-09-04 21:30,5.59,M,30.00,4.00,WABB 042130Z 03004KT 030V240 9000 SCT018 BKN100 25/24 Q1010 NOSIG
WABB,2023-09-04 22:00,5.59,M,50.00,4.00,WABB 042200Z 05004KT 210V050 9000 SCT018 BKN100 26/25 Q1011 NOSIG
WABB,2023-09-04 22:30,5.59,M,60.00,4.00,WABB 042230Z 06004KT 200V060 9000 SCT018 BKN100 27/26 Q1011 NOSIG
WABB,2023-09-04 23:00,5.59,M,100.00,4.00,WABB 042300Z 10004KT 180V100 9000 SCT018 BKN100 28/25 Q1011 NOSIG
WABB,2023-09-04 23:30,5.59,M,100.00,7.00,WABB 042330Z 10007KT 160V100 9000 SCT018 BKN100 28/26 Q1012 NOSIG
WABB,2023-09-05 00:00,5.59,M,100.00,9.00,WABB 050000Z 10009KT 160V100 9000 FEW018 BKN100 29/26 Q1012 NOSIG
WABB,2023-09-05 00:30,5.59,M,110.00,7.00,WABB 050030Z 11007KT 170V110 9000 FEW018 BKN100 29/25 Q1011 NOSIG
WABB,2023-09-05 01:00,5.59,M,110.00,8.00,WABB 050100Z 11008KT 9000 FEW018 BKN100 29/26 Q1011 NOSIG
WABB,2023-09-05 01:30,6.21,M,100.00,9.00,WABB 050130Z 10009KT 160V100 9999 SCT018 30/26 Q1011 NOSIG
WABB,2023-09-05 02:00,4.97,VCSH,120.00,10.00,WABB 050200Z 12010KT 160V100 8000 VCSH SCT018 SCT100 29/26 Q1010 NOSIG
WABB,2023-09-05 02:30,5.59,VCSH,130.00,5.00,WABB 050230Z 13005KT 9000 VCSH SCT018 30/24 Q1010 NOSIG
WABB,2023-09-05 03:00,4.97,VCSH,60.00,7.00,WABB 050300Z 06007KT 180V060 8000 VCSH SCT018 SCT100 30/25 Q1010 NOSIG
WABB,2023-09-05 03:30,4.97,VCSH,360.00,9.00,WABB 050330Z 36009KT 260V360 8000 VCSH BKN018 OVC100 29/25 Q1010 NOSIG
WABB,2023-09-05 04:00,5.59,-RA,340.00,7.00,WABB 050400Z 34007KT 180V340 9000 -RA SCT018 28/25 Q1009 NOSIG
WABB,2023-09-05 04:30,5.59,M,300.00,4.00,WABB 050430Z 30004KT 140V300 9000 FEW017CB SCT018 30/26 Q1009 NOSIG RMK CB AT NW
WABB,2023-09-05 05:00,2.49,-RA,20.00,8.00,WABB 050500Z 02008KT 020V240 4000 -RA FEW017CB SCT018 30/25 Q1009 RESHRA NOSIG RMK CB AT NW
WABB,2023-09-05 05:30,2.49,M,360.00,5.00,WABB 050530Z 36005KT 160V360 4000 SCT018 28/26 Q1008 NOSIG
WABB,2023-09-05 06:00,2.49,M,340.00,4.00,WABB 050600Z 34004KT 260V340 4000 SCT018 30/25 Q1008 NOSIG
WABB,2023-09-05 06:30,2.49,M,10.00,5.00,WABB 050630Z 01005KT 010V260 4000 SCT018 30/25 Q1008 NOSIG
WABB,2023-09-05 07:00,4.97,VCSH,290.00,12.00,WABB 050700Z 29012KT 110V290 8000 VCSH SCT018 28/25 Q1008 NOSIG
WABB,2023-09-05 07:30,5.59,VCSH,270.00,5.00,WABB 050730Z 27005KT 100V270 9000 VCSH SCT018 28/25 Q1008 NOSIG
WABB,2023-09-05 08:00,6.21,M,280.00,4.00,WABB 050800Z 28004KT 100V280 9999 SCT018 28/25 Q1008 NOSIG
WABB,2023-09-05 08:30,6.21,M,M,2.00,WABB 050830Z VRB02KT 9999 SCT018 28/25 Q1008 NOSIG
WABB,2023-09-05 09:00,6.21,M,270.00,3.00,WABB 050900Z 27003KT 9999 SCT018 28/25 Q1008 NOSIG
WABB,2023-09-05 09:30,6.21,M,300.00,3.00,WABB 050930Z 30003KT 150V300 9999 SCT018 27/26 Q1010 NOSIG
WABB,2023-09-05 10:00,6.21,M,M,2.00,WABB 051000Z VRB02KT 9999 SCT018 27/26 Q1010 NOSIG
WABB,2023-09-05 10:30,6.21,M,0.00,0.00,WABB 051030Z 00000KT 9999 SCT018 26/25 Q1010 NOSIG
WABB,2023-09-05 11:00,6.21,M,0.00,0.00,WABB 051100Z 00000KT 9999 SCT018 27/25 Q1011 NOSIG
WABB,2023-09-05 11:30,6.21,M,M,2.00,WABB 051130Z VRB02KT 9999 SCT018 26/25 Q1011 NOSIG
WABB,2023-09-05 12:00,6.21,M,M,2.00,WABB 051200Z VRB02KT 9999 SCT018 26/25 Q1011 NOSIG
WABB,2023-09-05 12:30,6.21,M,330.00,4.00,WABB 051230Z 33004KT 150V330 9999 SCT018 25/25 Q1011 NOSIG
WABB,2023-09-05 13:00,6.21,M,0.00,0.00,WABB 051300Z 00000KT 9999 SCT018 25/25 Q1011 NOSIG
WABB,2023-09-05 13:30,6.21,M,M,2.00,WABB 051330Z VRB02KT 9999 SCT018 25/24 Q1011 NOSIG
WABB,2023-09-05 14:00,6.21,M,M,2.00,WABB 051400Z VRB02KT 9999 SCT018 25/24 Q1011 NOSIG
WABB,2023-09-05 14:30,6.21,M,M,2.00,WABB 051430Z VRB02KT 9999 SCT018 25/24 Q1011 NOSIG
WABB,2023-09-05 15:00,6.21,M,M,2.00,WABB 051500Z VRB02KT 9999 SCT018 25/24 Q1011 NOSIG
WABB,2023-09-05 15:30,6.21,M,M,2.00,WABB 051530Z VRB02KT 9999 SCT018 25/24 Q1010 NOSIG
WABB,2023-09-05 16:00,6.21,M,M,2.00,WABB 051600Z VRB02KT 9999 SCT018 25/24 Q1010 NOSIG
WABB,2023-09-05 16:30,6.21,M,M,2.00,WABB 051630Z VRB02KT 9999 SCT018 25/24 Q1010 NOSIG
WABB,2023-09-05 17:00,6.21,M,330.00,3.00,WABB 051700Z 33003KT 150V330 9999 SCT018 25/24 Q1010 NOSIG
WABB,2023-09-05 17:30,6.21,M,M,2.00,WABB 051730Z VRB02KT 9999 SCT018 25/24 Q1010 NOSIG
WABB,2023-09-05 18:00,6.21,M,340.00,4.00,WABB 051800Z 34004KT 160V340 9999 FEW018 25/24 Q1009 NOSIG
WABB,2023-09-05 18:30,6.21,M,M,2.00,WABB 051830Z VRB02KT 9999 FEW018 25/24 Q1010 NOSIG
WABB,2023-09-05 19:00,6.21,M,40.00,3.00,WABB 051900Z 04003KT 230V040 9999 FEW018 25/24 Q1009 NOSIG
WABB,2023-09-05 19:30,6.21,M,40.00,3.00,WABB 051930Z 04003KT 220V040 9999 FEW018 25/24 Q1010 NOSIG
WABB,2023-09-05 20:00,6.21,M,310.00,4.00,WABB 052000Z 31004KT 130V310 9999 FEW018 25/24 Q1010 NOSIG
WABB,2023-09-05 20:30,6.21,M,330.00,3.00,WABB 052030Z 33003KT 150V330 9999 FEW018 25/24 Q1010 NOSIG
WABB,2023-09-05 21:00,6.21,M,300.00,4.00,WABB 052100Z 30004KT 110V300 9999 FEW018 25/24 Q1010 NOSIG
WABB,2023-09-05 21:30,6.21,M,M,2.00,WABB 052130Z VRB02KT 9999 FEW018 25/24 Q1010 NOSIG
WABB,2023-09-05 22:00,6.21,M,300.00,4.00,WABB 052200Z 30004KT 130V300 9999 FEW018 26/25 Q1010 NOSIG
WABB,2023-09-05 22:30,6.21,M,290.00,4.00,WABB 052230Z 29004KT 100V290 9999 FEW018 28/25 Q1011 NOSIG
WABB,2023-09-06 00:00,6.21,M,220.00,3.00,WABB 060000Z 22003KT 060V220 9999 SCT018 28/26 Q1012 NOSIG
WABB,2023-09-06 00:30,6.21,M,210.00,6.00,WABB 060030Z 21006KT 030V210 9999 SCT018 29/25 Q1011 NOSIG
WABB,2023-09-06 01:00,6.21,M,200.00,3.00,WABB 060100Z 20003KT 030V200 9999 SCT018 29/26 Q1011 NOSIG
WABB,2023-09-06 01:30,5.59,M,200.00,5.00,WABB 060130Z 20005KT 020V200 9000 SCT018 29/25 Q1011 NOSIG
WABB,2023-09-06 02:00,5.59,-RA,M,2.00,WABB 060200Z VRB02KT 9000 -RA SCT018 SCT100 29/26 Q1011 NOSIG
WABB,2023-09-06 02:30,4.97,-RA,20.00,6.00,WABB 060230Z 02006KT 020V260 8000 -RA SCT018 SCT100 26/24 Q1011 NOSIG
WABB,2023-09-06 03:00,3.73,-RA,230.00,3.00,WABB 060300Z 23003KT 070V230 6000 -RA FEW017CB SCT018 BKN100 25/24 Q1011 TEMPO FR0245 TL0330 RA RMK CB AT W
WABB,2023-09-06 03:30,6.21,M,M,2.00,WABB 060330Z VRB02KT 9999 FEW017CB SCT018 SCT100 26/25 Q1010 RERA NOSIG RMK CB AT W
WABB,2023-09-06 04:00,6.21,M,180.00,3.00,WABB 060400Z 18003KT 090V180 9999 FEW017CB SCT018 SCT100 28/25 Q1010 NOSIG RMK CB AT N
WABB,2023-09-06 05:00,6.21,M,220.00,4.00,WABB 060500Z 22004KT 080V220 9999 FEW017CB SCT018 SCT100 28/25 Q1009 NOSIG RMK CB AT W
WABB,2023-09-06 05:30,6.21,M,220.00,7.00,WABB 060530Z 22007KT 040V220 9999 FEW017CB SCT018 SCT100 28/25 Q1009 NOSIG RMK CB AT W
WABB,2023-09-06 06:00,5.59,M,220.00,8.00,WABB 060600Z 22008KT 030V220 9000 FEW017CB SCT018 BKN100 27/25 Q1009 NOSIG RMK CB AT W
WABB,2023-09-06 06:30,5.59,M,220.00,6.00,WABB 060630Z 22006KT 040V220 9000 FEW017CB SCT018 BKN100 26/25 Q1009 NOSIG RMK CB AT W
WABB,2023-09-06 07:00,5.59,M,260.00,7.00,WABB 060700Z 26007KT 060V260 9000 SCT018 BKN100 26/25 Q1009 NOSIG
WABB,2023-09-06 07:30,5.59,M,270.00,4.00,WABB 060730Z 27004KT 100V270 9000 SCT018 BKN100 26/25 Q1009 NOSIG
WABB,2023-09-06 08:00,5.59,M,320.00,4.00,WABB 060800Z 32004KT 140V320 9000 SCT018 BKN100 27/25 Q1009 NOSIG
WABB,2023-09-06 08:30,5.59,M,340.00,4.00,WABB 060830Z 34004KT 150V340 9000 SCT018 SCT100 26/25 Q1009 NOSIG
WABB,2023-09-06 09:00,5.59,M,M,2.00,WABB 060900Z VRB02KT 9000 SCT018 SCT100 26/25 Q1009 NOSIG
WABB,2023-09-06 09:30,5.59,M,310.00,3.00,WABB 060930Z 31003KT 120V310 9000 SCT018 SCT100 26/25 Q1010 NOSIG
WABB,2023-09-06 10:00,5.59,M,340.00,3.00,WABB 061000Z 34003KT 160V340 9000 SCT018 SCT100 26/25 Q1010 NOSIG
WABB,2023-09-06 10:30,5.59,M,0.00,0.00,WABB 061030Z 00000KT 9000 SCT018 SCT100 26/25 Q1010 NOSIG
WABB,2023-09-06 11:00,6.21,M,40.00,3.00,WABB 061100Z 04003KT 230V040 9999 SCT018 25/25 Q1011 NOSIG
WABB,2023-09-06 12:00,6.21,M,M,2.00,WABB 061200Z VRB02KT 9999 SCT018 25/24 Q1011 NOSIG
WABB,2023-09-06 12:30,6.21,M,M,2.00,WABB 061230Z VRB02KT 9999 SCT018 25/24 Q1012 NOSIG
WABB,2023-09-06 13:00,6.21,M,M,2.00,WABB 061300Z VRB02KT 9999 SCT018 25/24 Q1012 NOSIG
WABB,2023-09-06 13:30,6.21,M,M,2.00,WABB 061330Z VRB02KT 9999 SCT018 24/24 Q1011 NOSIG
WABB,2023-09-06 14:00,6.21,M,M,2.00,WABB 061400Z VRB02KT 9999 SCT018 24/24 Q1011 NOSIG
WABB,2023-09-06 14:30,6.21,M,M,2.00,WABB 061430Z VRB02KT 9999 SCT018 24/24 Q1011 NOSIG
WABB,2023-09-06 15:00,6.21,M,M,2.00,WABB 061500Z VRB02KT 9999 SCT018 25/24 Q1011 NOSIG
WABB,2023-09-06 15:30,6.21,M,M,2.00,WABB 061530Z VRB02KT 9999 SCT018 24/24 Q1011 NOSIG
WABB,2023-09-06 16:00,6.21,M,0.00,0.00,WABB 061600Z 00000KT 9999 SCT018 SCT100 25/24 Q1010 NOSIG
WABB,2023-09-06 16:30,6.21,M,300.00,3.00,WABB 061630Z 30003KT 120V300 9999 SCT018 SCT100 25/24 Q1010 NOSIG
WABB,2023-09-06 17:00,6.21,M,M,2.00,WABB 061700Z VRB02KT 9999 SCT018 SCT100 25/24 Q1010 NOSIG
WABB,2023-09-06 17:30,6.21,M,310.00,3.00,WABB 061730Z 31003KT 120V310 9999 SCT018 SCT100 25/24 Q1010 NOSIG
WABB,2023-09-06 18:00,6.21,M,30.00,2.00,WABB 061800Z 03002KT 9999 SCT018 BKN100 25/25 Q1010 NOSIG
WABB,2023-09-06 18:30,6.21,M,M,2.00,WABB 061830Z VRB02KT 9999 SCT018 BKN100 25/25 Q1010 NOSIG
WABB,2023-09-06 19:00,6.21,M,M,2.00,WABB 061900Z VRB02KT 9999 SCT018 SCT100 25/24 Q1010 NOSIG
WABB,2023-09-06 19:30,6.21,M,0.00,0.00,WABB 061930Z 00000KT 9999 SCT018 BKN100 25/24 Q1010 NOSIG
WABB,2023-09-06 20:00,6.21,M,30.00,3.00,WABB 062000Z 03003KT 030V250 9999 SCT018 BKN100 25/24 Q1010 NOSIG
WABB,2023-09-06 20:30,5.59,-RA,M,2.00,WABB 062030Z VRB02KT 9000 -RA BKN018 BKN100 25/24 Q1010 NOSIG
WABB,2023-09-06 21:00,5.59,-RA,300.00,3.00,WABB 062100Z 30003KT 120V300 9000 -RA BKN018 BKN100 25/24 Q1010 NOSIG
WABB,2023-09-06 21:30,5.59,M,0.00,0.00,WABB 062130Z 00000KT 9000 BKN018 BKN100 25/24 Q1011 RERA NOSIG
WABB,2023-09-06 22:00,5.59,M,M,2.00,WABB 062200Z VRB02KT 9000 BKN018 26/25 Q1011 NOSIG
WABB,2023-09-06 22:30,6.21,M,M,2.00,WABB 062230Z VRB02KT 9999 FEW018 BKN100 28/25 Q1011 NOSIG
WABB,2023-09-06 23:00,6.21,M,270.00,3.00,WABB 062300Z 27003KT 080V270 9999 FEW018 SCT100 28/25 Q1011 NOSIG
WABB,2023-09-06 23:30,6.21,M,240.00,6.00,WABB 062330Z 24006KT 060V240 9999 FEW018 SCT100 29/25 Q1012 NOSIG
WABB,2023-09-07 00:00,6.21,M,220.00,4.00,WABB 070000Z 22004KT 050V220 9999 FEW018 SCT100 29/25 Q1012 NOSIG
WABB,2023-09-07 00:30,6.21,M,240.00,5.00,WABB 070030Z 24005KT 070V240 9999 FEW018 SCT100 30/25 Q1012 NOSIG
WABB,2023-09-07 01:00,6.21,M,220.00,4.00,WABB 070100Z 22004KT 040V220 9999 FEW018 SCT100 29/25 Q1012 NOSIG
WABB,2023-09-07 01:30,6.21,M,230.00,6.00,WABB 070130Z 23006KT 050V230 9999 FEW018 SCT100 30/25 Q1011 NOSIG
WABB,2023-09-07 02:00,6.21,M,240.00,6.00,WABB 070200Z 24006KT 050V240 9999 SCT018 SCT100 30/26 Q1011 NOSIG
WABB,2023-09-07 02:30,6.21,M,250.00,6.00,WABB 070230Z 25006KT 050V250 9999 SCT018 SCT100 30/25 Q1011 NOSIG
WABB,2023-09-07 03:00,6.21,M,230.00,9.00,WABB 070300Z 23009KT 050V230 9999 SCT018 SCT100 30/26 Q1010 NOSIG
WABB,2023-09-07 03:30,6.21,M,260.00,6.00,WABB 070330Z 26006KT 060V260 9999 SCT018 SCT100 30/26 Q1010 NOSIG
WABB,2023-09-07 04:00,6.21,TS,320.00,11.00,WABB 070400Z 32011KT 130V320 9999 TS FEW017CB SCT018 SCT100 28/24 Q1010 NOSIG RMK CB AT NW
WABB,2023-09-07 04:30,4.97,M,290.00,7.00,WABB 070430Z 29007KT 110V290 8000 FEW017CB SCT018 BKN100 28/25 Q1009 RETS NOSIG RMK CB AT W
WABB,2023-09-07 05:00,4.97,M,330.00,6.00,WABB 070500Z 33006KT 130V330 8000 FEW017CB SCT018 BKN100 28/25 Q1009 NOSIG RMK CB AT W
WABB,2023-09-07 05:30,6.21,M,280.00,6.00,WABB 070530Z 28006KT 100V280 9999 SCT018 BKN100 28/24 Q1009 NOSIG
WABB,2023-09-07 06:00,6.21,M,290.00,6.00,WABB 070600Z 29006KT 120V290 9999 SCT018 BKN100 29/25 Q1008 NOSIG
WABB,2023-09-07 06:30,6.21,M,330.00,9.00,WABB 070630Z 33009KT 140V330 9999 SCT018 BKN100 28/25 Q1008 NOSIG
WABB,2023-09-07 07:00,6.21,M,320.00,5.00,WABB 070700Z 32005KT 320V100 9999 SCT018 BKN100 29/25 Q1008 NOSIG
WABB,2023-09-07 07:30,6.21,M,280.00,5.00,WABB 070730Z 28005KT 110V280 9999 SCT018 BKN100 29/24 Q1008 NOSIG
WABB,2023-09-07 08:00,6.21,M,260.00,7.00,WABB 070800Z 26007KT 070V260 9999 SCT018 BKN100 29/25 Q1008 NOSIG
WABB,2023-09-07 08:30,6.21,M,290.00,3.00,WABB 070830Z 29003KT 100V290 9999 SCT018 BKN100 29/25 Q1008 NOSIG
WABB,2023-09-07 09:00,6.21,M,M,2.00,WABB 070900Z VRB02KT 9999 SCT018 BKN100 28/24 Q1009 NOSIG
WABB,2023-09-07 09:30,6.21,M,M,2.00,WABB 070930Z VRB02KT 9999 SCT018 BKN100 28/25 Q1009 NOSIG
WABB,2023-09-07 10:00,6.21,M,M,2.00,WABB 071000Z VRB02KT 9999 SCT018 BKN100 27/25 Q1010 NOSIG
WABB,2023-09-07 10:30,6.21,M,M,2.00,WABB 071030Z VRB02KT 9999 SCT018 BKN100 27/25 Q1010 NOSIG
WABB,2023-09-07 11:00,6.21,M,M,2.00,WABB 071100Z VRB02KT 9999 FEW018 BKN100 26/25 Q1010 NOSIG
WABB,2023-09-07 11:30,6.21,M,330.00,3.00,WABB 071130Z 33003KT 150V330 9999 FEW018 BKN100 26/25 Q1010 NOSIG
WABB,2023-09-07 12:00,6.21,M,320.00,3.00,WABB 071200Z 32003KT 130V320 9999 FEW018 BKN100 26/25 Q1010 NOSIG
WABB,2023-09-07 12:30,6.21,M,M,2.00,WABB 071230Z VRB02KT 9999 FEW018 BKN100 26/25 Q1010 NOSIG
WABB,2023-09-07 13:00,6.21,M,0.00,0.00,WABB 071300Z 00000KT 9999 FEW018 BKN100 26/24 Q1011 NOSIG
WABB,2023-09-07 13:30,6.21,M,M,2.00,WABB 071330Z VRB02KT 9999 FEW018 BKN100 26/24 Q1011 NOSIG
WABB,2023-09-07 14:00,6.21,M,10.00,3.00,WABB 071400Z 01003KT 010V260 9999 FEW018 BKN100 25/24 Q1011 NOSIG
WABB,2023-09-07 14:30,6.21,M,M,2.00,WABB 071430Z VRB02KT 9999 FEW018 BKN100 25/24 Q1011 NOSIG
WABB,2023-09-07 15:00,6.21,M,360.00,3.00,WABB 071500Z 36003KT 260V360 9999 FEW018 BKN100 25/24 Q1011 NOSIG
WABB,2023-09-07 15:30,6.21,M,M,2.00,WABB 071530Z VRB02KT 9999 FEW018 BKN100 25/24 Q1010 NOSIG
WABB,2023-09-07 16:00,6.21,M,M,2.00,WABB 071600Z VRB02KT 9999 FEW018 BKN100 25/24 Q1010 NOSIG
WABB,2023-09-07 16:30,6.21,M,M,2.00,WABB 071630Z VRB02KT 9999 FEW018 BKN100 25/24 Q1010 NOSIG
WABB,2023-09-07 17:00,6.21,TS,M,2.00,WABB 071700Z VRB02KT 9999 TS FEW017CB FEW018 BKN100 25/24 Q1010 NOSIG RMK CB AT NE
WABB,2023-09-07 17:30,6.21,TS,320.00,3.00,WABB 071730Z 32003KT 140V320 9999 TS FEW017CB FEW018 BKN100 26/24 Q1010 NOSIG RMK CB AT NE
WABB,2023-09-07 18:00,6.21,TS,330.00,3.00,WABB 071800Z 33003KT 150V330 9999 TS FEW017CB FEW018 BKN100 25/24 Q1010 NOSIG RMK CB AT NE
WABB,2023-09-07 18:30,5.59,-RA,310.00,3.00,WABB 071830Z 31003KT 140V310 9000 -RA FEW018 BKN100 26/24 Q1009 NOSIG
WABB,2023-09-07 19:00,6.21,M,10.00,3.00,WABB 071900Z 01003KT 010V260 9999 FEW018 BKN100 25/23 Q1010 NOSIG
WABB,2023-09-07 19:30,6.21,M,360.00,3.00,WABB 071930Z 36003KT 180V360 9999 FEW018 BKN100 25/23 Q1009 NOSIG
WABB,2023-09-07 20:00,6.21,M,360.00,3.00,WABB 072000Z 36003KT 260V360 9999 FEW018 BKN100 25/23 Q1010 NOSIG
WABB,2023-09-07 20:30,6.21,M,M,2.00,WABB 072030Z VRB02KT 9999 FEW018 BKN100 25/23 Q1010 NOSIG
WABB,2023-09-07 21:00,6.21,M,10.00,3.00,WABB 072100Z 01003KT 010V260 9999 FEW018 25/23 Q1010 NOSIG
WABB,2023-09-07 21:30,6.21,M,0.00,0.00,WABB 072130Z 00000KT 9999 FEW018 25/24 Q1011 NOSIG
WABB,2023-09-07 22:00,6.21,M,310.00,3.00,WABB 072200Z 31003KT 130V310 9999 FEW018 27/25 Q1011 NOSIG
WABB,2023-09-07 22:30,6.21,M,300.00,3.00,WABB 072230Z 30003KT 110V300 9999 FEW018 28/25 Q1011 NOSIG
WABB,2023-09-07 23:00,6.21,M,M,2.00,WABB 072300Z VRB02KT 9999 SCT018 28/25 Q1011 NOSIG
WABB,2023-09-07 23:30,6.21,M,170.00,3.00,WABB 072330Z 17003KT 110V170 9999 SCT018 28/26 Q1012 NOSIG
WABB,2023-09-08 00:00,6.21,M,M,2.00,WABB 080000Z VRB02KT 9999 SCT018 29/26 Q1012 NOSIG
WABB,2023-09-08 00:30,6.21,M,200.00,5.00,WABB 080030Z 20005KT 040V200 9999 SCT018 30/26 Q1012 NOSIG
WABB,2023-09-08 01:00,6.21,M,M,2.00,WABB 080100Z VRB02KT 9999 SCT018 29/26 Q1011 NOSIG
WABB,2023-09-08 01:30,6.21,M,230.00,5.00,WABB 080130Z 23005KT 050V230 9999 SCT018 30/26 Q1011 NOSIG
WABB,2023-09-08 02:00,6.21,M,230.00,5.00,WABB 080200Z 23005KT 060V230 9999 SCT018 30/26 Q1011 NOSIG
WABB,2023-09-08 02:30,6.21,M,220.00,8.00,WABB 080230Z 22008KT 050V220 9999 SCT018 30/26 Q1010 NOSIG
WABB,2023-09-08 03:00,6.21,M,240.00,7.00,WABB 080300Z 24007KT 050V240 9999 SCT018 29/26 Q1010 NOSIG
WABB,2023-09-08 03:30,6.21,M,250.00,6.00,WABB 080330Z 25006KT 060V250 9999 SCT018 29/26 Q1009 NOSIG
WABB,2023-09-08 04:00,6.21,VCSH,250.00,7.00,WABB 080400Z 25007KT 080V250 9999 VCSH FEW018CB 30/26 Q1009 NOSIG RMK CB AT NW
WABB,2023-09-08 04:30,6.21,VCSH,250.00,8.00,WABB 080430Z 25008KT 060V250 9999 VCSH FEW018CB 30/26 Q1009 NOSIG RMK CB AT NW
WABB,2023-09-08 05:00,6.21,VCSH,270.00,7.00,WABB 080500Z 27007KT 080V270 9999 VCSH FEW018CB 30/26 Q1008 NOSIG RMK CB AT NW
WABB,2023-09-08 05:30,6.21,VCSH,240.00,4.00,WABB 080530Z 24004KT 070V240 9999 VCSH FEW018CB 29/25 Q1008 NOSIG RMK CB AT NW
WABB,2023-09-08 06:00,6.21,M,270.00,5.00,WABB 080600Z 27005KT 080V270 9999 FEW018 29/26 Q1008 NOSIG
WABB,2023-09-08 06:30,6.21,M,M,2.00,WABB 080630Z VRB02KT 9999 FEW018 29/25 Q1008 NOSIG
WABB,2023-09-08 07:00,6.21,M,230.00,5.00,WABB 080700Z 23005KT 080V230 9999 FEW018 29/25 Q1008 NOSIG
WABB,2023-09-08 07:30,6.21,M,250.00,6.00,WABB 080730Z 25006KT 090V250 9999 FEW018 29/25 Q1008 NOSIG
WABB,2023-09-08 08:00,6.21,-RA,290.00,9.00,WABB 080800Z 29009KT 120V290 9999 -RA FEW018CB 29/25 Q1008 NOSIG RMK CB AT W
WABB,2023-09-08 08:30,6.21,-RA,350.00,9.00,WABB 080830Z 35009KT 160V350 9999 -RA FEW018CB 27/26 Q1008 NOSIG RMK CB AT W
WABB,2023-09-08 09:00,6.21,-RA,M,2.00,WABB 080900Z VRB02KT 9999 -RA FEW018CB 27/26 Q1009 NOSIG RMK CB AT W
WABB,2023-09-08 09:30,6.21,-RA,10.00,3.00,WABB 080930Z 01003KT 010V260 9999 -RA FEW018CB 26/26 Q1009 NOSIG RMK CB AT W
WABB,2023-09-08 11:30,6.21,M,340.00,3.00,WABB 081130Z 34003KT 160V340 9999 FEW018 26/26 Q1011 NOSIG
WABB,2023-09-08 12:00,6.21,M,60.00,3.00,WABB 081200Z 06003KT 210V060 9999 FEW018 26/26 Q1011 NOSIG
WABB,2023-09-08 12:30,6.21,M,300.00,3.00,WABB 081230Z 30003KT 120V300 9999 FEW018 26/25 Q1011 NOSIG
WABB,2023-09-08 13:00,6.21,M,320.00,5.00,WABB 081300Z 32005KT 150V320 9999 FEW018 26/25 Q1011 NOSIG
WABB,2023-09-08 13:30,6.21,M,320.00,3.00,WABB 081330Z 32003KT 150V320 9999 FEW018 26/25 Q1011 NOSIG
WABB,2023-09-08 14:00,6.21,M,M,2.00,WABB 081400Z VRB02KT 9999 FEW018 26/25 Q1011 NOSIG
WABB,2023-09-08 14:30,6.21,M,310.00,3.00,WABB 081430Z 31003KT 140V310 9999 FEW018 26/26 Q1011 NOSIG
WABB,2023-09-08 15:00,6.21,M,M,2.00,WABB 081500Z VRB02KT 9999 FEW018CB SCT018 26/25 Q1010 NOSIG RMK CB AT S TCU AT NORTH EAST
WABB,2023-09-08 15:30,6.21,VCTS,330.00,3.00,WABB 081530Z 33003KT 140V330 9999 VCTS FEW018CB SCT018 26/26 Q1010 NOSIG RMK CB AT S TCU AT NORTH EAST
WABB,2023-09-08 16:00,6.21,VCTS,M,2.00,WABB 081600Z VRB02KT 9999 VCTS FEW018CB SCT018 26/25 Q1010 NOSIG RMK CB AT S TCU AT NORTH EAST
WABB,2023-09-08 16:30,6.21,VCTS,300.00,4.00,WABB 081630Z 30004KT 140V300 9999 VCTS FEW018CB SCT018 26/25 Q1009 NOSIG RMK CB AT E AND S
WABB,2023-09-08 17:00,6.21,VCTS,M,2.00,WABB 081700Z VRB02KT 9999 VCTS FEW018CB SCT018 26/26 Q1009 NOSIG RMK CB AT E AND S
WABB,2023-09-08 17:30,6.21,VCTS,60.00,7.00,WABB 081730Z 06007KT 210V060 9999 VCTS FEW018CB SCT018 27/25 Q1009 NOSIG RMK CB AT E AND S
WABB,2023-09-08 18:00,6.21,-TSRA,70.00,3.00,WABB 081800Z 07003KT 190V070 9999 -TSRA FEW018CB SCT018 26/25 Q1009 TEMPO -TSRA RMK CB OVER THE FIELD
WABB,2023-09-08 18:30,6.21,-RA,100.00,4.00,WABB 081830Z 10004KT 180V100 9999 -RA FEW018CB SCT018 26/25 Q1009 RETS TEMPO RA RMK CB OVER THE FIELD
WABB,2023-09-08 19:00,6.21,-RA,M,2.00,WABB 081900Z VRB02KT 9999 -RA FEW018CB SCT018 26/24 Q1009 TEMPO RA RMK CB OVER THE FIELD
WABB,2023-09-08 19:30,6.21,-RA,M,2.00,WABB 081930Z VRB02KT 9999 -RA FEW018CB SCT018 25/24 Q1009 TEMPO RA RMK CB OVER THE FIELD
WABB,2023-09-08 20:00,6.21,-RA,M,2.00,WABB 082000Z VRB02KT 9999 -RA FEW018CB SCT018 24/24 Q1009 TEMPO RA RMK CB OVER THE FIELD
WABB,2023-09-08 20:30,6.21,M,330.00,4.00,WABB 082030Z 33004KT 140V330 9999 SCT018 24/24 Q1010 RERA NOSIG
WABB,2023-09-08 21:00,6.21,M,M,2.00,WABB 082100Z VRB02KT 9999 SCT018 24/24 Q1010 NOSIG
WABB,2023-09-08 21:30,6.21,M,M,2.00,WABB 082130Z VRB02KT 9999 SCT018 25/24 Q1010 NOSIG
WABB,2023-09-08 22:00,6.21,M,310.00,3.00,WABB 082200Z 31003KT 140V310 9999 SCT018 25/25 Q1011 NOSIG
WABB,2023-09-08 22:30,6.21,M,330.00,4.00,WABB 082230Z 33004KT 140V330 9999 SCT018 26/25 Q1011 NOSIG
WABB,2023-09-08 23:00,6.21,M,260.00,11.00,WABB 082300Z 26011KT 080V260 9999 BKN018 26/25 Q1011 NOSIG
WABB,2023-09-08 23:30,6.21,M,230.00,7.00,WABB 082330Z 23007KT 060V230 9999 BKN018 26/25 Q1012 NOSIG
WABB,2023-09-09 00:00,5.59,M,230.00,4.00,WABB 090000Z 23004KT 050V230 9000 BKN018 26/25 Q1012 NOSIG
WABB,2023-09-09 00:30,5.59,M,250.00,4.00,WABB 090030Z 25004KT 070V250 9000 BKN018 26/25 Q1012 NOSIG
WABB,2023-09-09 01:00,5.59,-RA,270.00,7.00,WABB 090100Z 27007KT 100V270 9000 -RA BKN018 26/25 Q1012 NOSIG
WABB,2023-09-09 01:30,5.59,-RA,280.00,5.00,WABB 090130Z 28005KT 100V280 9000 -RA BKN018 26/25 Q1011 NOSIG
WABB,2023-09-09 02:00,5.59,-RA,290.00,6.00,WABB 090200Z 29006KT 100V290 9000 -RA BKN018 26/25 Q1011 NOSIG
WABB,2023-09-09 02:30,5.59,-RA,240.00,4.00,WABB 090230Z 24004KT 070V240 9000 -RA BKN018 26/24 Q1011 NOSIG
WABB,2023-09-09 03:00,4.97,-RA,270.00,3.00,WABB 090300Z 27003KT 090V270 8000 -RA BKN018 26/25 Q1011 NOSIG
WABB,2023-09-09 03:30,4.97,-RA,290.00,6.00,WABB 090330Z 29006KT 100V290 8000 -RA BKN018 26/25 Q1010 NOSIG
WABB,2023-09-09 04:00,5.59,M,300.00,8.00,WABB 090400Z 30008KT 120V300 9000 BKN018 27/25 Q1010 RERA NOSIG
WABB,2023-09-09 04:30,5.59,M,280.00,6.00,WABB 090430Z 28006KT 110V280 9000 BKN018 27/25 Q1009 NOSIG
WABB,2023-09-09 05:00,5.59,M,270.00,3.00,WABB 090500Z 27003KT 080V270 9000 BKN018 27/24 Q1009 NOSIG
WABB,2023-09-09 05:30,5.59,M,240.00,4.00,WABB 090530Z 24004KT 070V240 9000 BKN018 27/25 Q1009 NOSIG
WABB,2023-09-09 06:00,5.59,-RA,M,2.00,WABB 090600Z VRB02KT 9000 -RA BKN018 26/25 Q1009 NOSIG
WABB,2023-09-09 06:30,5.59,-RA,270.00,3.00,WABB 090630Z 27003KT 080V270 9000 -RA BKN018 26/25 Q1009 NOSIG
WABB,2023-09-09 07:00,5.59,-RA,170.00,5.00,WABB 090700Z 17005KT 010V170 9000 -RA BKN018 26/26 Q1010 NOSIG
WABB,2023-09-09 07:30,3.11,RA,280.00,4.00,WABB 090730Z 28004KT 110V280 5000 RA BKN018 25/25 Q1010 NOSIG
WABB,2023-09-09 08:00,4.97,-RA,290.00,4.00,WABB 090800Z 29004KT 120V290 8000 -RA BKN018 25/25 Q1010 NOSIG
WABB,2023-09-09 08:30,4.97,-RA,320.00,4.00,WABB 090830Z 32004KT 140V320 8000 -RA BKN018 25/25 Q1010 NOSIG
WABB,2023-09-09 09:00,4.97,M,300.00,3.00,WABB 090900Z 30003KT 120V300 8000 BKN018 25/25 Q1011 RERA NOSIG
WABB,2023-09-09 09:30,4.97,M,280.00,3.00,WABB 090930Z 28003KT 090V280 8000 BKN018 25/24 Q1011 NOSIG
WABB,2023-09-09 10:00,4.97,M,310.00,3.00,WABB 091000Z 31003KT 110V310 8000 BKN018 25/24 Q1011 NOSIG
WABB,2023-09-09 10:30,4.97,M,310.00,3.00,WABB 091030Z 31003KT 130V310 8000 BKN018 25/24 Q1011 NOSIG
WABB,2023-09-09 11:00,4.97,M,300.00,3.00,WABB 091100Z 30003KT 120V300 8000 BKN018 25/24 Q1011 NOSIG
WABB,2023-09-09 11:30,4.97,M,290.00,4.00,WABB 091130Z 29004KT 120V290 8000 BKN018 25/24 Q1011 NOSIG
WABB,2023-09-09 12:00,4.97,M,290.00,6.00,WABB 091200Z 29006KT 110V290 8000 BKN018 25/24 Q1011 NOSIG
WABB,2023-09-09 12:30,4.97,M,320.00,5.00,WABB 091230Z 32005KT 150V320 8000 BKN018 25/24 Q1011 NOSIG
WABB,2023-09-09 13:00,4.97,M,320.00,4.00,WABB 091300Z 32004KT 140V320 8000 BKN018 25/24 Q1011 NOSIG
WABB,2023-09-09 13:30,4.97,M,310.00,4.00,WABB 091330Z 31004KT 130V310 8000 BKN018 25/24 Q1011 NOSIG
WABB,2023-09-09 14:00,4.97,M,300.00,4.00,WABB 091400Z 30004KT 130V300 8000 BKN018 25/24 Q1011 NOSIG
WABB,2023-09-09 14:30,4.97,M,330.00,4.00,WABB 091430Z 33004KT 150V330 8000 BKN018 25/24 Q1011 NOSIG
WABB,2023-09-09 15:00,4.97,M,320.00,3.00,WABB 091500Z 32003KT 140V320 8000 BKN018 25/24 Q1011 NOSIG
WABB,2023-09-09 15:30,4.97,M,320.00,4.00,WABB 091530Z 32004KT 140V320 8000 BKN018 25/24 Q1011 NOSIG
WABB,2023-09-09 16:00,4.97,M,330.00,4.00,WABB 091600Z 33004KT 150V330 8000 BKN018 25/24 Q1010 NOSIG
WABB,2023-09-09 16:30,4.97,M,330.00,3.00,WABB 091630Z 33003KT 150V330 8000 BKN018 25/24 Q1010 NOSIG
WABB,2023-09-09 17:00,4.97,M,310.00,4.00,WABB 091700Z 31004KT 130V310 8000 BKN018 25/24 Q1009 NOSIG
WABB,2023-09-09 17:30,4.97,M,340.00,3.00,WABB 091730Z 34003KT 160V340 8000 BKN018 25/24 Q1009 NOSIG
WABB,2023-09-09 18:00,4.97,M,320.00,5.00,WABB 091800Z 32005KT 140V320 8000 BKN018 25/24 Q1009 NOSIG
WABB,2023-09-09 18:30,4.97,M,320.00,4.00,WABB 091830Z 32004KT 140V320 8000 BKN018 25/24 Q1010 NOSIG
WABB,2023-09-09 19:00,4.97,M,320.00,4.00,WABB 091900Z 32004KT 140V320 8000 BKN018 25/24 Q1009 NOSIG
WABB,2023-09-09 19:30,4.97,M,330.00,5.00,WABB 091930Z 33005KT 150V330 8000 BKN018 25/24 Q1010 NOSIG
WABB,2023-09-09 20:00,4.97,M,340.00,3.00,WABB 092000Z 34003KT 160V340 8000 BKN018 25/24 Q1010 NOSIG
WABB,2023-09-09 20:30,4.97,-RA,310.00,3.00,WABB 092030Z 31003KT 130V310 8000 -RA FEW018 25/24 Q1010 NOSIG
WABB,2023-09-09 21:00,5.59,-RA,M,2.00,WABB 092100Z VRB02KT 9000 -RA FEW018 25/24 Q1011 NOSIG
WABB,2023-09-09 21:30,3.73,-RA,M,2.00,WABB 092130Z VRB02KT 6000 -RA FEW018 26/25 Q1011 NOSIG
WABB,2023-09-09 22:00,3.73,-RA,M,2.00,WABB 092200Z VRB02KT 6000 -RA FEW018 26/25 Q1011 NOSIG
WABB,2023-09-09 22:30,5.59,-RA,M,2.00,WABB 092230Z VRB02KT 9000 -RA FEW018 26/25 Q1012 NOSIG
WABB,2023-09-09 23:00,5.59,-RA,140.00,2.00,WABB 092300Z 14002KT 9000 -RA SCT018 OVC100 27/25 Q1012 NOSIG
WABB,2023-09-09 23:30,5.59,-RA,M,2.00,WABB 092330Z VRB02KT 9000 -RA SCT018 OVC100 28/25 Q1012 NOSIG
WABB,2023-09-10 00:00,5.59,M,220.00,3.00,WABB 100000Z 22003KT 050V220 9000 SCT018 OVC100 28/25 Q1012 RERA NOSIG
WABB,2023-09-10 00:30,5.59,M,M,2.00,WABB 100030Z VRB02KT 9000 SCT018 OVC100 28/26 Q1012 NOSIG
WABB,2023-09-10 01:00,5.59,M,220.00,4.00,WABB 100100Z 22004KT 040V220 9000 SCT018 BKN100 28/26 Q1012 NOSIG
WABB,2023-09-10 01:30,6.21,M,190.00,3.00,WABB 100130Z 19003KT 040V190 9999 BKN018 29/26 Q1012 NOSIG
WABB,2023-09-10 02:00,6.21,M,230.00,6.00,WABB 100200Z 23006KT 050V230 9999 BKN018 28/25 Q1011 NOSIG
WABB,2023-09-10 02:30,5.59,M,270.00,3.00,WABB 100230Z 27003KT 270V060 9000 SCT018 OVC100 28/25 Q1011 NOSIG
WABB,2023-09-10 03:00,5.59,-RA,M,2.00,WABB 100300Z VRB02KT 9000 -RA SCT018 OVC100 28/25 Q1011 NOSIG
WABB,2023-09-10 03:30,4.97,-RA,M,2.00,WABB 100330Z VRB02KT 8000 -RA SCT018 OVC100 28/25 Q1011 NOSIG
WABB,2023-09-10 04:00,5.59,-RA,250.00,3.00,WABB 100400Z 25003KT 050V250 9000 -RA SCT018 OVC100 28/25 Q1010 NOSIG
WABB,2023-09-10 04:30,5.59,-RA,M,2.00,WABB 100430Z VRB02KT 9000 -RA SCT018 OVC100 28/25 Q1010 NOSIG
WABB,2023-09-10 05:00,5.59,-RA,320.00,4.00,WABB 100500Z 32004KT 120V320 9000 -RA SCT018 OVC100 27/25 Q1010 NOSIG
WABB,2023-09-10 05:30,5.59,-RA,330.00,9.00,WABB 100530Z 33009KT 130V330 9000 -RA SCT018 OVC100 27/26 Q1009 NOSIG
WABB,2023-09-10 06:00,5.59,-RA,310.00,8.00,WABB 100600Z 31008KT 140V310 9000 -RA BKN018 OVC100 26/25 Q1009 NOSIG
WABB,2023-09-10 06:30,5.59,-RA,320.00,6.00,WABB 100630Z 32006KT 150V320 9000 -RA BKN018 OVC100 26/25 Q1010 NOSIG
WABB,2023-09-10 07:00,5.59,-RA,330.00,6.00,WABB 100700Z 33006KT 140V330 9000 -RA SCT018 OVC100 26/25 Q1009 NOSIG
WABB,2023-09-10 07:30,5.59,-RA,M,2.00,WABB 100730Z VRB02KT 9000 -RA SCT018 OVC100 26/25 Q1010 NOSIG
WABB,2023-09-10 08:00,5.59,M,M,2.00,WABB 100800Z VRB02KT 9000 SCT018 OVC100 26/24 Q1010 RERA NOSIG
WABB,2023-09-10 08:30,5.59,M,260.00,7.00,WABB 100830Z 26007KT 260V050 9000 SCT018 OVC100 26/24 Q1011 NOSIG
WABB,2023-09-10 09:00,5.59,M,280.00,10.00,WABB 100900Z 28010KT 080V280 9000 BKN018 OVC100 26/24 Q1011 NOSIG
WABB,2023-09-10 09:30,5.59,M,280.00,6.00,WABB 100930Z 28006KT 090V280 9000 BKN018 OVC100 26/24 Q1011 NOSIG
WABB,2023-09-10 10:00,5.59,M,280.00,5.00,WABB 101000Z 28005KT 100V280 9000 BKN018 OVC100 26/24 Q1011 NOSIG
WABB,2023-09-10 10:30,5.59,M,300.00,4.00,WABB 101030Z 30004KT 120V300 9000 BKN018 OVC100 25/24 Q1011 NOSIG
WABB,2023-09-10 11:00,5.59,M,320.00,3.00,WABB 101100Z 32003KT 140V320 9000 BKN018 OVC100 25/24 Q1012 NOSIG
WABB,2023-09-10 11:30,5.59,M,320.00,4.00,WABB 101130Z 32004KT 150V320 9000 BKN018 OVC100 25/24 Q1012 NOSIG
WABB,2023-09-10 12:00,5.59,M,310.00,3.00,WABB 101200Z 31003KT 130V310 9000 BKN018 OVC100 25/24 Q1012 NOSIG
WABB,2023-09-10 12:30,5.59,M,330.00,3.00,WABB 101230Z 33003KT 150V330 9000 BKN018 OVC100 25/24 Q1012 NOSIG
WABB,2023-09-10 13:00,5.59,M,M,2.00,WABB 101300Z VRB02KT 9000 BKN018 OVC100 25/24 Q1012 NOSIG
WABB,2023-09-10 13:30,5.59,M,M,2.00,WABB 101330Z VRB02KT 9000 BKN018 OVC100 25/24 Q1012 NOSIG
WABB,2023-09-10 14:00,5.59,M,0.00,0.00,WABB 101400Z 00000KT 9000 BKN018 OVC100 25/24 Q1012 NOSIG
WABB,2023-09-10 14:30,5.59,M,M,2.00,WABB 101430Z VRB02KT 9000 BKN018 OVC100 25/24 Q1012 NOSIG
WABB,2023-09-10 15:00,5.59,M,M,2.00,WABB 101500Z VRB02KT 9000 BKN018 OVC100 25/24 Q1011 NOSIG
WABB,2023-09-10 15:30,5.59,M,M,2.00,WABB 101530Z VRB02KT 9000 BKN018 OVC100 25/24 Q1011 NOSIG
WABB,2023-09-10 16:00,5.59,M,180.00,3.00,WABB 101600Z 18003KT 030V180 9000 BKN018 OVC100 27/25 Q1011 NOSIG
WABB,2023-09-10 16:30,5.59,M,240.00,5.00,WABB 101630Z 24005KT 040V240 9000 BKN018 OVC100 27/25 Q1010 NOSIG
WABB,2023-09-10 17:00,5.59,M,200.00,3.00,WABB 101700Z 20003KT 110V200 9000 BKN018 OVC100 27/24 Q1010 NOSIG
WABB,2023-09-10 17:30,5.59,-RA,0.00,0.00,WABB 101730Z 00000KT 9000 -RA BKN018 OVC100 27/25 Q1010 NOSIG
WABB,2023-09-10 18:00,5.59,-RA,M,2.00,WABB 101800Z VRB02KT 9000 -RA BKN018 OVC100 27/25 Q1010 NOSIG
WABB,2023-09-10 18:30,5.59,-RA,160.00,3.00,WABB 101830Z 16003KT 100V160 9000 -RA BKN018 OVC100 27/24 Q1010 NOSIG
WABB,2023-09-10 19:00,5.59,-RA,150.00,2.00,WABB 101900Z 15002KT 9000 -RA BKN018 OVC100 27/24 Q1009 NOSIG
WABB,2023-09-10 20:30,5.59,M,0.00,0.00,WABB 102030Z 00000KT 9000 BKN018 OVC100 25/24 Q1008 NOSIG
WABB,2023-09-10 21:00,6.21,M,M,2.00,WABB 102100Z VRB02KT 9999 SCT018 OVC100 25/24 Q1009 NOSIG
WABB,2023-09-10 21:30,6.21,M,0.00,0.00,WABB 102130Z 00000KT 9999 SCT018 OVC100 25/25 Q1009 NOSIG
WABB,2023-09-10 22:00,6.21,M,M,2.00,WABB 102200Z VRB02KT 9999 SCT018 OVC100 26/25 Q1009 NOSIG
WABB,2023-09-10 22:30,6.21,M,M,2.00,WABB 102230Z VRB02KT 9999 SCT018 OVC100 27/25 Q1010 NOSIG
WABB,2023-09-10 23:00,6.21,M,M,2.00,WABB 102300Z VRB02KT 9999 SCT018 OVC100 27/25 Q1010 NOSIG
WABB,2023-09-10 23:30,6.21,M,0.00,0.00,WABB 102330Z 00000KT 9999 SCT018 OVC100 28/25 Q1010 NOSIG
WABB,2023-09-11 00:00,6.21,M,230.00,3.00,WABB 110000Z 23003KT 230V020 9999 SCT018 29/24 Q1010 NOSIG
WABB,2023-09-11 00:30,6.21,M,260.00,5.00,WABB 110030Z 26005KT 060V260 9999 SCT018 28/24 Q1010 NOSIG
WABB,2023-09-11 01:00,6.21,M,230.00,4.00,WABB 110100Z 23004KT 040V230 9999 SCT018 29/24 Q1010 NOSIG
WABB,2023-09-11 01:30,6.21,M,250.00,4.00,WABB 110130Z 25004KT 060V250 9999 SCT018 30/25 Q1010 NOSIG
WABB,2023-09-11 02:00,6.21,M,250.00,4.00,WABB 110200Z 25004KT 060V250 9999 SCT018 30/25 Q1010 NOSIG
WABB,2023-09-11 02:30,6.21,M,250.00,5.00,WABB 110230Z 25005KT 050V250 9999 SCT018 30/25 Q1010 NOSIG
WABB,2023-09-11 03:00,6.21,M,230.00,4.00,WABB 110300Z 23004KT 040V230 9999 SCT018 30/24 Q1009 NOSIG
WABB,2023-09-11 03:30,6.21,M,220.00,7.00,WABB 110330Z 22007KT 050V220 9999 SCT018 30/25 Q1009 NOSIG
WABB,2023-09-11 04:00,5.59,M,290.00,7.00,WABB 110400Z 29007KT 100V290 9000 SCT018 30/25 Q1008 NOSIG
WABB,2023-09-11 04:30,5.59,M,290.00,9.00,WABB 110430Z 29009KT 120V290 9000 SCT018 29/26 Q1008 NOSIG
WABB,2023-09-11 05:00,5.59,M,300.00,7.00,WABB 110500Z 30007KT 110V300 9000 SCT018 29/25 Q1008 NOSIG
WABB,2023-09-11 05:30,5.59,M,260.00,8.00,WABB 110530Z 26008KT 080V260 9000 SCT018 30/25 Q1007 NOSIG
WABB,2023-09-11 06:00,5.59,M,260.00,5.00,WABB 110600Z 26005KT 070V260 9000 SCT018 29/25 Q1007 NOSIG
WABB,2023-09-11 06:30,5.59,M,330.00,5.00,WABB 110630Z 33005KT 160V330 9000 SCT018 29/25 Q1007 NOSIG
WABB,2023-09-11 07:00,6.21,M,310.00,6.00,WABB 110700Z 31006KT 120V310 9999 SCT018 30/25 Q1007 NOSIG
WABB,2023-09-11 07:30,6.21,M,280.00,6.00,WABB 110730Z 28006KT 110V280 9999 SCT018 29/24 Q1007 NOSIG
WABB,2023-09-11 08:00,6.21,M,320.00,3.00,WABB 110800Z 32003KT 140V320 9999 SCT018 29/24 Q1008 NOSIG
WABB,2023-09-11 08:30,6.21,M,M,2.00,WABB 110830Z VRB02KT 9999 SCT018 29/25 Q1008 NOSIG
WABB,2023-09-11 09:00,6.21,M,360.00,3.00,WABB 110900Z 36003KT 170V360 9999 SCT018 28/25 Q1008 NOSIG
WABB,2023-09-11 09:30,6.21,M,M,2.00,WABB 110930Z VRB02KT 9999 SCT018 27/25 Q1009 NOSIG
WABB,2023-09-11 10:00,6.21,M,M,2.00,WABB 111000Z VRB02KT 9999 SCT018 27/25 Q1009 NOSIG
WABB,2023-09-11 10:30,6.21,M,M,2.00,WABB 111030Z VRB02KT 9999 SCT018 26/25 Q1010 NOSIG
WABB,2023-09-11 11:00,6.21,M,0.00,0.00,WABB 111100Z 00000KT 9999 SCT018 26/25 Q1010 NOSIG
WABB,2023-09-11 11:30,6.21,M,M,2.00,WABB 111130Z VRB02KT 9999 FEW018 26/25 Q1011 NOSIG
WABB,2023-09-11 12:00,6.21,M,M,2.00,WABB 111200Z VRB02KT 9999 FEW018 26/25 Q1011 NOSIG
WABB,2023-09-11 12:30,6.21,M,M,2.00,WABB 111230Z VRB02KT 9999 FEW018 26/25 Q1011 NOSIG
WABB,2023-09-11 13:00,6.21,M,20.00,3.00,WABB 111300Z 02003KT 020V260 9999 FEW018 25/24 Q1011 NOSIG
WABB,2023-09-11 13:30,6.21,M,10.00,3.00,WABB 111330Z 01003KT 010V260 9999 SCT018 26/25 Q1011 NOSIG
WABB,2023-09-11 14:00,6.21,M,M,2.00,WABB 111400Z VRB02KT 9999 SCT018 25/24 Q1011 NOSIG
WABB,2023-09-11 14:30,6.21,M,0.00,0.00,WABB 111430Z 00000KT 9999 SCT018 25/24 Q1011 NOSIG
WABB,2023-09-11 15:00,6.21,M,M,2.00,WABB 111500Z VRB02KT 9999 SCT018 24/24 Q1011 NOSIG
WABB,2023-09-11 15:30,6.21,M,10.00,3.00,WABB 111530Z 01003KT 010V260 9999 SCT018 25/24 Q1010 NOSIG
WABB,2023-09-11 16:00,6.21,M,300.00,3.00,WABB 111600Z 30003KT 120V300 9999 SCT018 25/24 Q1010 NOSIG
WABB,2023-09-11 16:30,6.21,M,20.00,3.00,WABB 111630Z 02003KT 020V260 9999 SCT018 24/24 Q1009 NOSIG
WABB,2023-09-11 17:00,6.21,M,M,2.00,WABB 111700Z VRB02KT 9999 SCT018 24/24 Q1009 NOSIG
WABB,2023-09-11 17:30,6.21,M,M,2.00,WABB 111730Z VRB02KT 9999 SCT018 24/24 Q1009 NOSIG
WABB,2023-09-11 18:00,6.21,M,340.00,3.00,WABB 111800Z 34003KT 160V340 9999 SCT018 24/24 Q1009 NOSIG
WABB,2023-09-11 18:30,6.21,M,0.00,0.00,WABB 111830Z 00000KT 9999 SCT018 24/24 Q1009 NOSIG
WABB,2023-09-11 19:00,6.21,M,310.00,3.00,WABB 111900Z 31003KT 130V310 9999 SCT018 24/24 Q1009 NOSIG
WABB,2023-09-11 19:30,6.21,M,M,2.00,WABB 111930Z VRB02KT 9999 SCT018 24/24 Q1009 NOSIG
WABB,2023-09-11 20:00,6.21,M,0.00,0.00,WABB 112000Z 00000KT 9999 SCT018 24/24 Q1009 NOSIG
WABB,2023-09-11 20:30,6.21,M,M,2.00,WABB 112030Z VRB02KT 9999 SCT018 24/24 Q1010 NOSIG
WABB,2023-09-11 21:00,4.35,-RA,100.00,11.00,WABB 112100Z 10011KT 170V100 7000 -RA BKN018 25/24 Q1010 NOSIG
WABB,2023-09-11 21:30,5.59,-RA,50.00,4.00,WABB 112130Z 05004KT 220V050 9000 -RA SCT018 SCT100 25/24 Q1010 NOSIG
WABB,2023-09-11 22:00,6.21,M,110.00,6.00,WABB 112200Z 11006KT 160V100 9999 SCT018 SCT100 26/25 Q1011 RERA NOSIG
WABB,2023-09-11 22:30,6.21,M,130.00,4.00,WABB 112230Z 13004KT 9999 SCT018 SCT100 26/24 Q1012 NOSIG
WABB,2023-09-11 23:00,6.21,M,140.00,6.00,WABB 112300Z 14006KT 9999 SCT018 SCT100 28/25 Q1011 NOSIG
WABB,2023-09-11 23:30,6.21,M,120.00,4.00,WABB 112330Z 12004KT 9999 SCT018 SCT100 29/25 Q1012 NOSIG
WABB,2023-09-12 00:00,6.21,M,150.00,5.00,WABB 120000Z 15005KT 9999 SCT018 SCT100 29/24 Q1012 NOSIG
WABB,2023-09-12 00:30,6.21,M,90.00,6.00,WABB 120030Z 09006KT 170V090 9999 SCT018 SCT100 29/25 Q1012 NOSIG
WABB,2023-09-12 01:00,6.21,M,110.00,6.00,WABB 120100Z 11006KT 9999 SCT018 SCT100 30/25 Q1012 NOSIG
WABB,2023-09-12 01:30,6.21,M,140.00,6.00,WABB 120130Z 14006KT 9999 SCT018 SCT100 30/25 Q1011 NOSIG
WABB,2023-09-12 02:00,6.21,M,130.00,6.00,WABB 120200Z 13006KT 9999 SCT018 SCT100 30/25 Q1011 NOSIG
WABB,2023-09-12 02:30,6.21,M,130.00,4.00,WABB 120230Z 13004KT 130V190 9999 SCT018 SCT100 30/25 Q1010 NOSIG
WABB,2023-09-12 03:00,6.21,M,100.00,6.00,WABB 120300Z 10006KT 160V100 9999 SCT018 SCT100 30/26 Q1010 NOSIG
WABB,2023-09-12 03:30,6.21,M,150.00,6.00,WABB 120330Z 15006KT 9999 SCT018 SCT100 30/26 Q1009 NOSIG
WABB,2023-09-12 04:30,6.21,M,160.00,2.00,WABB 120430Z 16002KT 9999 SCT018 SCT100 30/25 Q1008 NOSIG
WABB,2023-09-12 05:00,6.21,M,120.00,7.00,WABB 120500Z 12007KT 150V090 9999 SCT018 SCT100 30/26 Q1008 NOSIG
WABB,2023-09-12 05:30,6.21,M,120.00,7.00,WABB 120530Z 12007KT 150V090 9999 SCT018 SCT100 30/26 Q1008 NOSIG
WABB,2023-09-12 06:00,6.21,VCSH,360.00,5.00,WABB 120600Z 36005KT 270V360 9999 VCSH SCT018 BKN100 27/25 Q1008 NOSIG
WABB,2023-09-12 06:30,6.21,M,30.00,6.00,WABB 120630Z 03006KT 030V240 9999 SCT018 BKN100 26/24 Q1007 NOSIG
WABB,2023-09-12 07:00,6.21,M,40.00,5.00,WABB 120700Z 04005KT 240V040 9999 SCT018 BKN100 27/24 Q1007 NOSIG
WABB,2023-09-12 07:30,6.21,M,30.00,3.00,WABB 120730Z 03003KT 030V240 9999 SCT018 SCT100 28/24 Q1008 NOSIG
WABB,2023-09-12 08:00,6.21,M,10.00,6.00,WABB 120800Z 01006KT 010V260 9999 SCT018 SCT100 28/25 Q1008 NOSIG
WABB,2023-09-12 08:30,6.21,M,360.00,5.00,WABB 120830Z 36005KT 260V360 9999 SCT018 SCT100 27/25 Q1008 NOSIG
WABB,2023-09-12 09:00,6.21,M,350.00,3.00,WABB 120900Z 35003KT 150V350 9999 SCT018 SCT100 27/25 Q1009 NOSIG
WABB,2023-09-12 09:30,6.21,M,M,2.00,WABB 120930Z VRB02KT 9999 SCT018 SCT100 27/25 Q1009 NOSIG
WABB,2023-09-12 10:00,6.21,M,0.00,0.00,WABB 121000Z 00000KT 9999 FEW018 SCT100 27/25 Q1010 NOSIG
WABB,2023-09-12 10:30,6.21,M,M,2.00,WABB 121030Z VRB02KT 9999 FEW018 SCT100 26/25 Q1010 NOSIG
WABB,2023-09-12 11:00,6.21,M,M,2.00,WABB 121100Z VRB02KT 9999 FEW018 26/25 Q1010 NOSIG
WABB,2023-09-12 11:30,6.21,M,M,2.00,WABB 121130Z VRB02KT 9999 FEW018 26/25 Q1011 NOSIG
WABB,2023-09-12 12:00,6.21,M,40.00,3.00,WABB 121200Z 04003KT 230V040 9999 FEW018 26/25 Q1011 NOSIG
WABB,2023-09-12 12:30,6.21,M,M,2.00,WABB 121230Z VRB02KT 9999 FEW018 26/25 Q1011 NOSIG
WABB,2023-09-12 13:00,6.21,M,M,2.00,WABB 121300Z VRB02KT 9999 FEW018 25/24 Q1011 NOSIG
WABB,2023-09-12 13:30,6.21,M,M,2.00,WABB 121330Z VRB02KT 9999 FEW018 25/25 Q1011 NOSIG
WABB,2023-09-12 14:00,6.21,M,320.00,4.00,WABB 121400Z 32004KT 140V320 9999 FEW018 25/24 Q1011 NOSIG
WABB,2023-09-12 14:30,6.21,M,280.00,3.00,WABB 121430Z 28003KT 100V280 9999 FEW018 25/24 Q1011 NOSIG
WABB,2023-09-12 15:00,6.21,M,M,2.00,WABB 121500Z VRB02KT 9999 FEW018 24/24 Q1011 NOSIG
WABB,2023-09-12 15:30,6.21,M,330.00,4.00,WABB 121530Z 33004KT 140V330 9999 FEW018 25/24 Q1011 NOSIG
WABB,2023-09-12 16:00,6.21,M,320.00,3.00,WABB 121600Z 32003KT 140V320 9999 FEW018 25/24 Q1010 NOSIG
WABB,2023-09-12 16:30,6.21,M,M,2.00,WABB 121630Z VRB02KT 9999 FEW018 25/24 Q1010 NOSIG
WABB,2023-09-12 17:00,6.21,M,M,2.00,WABB 121700Z VRB02KT 9999 FEW018 25/24 Q1010 NOSIG
WABB,2023-09-12 17:30,6.21,M,0.00,0.00,WABB 121730Z 00000KT 9999 FEW018 25/24 Q1010 NOSIG
WABB,2023-09-12 18:00,6.21,M,M,2.00,WABB 121800Z VRB02KT 9999 FEW018 24/24 Q1009 NOSIG
WABB,2023-09-12 18:30,6.21,M,340.00,3.00,WABB 121830Z 34003KT 160V340 9999 FEW018 25/24 Q1010 NOSIG
WABB,2023-09-12 19:00,6.21,M,M,2.00,WABB 121900Z VRB02KT 9999 FEW018 25/24 Q1010 NOSIG
WABB,2023-09-12 19:30,6.21,M,M,2.00,WABB 121930Z VRB02KT 9999 FEW018 24/24 Q1010 NOSIG
WABB,2023-09-12 20:00,6.21,M,M,2.00,WABB 122000Z VRB02KT 9999 FEW018 24/24 Q1010 NOSIG
WABB,2023-09-12 20:30,6.21,M,M,2.00,WABB 122030Z VRB02KT 9999 FEW018 24/24 Q1010 NOSIG
WABB,2023-09-12 21:00,6.21,M,M,2.00,WABB 122100Z VRB02KT 9999 SCT018 24/24 Q1011 NOSIG
WABB,2023-09-12 21:30,6.21,M,M,2.00,WABB 122130Z VRB02KT 9999 SCT018 25/24 Q1011 NOSIG
WABB,2023-09-12 22:00,5.59,M,90.00,5.00,WABB 122200Z 09005KT 180V090 9000 FEW017CB SCT018 26/25 Q1012 NOSIG RMK CB AT S
WABB,2023-09-12 22:30,6.21,M,100.00,4.00,WABB 122230Z 10004KT 9999 SCT018 27/24 Q1012 NOSIG
WABB,2023-09-12 23:00,6.21,M,130.00,2.00,WABB 122300Z 13002KT 9999 SCT018 28/24 Q1012 NOSIG
WABB,2023-09-12 23:30,6.21,M,0.00,0.00,WABB 122330Z 00000KT 9999 FEW018 29/24 Q1012 NOSIG
WABB,2023-09-13 00:30,6.21,M,140.00,5.00,WABB 130030Z 14005KT 9999 FEW018 29/24 Q1013 NOSIG
WABB,2023-09-13 01:00,6.21,VCSH,150.00,5.00,WABB 130100Z 15005KT 9999 VCSH FEW018 30/25 Q1012 NOSIG
WABB,2023-09-13 01:30,6.21,VCSH,160.00,6.00,WABB 130130Z 16006KT 9999 VCSH FEW018 30/25 Q1012 NOSIG
WABB,2023-09-13 02:00,6.21,VCSH,140.00,7.00,WABB 130200Z 14007KT 9999 VCSH FEW018 29/24 Q1011 NOSIG
WABB,2023-09-13 02:30,6.21,VCSH,290.00,3.00,WABB 130230Z 29003KT 110V290 9999 VCSH FEW018 29/26 Q1011 NOSIG
WABB,2023-09-13 03:00,6.21,-RA,270.00,3.00,WABB 130300Z 27003KT 120V270 9999 -RA SCT018 29/26 Q1011 NOSIG
WABB,2023-09-13 03:30,6.21,M,M,2.00,WABB 130330Z VRB02KT 9999 SCT018 29/25 Q1010 NOSIG
WABB,2023-09-13 04:00,6.21,-RA,240.00,3.00,WABB 130400Z 24003KT 040V240 9999 -RA SCT018 29/25 Q1010 NOSIG
WABB,2023-09-13 04:30,2.49,-RA,40.00,4.00,WABB 130430Z 04004KT 230V040 4000 -RA FEW017CB SCT018 27/25 Q1010 NOSIG RMK CB AT NW
WABB,2023-09-13 05:00,6.21,M,320.00,5.00,WABB 130500Z 32005KT 140V320 9999 SCT018 29/26 Q1009 NOSIG
WABB,2023-09-13 05:30,6.21,M,260.00,5.00,WABB 130530Z 26005KT 070V260 9999 SCT018 29/26 Q1009 NOSIG
WABB,2023-09-13 06:00,2.49,M,240.00,9.00,WABB 130600Z 24009KT 070V240 4000 SCT018 27/26 Q1008 RESHRA NOSIG
WABB,2023-09-13 06:30,6.21,M,M,2.00,WABB 130630Z VRB02KT 9999 SCT018 28/25 Q1008 NOSIG
WABB,2023-09-13 07:00,6.21,M,200.00,3.00,WABB 130700Z 20003KT 060V200 9999 SCT018 29/25 Q1008 NOSIG
WABB,2023-09-13 09:00,6.21,M,320.00,3.00,WABB 130900Z 32003KT 130V320 9999 FEW018 27/25 Q1010 NOSIG
WABB,2023-09-13 09:30,6.21,M,M,2.00,WABB 130930Z VRB02KT 9999 FEW018 27/26 Q1010 NOSIG
WABB,2023-09-13 10:00,6.21,M,M,2.00,WABB 131000Z VRB02KT 9999 FEW018 27/25 Q1011 NOSIG
WABB,2023-09-13 10:30,6.21,M,M,2.00,WABB 131030Z VRB02KT 9999 FEW018 26/25 Q1011 NOSIG
WABB,2023-09-13 11:00,6.21,-RA,340.00,3.00,WABB 131100Z 34003KT 9999 -RA SCT018 ///// Q//// NOSIG
WABB,2023-09-13 11:30,6.21,M,330.00,3.00,WABB 131130Z 33003KT 140V330 9999 SCT018 26/25 Q1012 NOSIG
WABB,2023-09-13 12:00,6.21,M,M,2.00,WABB 131200Z VRB02KT 9999 SCT018 26/24 Q1012 NOSIG
WABB,2023-09-13 12:30,6.21,M,330.00,4.00,WABB 131230Z 33004KT 150V330 9999 SCT018 26/24 Q1012 NOSIG
WABB,2023-09-13 13:00,6.21,M,M,2.00,WABB 131300Z VRB02KT 9999 SCT018 26/24 Q1012 NOSIG
WABB,2023-09-13 13:30,6.21,M,0.00,0.00,WABB 131330Z 00000KT 9999 SCT018 25/24 Q1012 NOSIG
WABB,2023-09-13 14:00,6.21,M,M,2.00,WABB 131400Z VRB02KT 9999 SCT018 25/24 Q1012 NOSIG
WABB,2023-09-13 14:30,6.21,M,0.00,0.00,WABB 131430Z 00000KT 9999 SCT018 25/24 Q1012 NOSIG
WABB,2023-09-13 15:00,6.21,M,M,2.00,WABB 131500Z VRB02KT 9999 SCT018 25/24 Q1011 NOSIG
WABB,2023-09-13 15:30,6.21,M,M,2.00,WABB 131530Z VRB02KT 9999 FEW018 25/24 Q1011 NOSIG
WABB,2023-09-13 16:00,4.97,-RA,M,2.00,WABB 131600Z VRB02KT 8000 -RA SCT018 25/24 Q1011 TEMPO -RA
WABB,2023-09-13 16:30,4.97,-RA,0.00,0.00,WABB 131630Z 00000KT 8000 -RA SCT018 25/24 Q1011 TEMPO -RA
WABB,2023-09-13 17:00,4.97,-RA,M,2.00,WABB 131700Z VRB02KT 8000 -RA SCT018 25/24 Q1010 TEMPO -RA
WABB,2023-09-13 17:30,4.97,-RA,M,2.00,WABB 131730Z VRB02KT 8000 -RA SCT018 25/24 Q1010 TEMPO -RA
WABB,2023-09-13 18:00,4.35,-RA,0.00,0.00,WABB 131800Z 00000KT 7000 -RA SCT018 25/25 Q1010 TEMPO -RA
WABB,2023-09-13 18:30,4.35,-RA,200.00,4.00,WABB 131830Z 20004KT 040V200 7000 -RA SCT018 26/25 Q1010 TEMPO -RA
WABB,2023-09-13 19:00,4.35,-RA,M,2.00,WABB 131900Z VRB02KT 7000 -RA SCT018 26/25 Q1010 TEMPO -RA
WABB,2023-09-13 19:30,4.35,-RA,M,2.00,WABB 131930Z VRB02KT 7000 -RA SCT018 26/25 Q1010 TEMPO -RA
WABB,2023-09-13 20:00,4.35,-RA,140.00,6.00,WABB 132000Z 14006KT 7000 -RA SCT018 26/25 Q1010 TEMPO -RA
WABB,2023-09-13 20:30,4.35,-RA,140.00,4.00,WABB 132030Z 14004KT 7000 -RA SCT018 27/25 Q1010 TEMPO -RA
WABB,2023-09-13 21:00,3.73,-RA,60.00,7.00,WABB 132100Z 06007KT 210V060 6000 -RA BKN018 26/24 Q1011 TEMPO -RA
WABB,2023-09-13 21:30,3.73,-RA,30.00,6.00,WABB 132130Z 03006KT 030V250 6000 -RA BKN018 25/24 Q1012 TEMPO -RA
WABB,2023-09-13 22:00,3.73,-RA,20.00,4.00,WABB 132200Z 02004KT 020V260 6000 -RA BKN018 25/24 Q1012 TEMPO -RA
WABB,2023-09-13 22:30,3.73,-RA,M,2.00,WABB 132230Z VRB02KT 6000 -RA BKN018 25/24 Q1013 TEMPO -RA
WABB,2023-09-13 23:00,3.73,-RA,70.00,6.00,WABB 132300Z 07006KT 190V070 6000 -RA BKN018 26/25 Q1013 TEMPO -RA
WABB,2023-09-13 23:30,3.73,-RA,40.00,4.00,WABB 132330Z 04004KT 220V040 6000 -RA BKN018 25/24 Q1013 TEMPO -RA
WABB,2023-09-14 00:00,4.35,-RA,M,2.00,WABB 140000Z VRB02KT 7000 -RA BKN018 26/25 Q1014 NOSIG
WABB,2023-09-14 00:30,5.59,M,50.00,6.00,WABB 140030Z 05006KT 220V050 9000 BKN018 27/25 Q1014 RERA NOSIG
WABB,2023-09-14 01:00,5.59,M,20.00,7.00,WABB 140100Z 02007KT 020V250 9000 BKN018 27/25 Q1013 NOSIG
WABB,2023-09-14 01:30,5.59,M,20.00,5.00,WABB 140130Z 02005KT 020V250 9000 BKN018 27/25 Q1013 NOSIG
WABB,2023-09-14 02:00,6.21,M,30.00,5.00,WABB 140200Z 03005KT 030V240 9999 BKN018 27/25 Q1013 NOSIG
WABB,2023-09-14 02:30,6.21,M,20.00,6.00,WABB 140230Z 02006KT 020V230 9999 BKN018 28/25 Q1013 NOSIG
WABB,2023-09-14 03:00,6.21,M,350.00,5.00,WABB 140300Z 35005KT 180V350 9999 BKN018 27/24 Q1012 NOSIG
WABB,2023-09-14 03:30,6.21,M,10.00,5.00,WABB 140330Z 01005KT 010V260 9999 BKN018 27/25 Q1012 NOSIG
WABB,2023-09-14 04:00,6.21,M,20.00,7.00,WABB 140400Z 02007KT 020V260 9999 BKN018 27/25 Q1012 NOSIG
WABB,2023-09-14 04:30,5.59,-RA,10.00,8.00,WABB 140430Z 01008KT 010V260 9000 -RA BKN018 26/25 Q1012 NOSIG
WABB,2023-09-14 05:00,5.59,-RA,340.00,9.00,WABB 140500Z 34009KT 180V340 9000 -RA BKN018 26/25 Q1011 NOSIG
WABB,2023-09-14 05:30,5.59,-RA,10.00,9.00,WABB 140530Z 01009KT 010V260 9000 -RA BKN018 26/25 Q1011 NOSIG
WABB,2023-09-14 06:00,5.59,-RA,30.00,5.00,WABB 140600Z 03005KT 030V240 9000 -RA BKN018 26/25 Q1010 NOSIG
WABB,2023-09-14 06:30,5.59,-RA,50.00,5.00,WABB 140630Z 05005KT 210V050 9000 -RA BKN018 26/24 Q1010 NOSIG
WABB,2023-09-14 07:00,5.59,-RA,M,2.00,WABB 140700Z VRB02KT 9000 -RA BKN018 26/24 Q1010 NOSIG
WABB,2023-09-14 07:30,5.59,-RA,50.00,4.00,WABB 140730Z 05004KT 220V050 9000 -RA BKN018 26/25 Q1010 NOSIG
WABB,2023-09-14 08:00,5.59,-RA,30.00,3.00,WABB 140800Z 03003KT 230V030 9000 -RA BKN018 26/24 Q1010 NOSIG
WABB,2023-09-14 08:30,5.59,-RA,50.00,3.00,WABB 140830Z 05003KT 210V050 9000 -RA BKN018 26/24 Q1011 NOSIG
WABB,2023-09-14 09:00,5.59,M,60.00,3.00,WABB 140900Z 06003KT 210V060 9000 SCT018 26/24 Q1011 RERA NOSIG
WABB,2023-09-14 09:30,5.59,-RA,50.00,3.00,WABB 140930Z 05003KT 230V050 9000 -RA SCT018 26/24 Q1012 NOSIG
WABB,2023-09-14 10:00,5.59,-RA,M,2.00,WABB 141000Z VRB02KT 9000 -RA SCT018 25/24 Q1012 NOSIG
WABB,2023-09-14 10:30,5.59,-RA,M,2.00,WABB 141030Z VRB02KT 9000 -RA SCT018 25/24 Q1012 NOSIG
WABB,2023-09-14 11:00,5.59,M,M,2.00,WABB 141100Z VRB02KT 9000 SCT018 25/24 Q1012 RERA NOSIG
WABB,2023-09-14 11:30,5.59,M,50.00,3.00,WABB 141130Z 05003KT 230V050 9000 SCT018 25/25 Q1013 NOSIG
WABB,2023-09-14 12:00,5.59,M,50.00,3.00,WABB 141200Z 05003KT 220V050 9000 SCT018 25/24 Q1013 NOSIG
WABB,2023-09-14 12:30,5.59,M,50.00,3.00,WABB 141230Z 05003KT 220V050 9000 SCT018 25/25 Q1013 NOSIG
WABB,2023-09-14 13:00,5.59,M,20.00,3.00,WABB 141300Z 02003KT 020V250 9000 SCT018 25/25 Q1013 NOSIG
WABB,2023-09-14 13:30,5.59,M,10.00,3.00,WABB 141330Z 01003KT 010V260 9000 SCT018 25/25 Q1013 NOSIG
WABB,2023-09-14 14:00,5.59,M,30.00,3.00,WABB 141400Z 03003KT 030V240 9000 SCT018 25/25 Q1013 NOSIG
WABB,2023-09-14 14:30,5.59,M,M,2.00,WABB 141430Z VRB02KT 9000 SCT018 25/24 Q1013 NOSIG
WABB,2023-09-14 15:00,5.59,M,30.00,3.00,WABB 141500Z 03003KT 030V240 9000 SCT018 25/25 Q1013 NOSIG
WABB,2023-09-14 15:30,5.59,M,20.00,4.00,WABB 141530Z 02004KT 020V250 9000 SCT018 25/24 Q1012 NOSIG
WABB,2023-09-14 16:00,5.59,M,20.00,4.00,WABB 141600Z 02004KT 020V250 9000 SCT018 25/24 Q1012 NOSIG
WABB,2023-09-14 16:30,6.21,M,20.00,3.00,WABB 141630Z 02003KT 020V250 9999 FEW018 25/24 Q1011 NOSIG
WABB,2023-09-14 17:00,6.21,M,30.00,4.00,WABB 141700Z 03004KT 030V250 9999 FEW018 25/24 Q1011 NOSIG
WABB,2023-09-14 17:30,6.21,M,30.00,4.00,WABB 141730Z 03004KT 030V250 9999 FEW018 25/24 Q1011 NOSIG
WABB,2023-09-14 18:00,6.21,M,40.00,3.00,WABB 141800Z 04003KT 240V040 9999 FEW018 25/24 Q1010 NOSIG
WABB,2023-09-14 18:30,6.21,M,360.00,6.00,WABB 141830Z 36006KT 250V360 9999 FEW018 25/24 Q1011 NOSIG
WABB,2023-09-14 19:00,6.21,M,80.00,4.00,WABB 141900Z 08004KT 220V080 9999 FEW018 26/24 Q1011 NOSIG
WABB,2023-09-14 19:30,6.21,M,50.00,5.00,WABB 141930Z 05005KT 220V050 9999 FEW018 25/24 Q1011 NOSIG
WABB,2023-09-14 20:00,6.21,M,40.00,4.00,WABB 142000Z 04004KT 220V040 9999 FEW018 25/24 Q1011 NOSIG
WABB,2023-09-14 20:30,6.21,M,60.00,3.00,WABB 142030Z 06003KT 220V060 9999 FEW018 25/25 Q1011 NOSIG
WABB,2023-09-14 21:00,4.35,-RA,10.00,8.00,WABB 142100Z 01008KT 010V250 7000 -RA SCT018 26/25 Q1012 NOSIG
WABB,2023-09-14 21:30,4.35,-RA,20.00,4.00,WABB 142130Z 02004KT 020V240 7000 -RA SCT018 25/24 Q1012 NOSIG
WABB,2023-09-14 22:00,4.35,-RA,50.00,10.00,WABB 142200Z 05010KT 230V050 7000 -RA SCT018 25/24 Q1012 NOSIG
WABB,2023-09-14 22:30,4.35,-RA,40.00,3.00,WABB 142230Z 04003KT 240V040 7000 -RA SCT018 25/24 Q1012 NOSIG
WABB,2023-09-14 23:00,4.97,-RA,60.00,4.00,WABB 142300Z 06004KT 230V060 8000 -RA SCT018 26/24 Q1012 NOSIG
WABB,2023-09-14 23:30,4.97,-RA,40.00,3.00,WABB 142330Z 04003KT 230V040 8000 -RA SCT018 26/24 Q1012 NOSIG
WABB,2023-09-15 00:00,4.97,M,60.00,4.00,WABB 150000Z 06004KT 210V060 8000 SCT018 27/24 Q1012 RERA NOSIG
WABB,2023-09-15 00:30,5.59,M,40.00,6.00,WABB 150030Z 04006KT 230V040 9000 SCT018 27/25 Q1012 NOSIG
WABB,2023-09-15 01:00,5.59,M,80.00,5.00,WABB 150100Z 08005KT 190V080 9000 SCT018 28/25 Q1012 NOSIG
WABB,2023-09-15 01:30,6.21,M,M,2.00,WABB 150130Z VRB02KT 9999 SCT018 29/25 Q1012 NOSIG
WABB,2023-09-15 02:00,6.21,M,120.00,4.00,WABB 150200Z 12004KT 160V100 9999 SCT018 29/25 Q1011 NOSIG
WABB,2023-09-15 02:30,6.21,M,130.00,7.00,WABB 150230Z 13007KT 9999 SCT018 29/25 Q1011 NOSIG
WABB,2023-09-15 03:00,6.21,M,140.00,6.00,WABB 150300Z 14006KT 9999 SCT018 29/25 Q1010 NOSIG
WABB,2023-09-15 03:30,6.21,M,130.00,5.00,WABB 150330Z 13005KT 9999 SCT018 29/25 Q1010 NOSIG
WABB,2023-09-15 04:00,6.21,M,M,2.00,WABB 150400Z VRB02KT 9999 SCT018 30/25 Q1009 NOSIG
WABB,2023-09-15 04:30,6.21,M,190.00,4.00,WABB 150430Z 19004KT 010V190 9999 SCT018 30/26 Q1008 NOSIG
WABB,2023-09-15 05:00,6.21,M,170.00,5.00,WABB 150500Z 17005KT 9999 SCT018 30/25 Q1008 NOSIG
WABB,2023-09-15 05:30,6.21,M,150.00,4.00,WABB 150530Z 15004KT 100V160 9999 SCT018 30/26 Q1008 NOSIG
WABB,2023-09-15 06:00,6.21,M,M,2.00,WABB 150600Z VRB02KT 9999 SCT018 29/25 Q1007 NOSIG
WABB,2023-09-15 08:30,5.59,M,300.00,7.00,WABB 150830Z 30007KT 120V300 9000 SCT018 BKN100 28/25 Q1009 NOSIG
WABB,2023-09-15 09:00,4.97,VCSH,340.00,9.00,WABB 150900Z 34009KT 160V340 8000 VCSH FEW018TCU SCT018 BKN100 26/24 Q1010 NOSIG RMK TCU AT NORTH WEST
WABB,2023-09-15 09:30,3.73,-RA,340.00,5.00,WABB 150930Z 34005KT 160V340 6000 -RA FEW018TCU SCT018 BKN100 26/25 Q1010 NOSIG RMK TCU AT NORTH WEST
WABB,2023-09-15 10:00,3.73,-RA,340.00,5.00,WABB 151000Z 34005KT 160V340 6000 -RA FEW018TCU SCT018 BKN100 26/25 Q1011 NOSIG RMK TCU AT NORTH WEST
WABB,2023-09-15 10:30,6.21,M,330.00,4.00,WABB 151030Z 33004KT 180V330 9999 SCT018 BKN100 26/25 Q1011 RERA NOSIG
WABB,2023-09-15 11:00,4.97,-RA,360.00,9.00,WABB 151100Z 36009KT 270V360 8000 -RA SCT018 BKN100 26/25 Q1012 NOSIG
WABB,2023-09-15 11:30,4.97,-RA,360.00,14.00,WABB 151130Z 36014KT 260V360 8000 -RA SCT018 BKN100 25/24 Q1012 NOSIG
WABB,2023-09-15 12:00,4.97,-RA,360.00,8.00,WABB 151200Z 36008KT 270V360 8000 -RA SCT018 BKN100 25/24 Q1012 NOSIG
WABB,2023-09-15 12:30,4.97,-RA,10.00,7.00,WABB 151230Z 01007KT 010V260 8000 -RA SCT018 BKN100 26/24 Q1012 NOSIG
WABB,2023-09-15 13:00,4.97,-RA,350.00,8.00,WABB 151300Z 35008KT 170V350 8000 -RA SCT018 BKN100 26/24 Q1012 NOSIG
WABB,2023-09-15 13:30,4.97,-RA,360.00,6.00,WABB 151330Z 36006KT 270V360 8000 -RA SCT018 BKN100 26/24 Q1012 NOSIG
WABB,2023-09-15 14:00,4.97,-RA,320.00,3.00,WABB 151400Z 32003KT 130V320 8000 -RA SCT018 BKN100 26/24 Q1012 NOSIG
WABB,2023-09-15 14:30,4.97,-RA,350.00,6.00,WABB 151430Z 35006KT 170V350 8000 -RA SCT018 BKN100 26/25 Q1012 NOSIG
WABB,2023-09-15 15:00,4.97,-RA,M,2.00,WABB 151500Z VRB02KT 8000 -RA SCT018 BKN100 26/25 Q1012 NOSIG
WABB,2023-09-15 15:30,4.97,-RA,40.00,3.00,WABB 151530Z 04003KT 220V040 8000 -RA SCT018 BKN100 26/25 Q1011 NOSIG
WABB,2023-09-15 16:00,4.97,-RA,30.00,3.00,WABB 151600Z 03003KT 030V240 8000 -RA SCT018 BKN100 26/25 Q1011 NOSIG
WABB,2023-09-15 16:30,4.97,-RA,M,2.00,WABB 151630Z VRB02KT 8000 -RA SCT018 BKN100 25/25 Q1011 NOSIG
WABB,2023-09-15 17:00,4.97,-RA,120.00,2.00,WABB 151700Z 12002KT 8000 -RA SCT018 BKN100 26/25 Q1011 NOSIG
WABB,2023-09-15 17:30,4.97,-RA,M,2.00,WABB 151730Z VRB02KT 8000 -RA SCT018 BKN100 26/25 Q1010 NOSIG
WABB,2023-09-15 18:00,4.97,M,M,2.00,WABB 151800Z VRB02KT 8000 SCT018 BKN100 26/25 Q1010 RERA NOSIG
WABB,2023-09-15 18:30,4.97,M,160.00,3.00,WABB 151830Z 16003KT 8000 SCT018 BKN100 26/25 Q1010 NOSIG
WABB,2023-09-15 22:30,6.21,M,M,2.00,WABB 152230Z VRB02KT 9999 SCT018 BKN100 28/25 Q1012 NOSIG
WABB,2023-09-15 23:00,6.21,M,230.00,3.00,WABB 152300Z 23003KT 050V230 9999 SCT018 29/26 Q1012 NOSIG
WABB,2023-09-15 23:30,6.21,M,210.00,4.00,WABB 152330Z 21004KT 050V210 9999 SCT018 28/25 Q1012 NOSIG
WABB,2023-09-16 00:00,6.21,M,220.00,7.00,WABB 160000Z 22007KT 040V220 9999 SCT018 29/26 Q1012 NOSIG
WABB,2023-09-16 00:30,6.21,M,230.00,3.00,WABB 160030Z 23003KT 060V230 9999 SCT018 29/25 Q1012 NOSIG
WABB,2023-09-16 01:00,5.59,M,270.00,10.00,WABB 160100Z 27010KT 100V270 9000 BKN018 28/25 Q1012 NOSIG
WABB,2023-09-16 01:30,5.59,-RA,260.00,7.00,WABB 160130Z 26007KT 080V260 9000 -RA BKN018 27/24 Q1012 NOSIG
WABB,2023-09-16 02:00,6.21,M,270.00,7.00,WABB 160200Z 27007KT 070V270 9999 SCT018 SCT100 27/24 Q1011 RERA NOSIG
WABB,2023-09-16 02:30,6.21,M,270.00,8.00,WABB 160230Z 27008KT 080V270 9999 SCT018 BKN100 27/24 Q1011 NOSIG
WABB,2023-09-16 03:00,6.21,M,290.00,9.00,WABB 160300Z 29009KT 110V290 9999 SCT018 BKN100 27/24 Q1010 NOSIG
WABB,2023-09-16 03:30,6.21,M,290.00,10.00,WABB 160330Z 29010KT 090V290 9999 SCT018 BKN100 28/25 Q1010 NOSIG
WABB,2023-09-16 04:00,6.21,M,260.00,7.00,WABB 160400Z 26007KT 080V260 9999 SCT018 BKN100 28/25 Q1010 NOSIG
WABB,2023-09-16 04:30,6.21,M,250.00,8.00,WABB 160430Z 25008KT 070V250 9999 SCT018 SCT100 29/25 Q1009 NOSIG
WABB,2023-09-16 05:00,6.21,M,280.00,6.00,WABB 160500Z 28006KT 090V280 9999 SCT018 SCT100 28/25 Q1009 NOSIG
WABB,2023-09-16 05:30,6.21,M,250.00,6.00,WABB 160530Z 25006KT 070V250 9999 SCT018 SCT100 29/25 Q1009 NOSIG
WABB,2023-09-16 06:00,6.21,M,260.00,8.00,WABB 160600Z 26008KT 070V260 9999 SCT018 BKN100 29/25 Q1008 NOSIG
WABB,2023-09-16 06:30,6.21,M,280.00,3.00,WABB 160630Z 28003KT 080V280 9999 SCT018 BKN100 29/24 Q1008 NOSIG
WABB,2023-09-16 07:00,6.21,M,260.00,7.00,WABB 160700Z 26007KT 080V260 9999 SCT018 BKN100 28/25 Q1008 NOSIG
WABB,2023-09-16 07:30,6.21,M,290.00,7.00,WABB 160730Z 29007KT 100V290 9999 FEW018 BKN100 28/25 Q1008 NOSIG
WABB,2023-09-16 08:00,6.21,M,280.00,7.00,WABB 160800Z 28007KT 100V280 9999 FEW018 BKN100 28/25 Q1009 NOSIG
WABB,2023-09-16 08:30,6.21,M,290.00,5.00,WABB 160830Z 29005KT 100V290 9999 FEW018 BKN100 28/25 Q1009 NOSIG
WABB,2023-09-16 09:00,6.21,M,300.00,3.00,WABB 160900Z 30003KT 120V300 9999 FEW018 BKN100 27/25 Q1009 NOSIG
WABB,2023-09-16 09:30,6.21,M,M,2.00,WABB 160930Z VRB02KT 9999 FEW018 BKN100 27/25 Q1010 NOSIG
WABB,2023-09-16 10:00,6.21,M,300.00,4.00,WABB 161000Z 30004KT 120V300 9999 FEW018 BKN100 27/25 Q1010 NOSIG
WABB,2023-09-16 10:30,6.21,M,300.00,4.00,WABB 161030Z 30004KT 120V300 9999 FEW018 BKN100 27/25 Q1010 NOSIG
WABB,2023-09-16 11:00,6.21,M,M,2.00,WABB 161100Z VRB02KT 9999 FEW018 BKN100 26/25 Q1010 NOSIG
WABB,2023-09-16 11:30,6.21,M,M,2.00,WABB 161130Z VRB02KT 9999 FEW018 BKN100 26/25 Q1010 NOSIG
WABB,2023-09-16 12:00,6.21,M,M,2.00,WABB 161200Z VRB02KT 9999 FEW018 BKN100 26/25 Q1011 NOSIG
WABB,2023-09-16 12:30,6.21,M,310.00,3.00,WABB 161230Z 31003KT 130V310 9999 FEW018 BKN100 26/25 Q1011 NOSIG
WABB,2023-09-16 13:00,6.21,M,M,2.00,WABB 161300Z VRB02KT 9999 FEW018 BKN100 26/25 Q1011 NOSIG
WABB,2023-09-16 13:30,6.21,M,M,2.00,WABB 161330Z VRB02KT 9999 FEW018 BKN100 26/25 Q1011 NOSIG
WABB,2023-09-16 14:00,6.21,M,310.00,3.00,WABB 161400Z 31003KT 130V310 9999 FEW018 BKN100 26/25 Q1011 NOSIG
WABB,2023-09-16 14:30,6.21,M,M,2.00,WABB 161430Z VRB02KT 9999 FEW018 BKN100 26/25 Q1011 NOSIG
WABB,2023-09-16 15:00,6.21,M,350.00,3.00,WABB 161500Z 35003KT 170V350 9999 FEW018 BKN100 26/25 Q1010 NOSIG
WABB,2023-09-16 15:30,6.21,M,M,2.00,WABB 161530Z VRB02KT 9999 FEW018 BKN100 26/25 Q1010 NOSIG
WABB,2023-09-16 17:30,6.21,M,320.00,3.00,WABB 161730Z 32003KT 140V320 9999 FEW018 BKN100 25/24 Q1009 NOSIG
WABB,2023-09-16 18:00,6.21,M,330.00,5.00,WABB 161800Z 33005KT 140V330 9999 FEW018 BKN100 25/24 Q1009 NOSIG
WABB,2023-09-16 18:30,6.21,M,310.00,3.00,WABB 161830Z 31003KT 130V310 9999 FEW018 BKN100 26/24 Q1009 NOSIG
WABB,2023-09-16 19:00,6.21,M,320.00,3.00,WABB 161900Z 32003KT 140V320 9999 FEW018 BKN100 26/24 Q1009 NOSIG
WABB,2023-09-16 19:30,6.21,M,310.00,3.00,WABB 161930Z 31003KT 130V310 9999 FEW018 BKN100 26/24 Q1009 NOSIG
WABB,2023-09-17 00:00,6.21,M,290.00,9.00,WABB 170000Z 29009KT 090V290 9999 SCT018 BKN100 29/25 Q1011 NOSIG
WABB,2023-09-17 00:30,4.97,-RA,240.00,3.00,WABB 170030Z 24003KT 060V240 8000 -RA SCT018 BKN100 27/25 Q1011 TEMPO -RA
WABB,2023-09-17 01:00,5.59,M,240.00,9.00,WABB 170100Z 24009KT 050V240 9000 SCT018 BKN100 28/25 Q1010 RERA NOSIG
WABB,2023-09-17 01:30,5.59,M,180.00,5.00,WABB 170130Z 18005KT 020V180 9000 SCT018 BKN100 28/26 Q1010 NOSIG
WABB,2023-09-17 02:00,5.59,-RA,230.00,9.00,WABB 170200Z 23009KT 050V230 9000 -RA SCT018 BKN100 29/26 Q1010 TEMPO -RA
WABB,2023-09-17 02:30,5.59,-RA,240.00,12.00,WABB 170230Z 24012KT 050V240 9000 -RA SCT018 BKN100 30/25 Q1009 TEMPO -RA
WABB,2023-09-17 03:00,5.59,M,260.00,8.00,WABB 170300Z 26008KT 060V260 9000 SCT018 BKN100 30/25 Q1009 RERA NOSIG
WABB,2023-09-17 03:30,5.59,M,270.00,6.00,WABB 170330Z 27006KT 070V270 9000 SCT018 BKN100 30/25 Q1008 NOSIG
WABB,2023-09-17 04:00,6.21,M,220.00,8.00,WABB 170400Z 22008KT 070V220 9999 SCT018 BKN100 30/24 Q1008 NOSIG
WABB,2023-09-17 04:30,6.21,M,240.00,7.00,WABB 170430Z 24007KT 060V240 9999 SCT018 BKN100 30/25 Q1008 NOSIG
WABB,2023-09-17 05:00,6.21,M,270.00,8.00,WABB 170500Z 27008KT 070V270 9999 SCT018 BKN100 29/24 Q1007 NOSIG
WABB,2023-09-17 05:30,6.21,M,250.00,10.00,WABB 170530Z 25010KT 080V250 9999 SCT018 BKN100 29/24 Q1007 NOSIG
WABB,2023-09-17 06:00,6.21,M,250.00,10.00,WABB 170600Z 25010KT 080V250 9999 SCT018 BKN100 30/25 Q1007 NOSIG
WABB,2023-09-17 06:30,6.21,M,260.00,11.00,WABB 170630Z 26011KT 090V260 9999 SCT018 BKN100 30/24 Q1007 NOSIG
WABB,2023-09-17 07:00,6.21,M,280.00,10.00,WABB 170700Z 28010KT 080V280 9999 SCT018 BKN100 30/24 Q1008 NOSIG
WABB,2023-09-17 07:30,6.21,M,270.00,8.00,WABB 170730Z 27008KT 080V270 9999 SCT018 BKN100 30/24 Q1008 NOSIG
WABB,2023-09-17 08:00,6.21,M,260.00,9.00,WABB 170800Z 26009KT 080V260 9999 SCT018 BKN100 29/24 Q1008 NOSIG
WABB,2023-09-17 08:30,6.21,M,270.00,10.00,WABB 170830Z 27010KT 090V270 9999 SCT018 BKN100 29/24 Q1008 NOSIG
WABB,2023-09-17 09:00,6.21,M,280.00,9.00,WABB 170900Z 28009KT 100V280 9999 SCT018 BKN100 28/24 Q1009 NOSIG
WABB,2023-09-17 09:30,6.21,M,270.00,5.00,WABB 170930Z 27005KT 100V270 9999 SCT018 BKN100 28/24 Q1009 NOSIG
WABB,2023-09-17 10:00,6.21,M,M,2.00,WABB 171000Z VRB02KT 9999 SCT018 BKN100 27/24 Q1009 NOSIG
WABB,2023-09-17 10:30,6.21,M,330.00,3.00,WABB 171030Z 33003KT 150V330 9999 SCT018 BKN100 27/24 Q1010 NOSIG
WABB,2023-09-17 11:00,6.21,M,340.00,3.00,WABB 171100Z 34003KT 160V340 9999 SCT018 26/24 Q1010 NOSIG
WABB,2023-09-17 11:30,6.21,M,10.00,3.00,WABB 171130Z 01003KT 010V270 9999 SCT018 26/24 Q1010 NOSIG
WABB,2023-09-17 12:00,6.21,M,0.00,0.00,WABB 171200Z 00000KT 9999 FEW018 26/24 Q1010 NOSIG
WABB,2023-09-17 12:30,6.21,M,M,2.00,WABB 171230Z VRB02KT 9999 FEW018 26/24 Q1010 NOSIG
WABB,2023-09-17 13:00,6.21,M,0.00,0.00,WABB 171300Z 00000KT 9999 FEW018 26/24 Q1010 NOSIG
WABB,2023-09-17 13:30,6.21,M,M,2.00,WABB 171330Z VRB02KT 9999 FEW018 26/24 Q1010 NOSIG
WABB,2023-09-17 14:00,6.21,M,M,2.00,WABB 171400Z VRB02KT 9999 FEW018 25/24 Q1010 NOSIG
WABB,2023-09-17 14:30,6.21,M,M,2.00,WABB 171430Z VRB02KT 9999 SCT018 25/24 Q1010 NOSIG
WABB,2023-09-17 15:00,6.21,M,0.00,0.00,WABB 171500Z 00000KT 9999 SCT018 26/24 Q1009 NOSIG
WABB,2023-09-17 15:30,6.21,M,0.00,0.00,WABB 171530Z 00000KT 9999 SCT018 26/24 Q1010 NOSIG
WABB,2023-09-17 16:00,6.21,M,M,2.00,WABB 171600Z VRB02KT 9999 BKN018 26/24 Q1009 NOSIG
WABB,2023-09-17 16:30,6.21,M,M,2.00,WABB 171630Z VRB02KT 9999 SCT018 SCT100 26/24 Q1009 NOSIG
WABB,2023-09-17 17:00,6.21,M,M,2.00,WABB 171700Z VRB02KT 9999 SCT018 SCT100 26/24 Q1009 NOSIG
WABB,2023-09-17 17:30,6.21,M,M,2.00,WABB 171730Z VRB02KT 9999 SCT018 SCT100 26/24 Q1009 NOSIG
WABB,2023-09-17 18:00,6.21,M,300.00,4.00,WABB 171800Z 30004KT 120V300 9999 SCT018 SCT100 26/24 Q1008 NOSIG
WABB,2023-09-17 18:30,6.21,M,M,2.00,WABB 171830Z VRB02KT 9999 SCT018 SCT100 26/24 Q1008 NOSIG
WABB,2023-09-17 19:00,6.21,M,M,2.00,WABB 171900Z VRB02KT 9999 SCT018 SCT100 25/24 Q1008 NOSIG
WABB,2023-09-17 19:30,6.21,M,M,2.00,WABB 171930Z VRB02KT 9999 SCT018 SCT100 25/24 Q1008 NOSIG
WABB,2023-09-17 20:00,6.21,M,240.00,3.00,WABB 172000Z 24003KT 060V240 9999 SCT018 SCT100 26/24 Q1009 NOSIG
WABB,2023-09-17 20:30,5.59,-RA,250.00,5.00,WABB 172030Z 25005KT 070V250 9000 -RA BKN018 BKN100 27/24 Q1009 TEMPO -RA
WABB,2023-09-17 21:00,4.97,-RA,80.00,5.00,WABB 172100Z 08005KT 190V080 8000 -RA BKN018 BKN100 25/25 Q1009 TEMPO -RA
WABB,2023-09-17 21:30,5.59,-RA,0.00,0.00,WABB 172130Z 00000KT 9000 -RA SCT018 BKN100 25/25 Q1009 NOSIG
WABB,2023-09-17 22:00,5.59,M,M,2.00,WABB 172200Z VRB02KT 9000 SCT018 BKN100 26/25 Q1010 RERA NOSIG
WABB,2023-09-17 22:30,5.59,M,330.00,3.00,WABB 172230Z 33003KT 160V330 9000 SCT018 BKN100 26/26 Q1010 NOSIG
WABB,2023-09-17 23:00,5.59,M,310.00,4.00,WABB 172300Z 31004KT 140V310 9000 SCT018 BKN100 27/26 Q1010 NOSIG
WABB,2023-09-17 23:30,6.21,M,M,2.00,WABB 172330Z VRB02KT 9999 SCT018 SCT100 28/25 Q1010 NOSIG
WABB,2023-09-18 00:00,6.21,M,300.00,3.00,WABB 180000Z 30003KT 100V300 9999 SCT018 SCT100 28/25 Q1011 NOSIG
WABB,2023-09-18 00:30,6.21,M,250.00,6.00,WABB 180030Z 25006KT 060V250 9999 SCT018 SCT100 29/26 Q1010 NOSIG
WABB,2023-09-18 01:00,6.21,M,260.00,7.00,WABB 180100Z 26007KT 080V260 9999 SCT018 SCT100 29/24 Q1010 NOSIG
WABB,2023-09-18 01:30,6.21,M,250.00,6.00,WABB 180130Z 25006KT 060V250 9999 SCT018 SCT100 29/24 Q1010 NOSIG
WABB,2023-09-18 02:00,6.21,M,240.00,8.00,WABB 180200Z 24008KT 060V240 9999 SCT018 SCT100 29/24 Q1009 NOSIG
WABB,2023-09-18 02:30,6.21,M,250.00,8.00,WABB 180230Z 25008KT 060V250 9999 SCT018 SCT100 29/24 Q1009 NOSIG
WABB,2023-09-18 03:00,6.21,M,220.00,9.00,WABB 180300Z 22009KT 060V220 9999 SCT018 SCT100 29/24 Q1009 NOSIG
WABB,2023-09-18 03:30,6.21,M,260.00,8.00,WABB 180330Z 26008KT 060V260 9999 SCT018 SCT100 29/25 Q1008 NOSIG
WABB,2023-09-18 04:00,6.21,M,230.00,9.00,WABB 180400Z 23009KT 050V230 9999 SCT018 SCT100 30/25 Q1008 NOSIG
WABB,2023-09-18 04:30,6.21,M,260.00,7.00,WABB 180430Z 26007KT 060V260 9999 SCT018 SCT100 29/24 Q1008 NOSIG
WABB,2023-09-18 05:00,6.21,M,270.00,7.00,WABB 180500Z 27007KT 080V270 9999 SCT018 SCT100 29/25 Q1008 NOSIG
WABB,2023-09-18 05:30,6.21,M,220.00,7.00,WABB 180530Z 22007KT 060V220 9999 SCT018 SCT100 30/25 Q1007 NOSIG
WABB,2023-09-18 06:00,6.21,M,230.00,7.00,WABB 180600Z 23007KT 070V230 9999 SCT018 SCT100 30/25 Q1007 NOSIG
WABB,2023-09-18 06:30,6.21,M,250.00,7.00,WABB 180630Z 25007KT 080V250 9999 SCT018 SCT100 30/25 Q1007 NOSIG
WABB,2023-09-18 07:00,6.21,M,290.00,6.00,WABB 180700Z 29006KT 090V290 9999 SCT018 SCT100 30/24 Q1007 NOSIG
WABB,2023-09-18 07:30,6.21,M,270.00,6.00,WABB 180730Z 27006KT 080V270 9999 SCT018 SCT100 30/25 Q1007 NOSIG
WABB,2023-09-18 08:00,6.21,M,290.00,6.00,WABB 180800Z 29006KT 110V290 9999 SCT018 SCT100 29/24 Q1007 NOSIG
WABB,2023-09-18 08:30,6.21,M,260.00,7.00,WABB 180830Z 26007KT 090V260 9999 SCT018 SCT100 28/24 Q1008 NOSIG
WABB,2023-09-18 09:00,6.21,M,270.00,3.00,WABB 180900Z 27003KT 090V270 9999 SCT018 SCT100 28/24 Q1008 NOSIG
WABB,2023-09-18 09:30,6.21,M,280.00,5.00,WABB 180930Z 28005KT 100V280 9999 SCT018 SCT100 28/25 Q1009 NOSIG
WABB,2023-09-18 10:00,6.21,M,300.00,3.00,WABB 181000Z 30003KT 120V300 9999 SCT018 SCT100 27/25 Q1009 NOSIG
WABB,2023-09-18 10:30,6.21,M,M,2.00,WABB 181030Z VRB02KT 9999 SCT018 SCT100 27/25 Q1009 NOSIG
WABB,2023-09-18 11:30,6.21,M,M,2.00,WABB 181130Z VRB02KT 9999 SCT018 SCT100 26/24 Q1010 NOSIG
WABB,2023-09-18 12:00,6.21,M,M,2.00,WABB 181200Z VRB02KT 9999 SCT018 SCT100 26/24 Q1010 NOSIG
WABB,2023-09-18 12:30,6.21,M,0.00,0.00,WABB 181230Z 00000KT 9999 SCT018 SCT100 26/24 Q1011 NOSIG
WABB,2023-09-18 13:00,6.21,M,M,2.00,WABB 181300Z VRB02KT 9999 SCT018 SCT100 25/24 Q1011 NOSIG
WABB,2023-09-18 13:30,6.21,M,M,2.00,WABB 181330Z VRB02KT 9999 SCT018 SCT100 25/24 Q1011 NOSIG
WABB,2023-09-18 14:00,6.21,M,0.00,0.00,WABB 181400Z 00000KT 9999 SCT018 SCT100 25/24 Q1010 NOSIG
WABB,2023-09-18 14:30,6.21,M,0.00,0.00,WABB 181430Z 00000KT 9999 SCT018 SCT100 25/24 Q1010 NOSIG
WABB,2023-09-18 15:00,6.21,M,50.00,3.00,WABB 181500Z 05003KT 230V050 9999 SCT018 SCT100 25/24 Q1010 NOSIG
WABB,2023-09-18 15:30,6.21,M,M,2.00,WABB 181530Z VRB02KT 9999 SCT018 SCT100 25/24 Q1010 NOSIG
WABB,2023-09-18 16:00,6.21,M,M,2.00,WABB 181600Z VRB02KT 9999 SCT018 SCT100 24/24 Q1009 NOSIG
WABB,2023-09-18 16:30,6.21,M,M,2.00,WABB 181630Z VRB02KT 9999 SCT018 SCT100 24/24 Q1009 NOSIG
WABB,2023-09-18 17:00,6.21,M,0.00,0.00,WABB 181700Z 00000KT 9999 SCT018 SCT100 24/24 Q1009 NOSIG
WABB,2023-09-18 17:30,6.21,M,M,2.00,WABB 181730Z VRB02KT 9999 SCT018 SCT100 24/24 Q1009 NOSIG
WABB,2023-09-18 18:00,6.21,M,M,2.00,WABB 181800Z VRB02KT 9999 SCT018 SCT100 24/24 Q1009 NOSIG
WABB,2023-09-18 18:30,6.21,M,0.00,0.00,WABB 181830Z 00000KT 9999 SCT018 SCT100 24/24 Q1009 NOSIG
WABB,2023-09-18 19:00,6.21,M,0.00,0.00,WABB 181900Z 00000KT 9999 SCT018 SCT100 24/24 Q1009 NOSIG
WABB,2023-09-18 19:30,6.21,M,M,2.00,WABB 181930Z VRB02KT 9999 SCT018 SCT100 24/24 Q1009 NOSIG
WABB,2023-09-18 20:00,6.21,M,M,2.00,WABB 182000Z VRB02KT 9999 SCT018 SCT100 25/24 Q1009 NOSIG
WABB,2023-09-18 20:30,6.21,M,0.00,0.00,WABB 182030Z 00000KT 9999 SCT018 SCT100 24/24 Q1009 NOSIG
WABB,2023-09-18 21:00,6.21,M,M,2.00,WABB 182100Z VRB02KT 9999 SCT018 SCT100 25/24 Q1010 NOSIG
WABB,2023-09-18 21:30,6.21,M,360.00,3.00,WABB 182130Z 36003KT 270V360 9999 SCT018 SCT100 25/25 Q1010 NOSIG
WABB,2023-09-18 22:00,6.21,M,M,2.00,WABB 182200Z VRB02KT 9999 SCT018 SCT100 26/26 Q1010 NOSIG
WABB,2023-09-18 22:30,5.59,-RA,M,2.00,WABB 182230Z VRB02KT 9000 -RA SCT018 SCT100 27/26 Q1011 NOSIG
WABB,2023-09-18 23:00,5.59,-RA,10.00,4.00,WABB 182300Z 01004KT 010V250 9000 -RA SCT018 SCT100 26/25 Q1011 NOSIG
WABB,2023-09-18 23:30,5.59,-RA,40.00,3.00,WABB 182330Z 04003KT 230V040 9000 -RA SCT018 BKN100 26/25 Q1011 NOSIG
WABB,2023-09-19 00:00,4.97,-RA,40.00,4.00,WABB 190000Z 04004KT 240V040 8000 -RA SCT018 BKN100 26/26 Q1011 NOSIG
WABB,2023-09-19 00:30,4.97,-RA,90.00,7.00,WABB 190030Z 09007KT 180V090 8000 -RA SCT018 BKN100 27/26 Q1012 NOSIG
WABB,2023-09-19 01:00,5.59,M,50.00,4.00,WABB 190100Z 05004KT 220V050 9000 SCT018 BKN100 27/25 Q1012 RERA NOSIG
WABB,2023-09-19 01:30,5.59,M,70.00,3.00,WABB 190130Z 07003KT 210V070 9000 SCT018 BKN100 26/25 Q1011 NOSIG
WABB,2023-09-19 02:00,5.59,M,M,2.00,WABB 190200Z VRB02KT 9000 SCT018 BKN100 27/25 Q1011 NOSIG
WABB,2023-09-19 02:30,5.59,-RA,40.00,3.00,WABB 190230Z 04003KT 220V040 9000 -RA SCT018 BKN100 27/25 Q1010 NOSIG
WABB,2023-09-19 03:00,5.59,-RA,60.00,5.00,WABB 190300Z 06005KT 210V060 9000 -RA SCT018 BKN100 27/25 Q1010 NOSIG
WABB,2023-09-19 03:30,5.59,-RA,40.00,5.00,WABB 190330Z 04005KT 210V040 9000 -RA SCT018 BKN100 27/25 Q1010 NOSIG
WABB,2023-09-19 04:30,5.59,-RA,30.00,5.00,WABB 190430Z 03005KT 030V240 9000 -RA SCT018 BKN100 27/25 Q1009 NOSIG
WABB,2023-09-19 05:00,5.59,M,30.00,4.00,WABB 190500Z 03004KT 230V030 9000 SCT018 BKN100 27/25 Q1009 RERA NOSIG
WABB,2023-09-19 05:30,5.59,M,20.00,4.00,WABB 190530Z 02004KT 020V250 9000 SCT018 BKN100 27/25 Q1008 NOSIG
WABB,2023-09-19 06:00,5.59,M,40.00,5.00,WABB 190600Z 04005KT 240V040 9000 SCT018 BKN100 27/25 Q1008 NOSIG
WABB,2023-09-19 06:30,5.59,M,20.00,3.00,WABB 190630Z 02003KT 020V250 9000 SCT018 BKN100 26/25 Q1008 RERA NOSIG
WABB,2023-09-19 07:00,5.59,M,50.00,4.00,WABB 190700Z 05004KT 220V050 9000 SCT018 BKN100 26/25 Q1008 NOSIG
WABB,2023-09-19 07:30,5.59,M,60.00,5.00,WABB 190730Z 06005KT 210V060 9000 SCT018 BKN100 26/25 Q1008 NOSIG
WABB,2023-09-19 08:00,5.59,M,M,2.00,WABB 190800Z VRB02KT 9000 SCT018 BKN100 26/25 Q1009 NOSIG
WABB,2023-09-19 08:30,5.59,M,360.00,3.00,WABB 190830Z 36003KT 170V360 9000 SCT018 BKN100 26/25 Q1009 NOSIG
WABB,2023-09-19 09:00,5.59,M,50.00,4.00,WABB 190900Z 05004KT 230V050 9000 SCT018 BKN100 26/25 Q1010 NOSIG
WABB,2023-09-19 09:30,5.59,M,40.00,4.00,WABB 190930Z 04004KT 220V040 9000 SCT018 BKN100 26/25 Q1010 NOSIG
WABB,2023-09-19 10:00,5.59,M,60.00,3.00,WABB 191000Z 06003KT 220V060 9000 SCT018 BKN100 26/25 Q1011 NOSIG
WABB,2023-09-19 10:30,5.59,M,60.00,5.00,WABB 191030Z 06005KT 220V060 9000 SCT018 BKN100 26/24 Q1011 NOSIG
WABB,2023-09-19 12:00,5.59,M,60.00,4.00,WABB 191200Z 06004KT 210V060 9000 SCT018 SCT100 26/24 Q1012 NOSIG
WABB,2023-09-19 12:30,5.59,M,M,2.00,WABB 191230Z VRB02KT 9000 SCT018 SCT100 26/24 Q1012 NOSIG
WABB,2023-09-19 13:00,5.59,M,M,2.00,WABB 191300Z VRB02KT 9000 SCT018 SCT100 26/24 Q1012 NOSIG
WABB,2023-09-19 13:30,5.59,M,30.00,4.00,WABB 191330Z 03004KT 030V240 9000 SCT018 SCT100 26/24 Q1012 NOSIG
WABB,2023-09-19 14:00,5.59,M,50.00,3.00,WABB 191400Z 05003KT 230V050 9000 SCT018 SCT100 25/24 Q1012 NOSIG
WABB,2023-09-19 14:30,5.59,M,M,2.00,WABB 191430Z VRB02KT 9000 SCT018 SCT100 25/24 Q1012 NOSIG
WABB,2023-09-19 15:00,5.59,M,M,2.00,WABB 191500Z VRB02KT 9000 SCT018 SCT100 25/24 Q1012 NOSIG
WABB,2023-09-19 15:30,5.59,M,M,2.00,WABB 191530Z VRB02KT 9000 SCT018 SCT100 25/24 Q1011 NOSIG
WABB,2023-09-19 16:00,5.59,M,20.00,4.00,WABB 191600Z 02004KT 020V240 9000 SCT018 SCT100 25/24 Q1011 NOSIG
WABB,2023-09-19 16:30,5.59,M,30.00,4.00,WABB 191630Z 03004KT 030V240 9000 SCT018 SCT100 25/25 Q1010 NOSIG
WABB,2023-09-19 17:00,6.21,M,M,2.00,WABB 191700Z VRB02KT 9999 SCT018 SCT100 25/24 Q1010 NOSIG
WABB,2023-09-19 17:30,6.21,M,20.00,4.00,WABB 191730Z 02004KT 020V250 9999 SCT018 SCT100 25/24 Q1010 NOSIG
WABB,2023-09-19 18:00,6.21,M,40.00,3.00,WABB 191800Z 04003KT 230V040 9999 SCT018 SCT100 25/24 Q1010 NOSIG
WABB,2023-09-19 18:30,6.21,M,M,2.00,WABB 191830Z VRB02KT 9999 SCT018 SCT100 25/24 Q1010 NOSIG
WABB,2023-09-19 19:00,6.21,M,M,2.00,WABB 191900Z VRB02KT 9999 SCT018 SCT100 25/24 Q1009 NOSIG
WABB,2023-09-19 19:30,6.21,M,M,2.00,WABB 191930Z VRB02KT 9999 SCT018 SCT100 25/24 Q1009 NOSIG
WABB,2023-09-19 20:00,6.21,M,M,2.00,WABB 192000Z VRB02KT 9999 SCT018 SCT100 25/24 Q1010 NOSIG
WABB,2023-09-19 20:30,6.21,M,0.00,0.00,WABB 192030Z 00000KT 9999 SCT018 SCT100 25/24 Q1010 NOSIG
WABB,2023-09-19 21:00,6.21,M,M,2.00,WABB 192100Z VRB02KT 9999 SCT018 SCT100 25/24 Q1010 NOSIG
WABB,2023-09-19 21:30,6.21,M,40.00,3.00,WABB 192130Z 04003KT 230V040 9999 SCT018 SCT100 25/25 Q1010 NOSIG
WABB,2023-09-19 22:00,6.21,M,40.00,3.00,WABB 192200Z 04003KT 230V040 9999 SCT018 SCT100 26/25 Q1011 NOSIG
WABB,2023-09-19 22:30,6.21,M,50.00,4.00,WABB 192230Z 05004KT 220V050 9999 SCT018 SCT100 26/25 Q1011 NOSIG
WABB,2023-09-19 23:00,6.21,M,30.00,3.00,WABB 192300Z 03003KT 230V030 9999 SCT018 SCT100 27/25 Q1011 NOSIG
WABB,2023-09-19 23:30,6.21,M,M,2.00,WABB 192330Z VRB02KT 9999 FEW018 OVC100 28/25 Q1011 NOSIG
WABB,2023-09-20 00:00,6.21,M,140.00,3.00,WABB 200000Z 14003KT 9999 FEW018 OVC100 28/25 Q1011 NOSIG
WABB,2023-09-20 00:30,6.21,M,140.00,3.00,WABB 200030Z 14003KT 9999 FEW018 OVC100 28/25 Q1011 NOSIG
WABB,2023-09-20 01:00,6.21,M,M,2.00,WABB 200100Z VRB02KT 9999 FEW018 BKN100 29/26 Q1011 NOSIG
WABB,2023-09-20 01:30,6.21,M,120.00,3.00,WABB 200130Z 12003KT 9999 SCT018 BKN100 29/26 Q1010 RERA NOSIG
WABB,2023-09-20 02:00,6.21,M,200.00,4.00,WABB 200200Z 20004KT 020V200 9999 SCT018 SCT100 30/26 Q1010 NOSIG
WABB,2023-09-20 02:30,6.21,M,M,2.00,WABB 200230Z VRB02KT 9999 SCT018 SCT100 30/26 Q NOSIG
WABB,2023-09-20 03:00,6.21,M,220.00,4.00,WABB 200300Z 22004KT 030V220 9999 SCT018 30/25 Q1009 NOSIG
WABB,2023-09-20 03:30,6.21,M,200.00,4.00,WABB 200330Z 20004KT 020V200 9999 SCT018 30/25 Q1009 NOSIG
WABB,2023-09-20 04:00,6.21,M,170.00,6.00,WABB 200400Z 17006KT 090V190 9999 SCT018 30/25 Q1008 NOSIG
WABB,2023-09-20 04:30,6.21,M,180.00,5.00,WABB 200430Z 18005KT 100V180 9999 SCT018 30/25 Q1008 NOSIG
WABB,2023-09-20 05:00,6.21,M,170.00,4.00,WABB 200500Z 17004KT 020V170 9999 SCT018 30/25 Q1007 NOSIG
WABB,2023-09-20 05:30,6.21,M,170.00,3.00,WABB 200530Z 17003KT 9999 SCT018 30/25 Q1007 NOSIG
WABB,2023-09-20 06:00,6.21,M,190.00,3.00,WABB 200600Z 19003KT 020V190 9999 SCT018 30/25 Q1007 NOSIG
WABB,2023-09-20 06:30,6.21,M,210.00,4.00,WABB 200630Z 21004KT 030V210 9999 SCT018 30/25 Q1007 NOSIG
WABB,2023-09-20 07:00,6.21,M,250.00,4.00,WABB 200700Z 25004KT 060V250 9999 SCT018 30/25 Q1007 NOSIG
WABB,2023-09-20 07:30,6.21,M,250.00,7.00,WABB 200730Z 25007KT 060V250 9999 SCT018 30/25 Q1007 NOSIG
WABB,2023-09-20 08:00,6.21,M,270.00,3.00,WABB 200800Z 27003KT 070V270 9999 SCT018 29/25 Q1007 NOSIG
WABB,2023-09-20 08:30,5.59,M,280.00,3.00,WABB 200830Z 28003KT 100V280 9000 SCT018 SCT100 29/25 Q1008 NOSIG
WABB,2023-09-20 09:00,5.59,M,270.00,3.00,WABB 200900Z 27003KT 100V270 9000 SCT018 SCT100 28/25 Q1008 NOSIG
WABB,2023-09-20 09:30,5.59,M,280.00,4.00,WABB 200930Z 28004KT 100V280 9000 SCT018 SCT100 28/25 Q1008 NOSIG
WABB,2023-09-20 10:00,5.59,M,10.00,4.00,WABB 201000Z 01004KT 010V260 9000 SCT018 SCT100 28/25 Q1009 NOSIG
WABB,2023-09-20 10:30,5.59,M,340.00,6.00,WABB 201030Z 34006KT 160V340 9000 SCT018 SCT100 27/25 Q1010 NOSIG
WABB,2023-09-20 11:00,5.59,M,340.00,6.00,WABB 201100Z 34006KT 160V340 9000 SCT018 SCT100 27/25 Q1010 NOSIG
WABB,2023-09-20 11:30,5.59,M,10.00,3.00,WABB 201130Z 01003KT 010V260 9000 SCT018 SCT100 27/25 Q1010 NOSIG
WABB,2023-09-20 12:00,5.59,M,350.00,3.00,WABB 201200Z 35003KT 180V350 9000 SCT018 SCT100 27/24 Q1011 NOSIG
WABB,2023-09-20 12:30,5.59,M,330.00,3.00,WABB 201230Z 33003KT 160V330 9000 SCT018 SCT100 26/25 Q1011 NOSIG
WABB,2023-09-20 13:00,5.59,M,340.00,3.00,WABB 201300Z 34003KT 160V340 9000 SCT018 SCT100 26/25 Q1011 NOSIG
WABB,2023-09-20 13:30,5.59,M,M,2.00,WABB 201330Z VRB02KT 9000 SCT018 SCT100 26/24 Q1011 NOSIG
WABB,2023-09-20 14:00,5.59,M,M,2.00,WABB 201400Z VRB02KT 9000 SCT018 SCT100 26/24 Q1011 NOSIG
WABB,2023-09-20 14:30,5.59,M,30.00,3.00,WABB 201430Z 03003KT 030V240 9000 SCT018 SCT100 26/24 Q1010 NOSIG
WABB,2023-09-20 15:00,5.59,M,50.00,4.00,WABB 201500Z 05004KT 220V050 9000 SCT018 SCT100 26/24 Q1010 NOSIG
WABB,2023-09-20 15:30,5.59,M,M,2.00,WABB 201530Z VRB02KT 9000 SCT018 SCT100 26/24 Q1009 NOSIG
WABB,2023-09-20 16:00,5.59,M,20.00,4.00,WABB 201600Z 02004KT 020V240 9000 SCT018 SCT100 26/24 Q1009 NOSIG
WABB,2023-09-20 16:30,5.59,M,M,2.00,WABB 201630Z VRB02KT 9000 SCT018 SCT100 25/24 Q1009 NOSIG
WABB,2023-09-20 17:00,5.59,M,300.00,3.00,WABB 201700Z 30003KT 130V300 9000 SCT018 SCT100 25/24 Q1009 NOSIG
WABB,2023-09-20 17:30,5.59,M,M,2.00,WABB 201730Z VRB02KT 9000 SCT018 SCT100 25/24 Q1009 NOSIG
WABB,2023-09-20 18:00,5.59,M,M,2.00,WABB 201800Z VRB02KT 9000 SCT018 SCT100 25/24 Q1009 NOSIG
WABB,2023-09-20 18:30,5.59,M,M,2.00,WABB 201830Z VRB02KT 9000 SCT018 SCT100 25/24 Q1009 NOSIG
WABB,2023-09-20 19:00,5.59,M,M,2.00,WABB 201900Z VRB02KT 9000 SCT018 SCT100 26/24 Q1010 NOSIG
WABB,2023-09-20 19:30,5.59,-RA,M,2.00,WABB 201930Z VRB02KT 9000 -RA SCT018 SCT100 25/24 Q1009 NOSIG
WABB,2023-09-20 20:00,5.59,M,M,2.00,WABB 202000Z VRB02KT 9000 SCT018 SCT100 25/24 Q1009 RERA NOSIG
WABB,2023-09-20 20:30,5.59,M,M,2.00,WABB 202030Z VRB02KT 9000 SCT018 SCT100 25/24 Q1010 NOSIG
WABB,2023-09-20 21:00,6.21,M,M,2.00,WABB 202100Z VRB02KT 9999 SCT018 SCT100 25/25 Q1010 NOSIG
WABB,2023-09-20 21:30,6.21,M,0.00,0.00,WABB 202130Z 00000KT 9999 SCT018 SCT100 26/25 Q1010 NOSIG
WABB,2023-09-20 22:30,6.21,M,300.00,3.00,WABB 202230Z 30003KT 150V300 9999 SCT018 SCT100 28/26 Q1011 NOSIG
WABB,2023-09-20 23:30,6.21,M,230.00,4.00,WABB 202330Z 23004KT 230V020 9999 SCT018 SCT100 29/26 Q1012 NOSIG
WABB,2023-09-21 00:00,6.21,M,220.00,3.00,WABB 210000Z 22003KT 060V220 9999 SCT018 SCT100 29/26 Q1012 NOSIG
WABB,2023-09-21 00:30,6.21,M,M,2.00,WABB 210030Z VRB02KT 9999 SCT018 SCT100 28/26 Q1012 NOSIG
WABB,2023-09-21 01:00,6.21,M,240.00,3.00,WABB 210100Z 24003KT 040V240 9999 SCT018 SCT100 30/26 Q1012 NOSIG
WABB,2023-09-21 01:30,6.21,M,220.00,6.00,WABB 210130Z 22006KT 040V220 9999 SCT018 SCT100 30/26 Q1011 NOSIG
WABB,2023-09-21 02:00,6.21,M,260.00,6.00,WABB 210200Z 26006KT 260V050 9999 SCT018 SCT100 30/26 Q1011 NOSIG
WABB,2023-09-21 02:30,6.21,M,190.00,5.00,WABB 210230Z 19005KT 040V190 9999 SCT018 SCT100 30/25 Q1010 NOSIG
WABB,2023-09-21 03:00,6.21,M,220.00,7.00,WABB 210300Z 22007KT 040V220 9999 SCT018 SCT100 30/25 Q1009 NOSIG
WABB,2023-09-21 03:30,6.21,M,320.00,6.00,WABB 210330Z 32006KT 150V320 9999 SCT018 SCT100 28/24 Q1009 NOSIG
WABB,2023-09-21 04:00,6.21,M,M,2.00,WABB 210400Z VRB02KT 9999 SCT018 SCT100 30/24 Q1008 NOSIG
WABB,2023-09-21 04:30,6.21,M,240.00,5.00,WABB 210430Z 24005KT 050V240 9999 SCT018 30/25 Q1008 NOSIG
WABB,2023-09-21 06:30,6.21,M,210.00,5.00,WABB 210630Z 21005KT 040V210 9999 SCT018 30/24 Q1007 NOSIG
WABB,2023-09-21 07:00,6.21,M,250.00,3.00,WABB 210700Z 25003KT 070V250 9999 SCT018 30/25 Q1007 NOSIG
WABB,2023-09-21 07:30,6.21,M,250.00,5.00,WABB 210730Z 25005KT 060V250 9999 SCT018 30/24 Q1007 NOSIG
WABB,2023-09-21 08:00,6.21,M,240.00,3.00,WABB 210800Z 24003KT 060V240 9999 SCT018 30/25 Q1008 NOSIG
WABB,2023-09-21 08:30,6.21,M,270.00,4.00,WABB 210830Z 27004KT 070V270 9999 SCT018 29/24 Q1008 NOSIG
WABB,2023-09-21 09:00,6.21,M,240.00,4.00,WABB 210900Z 24004KT 060V240 9999 SCT018 29/25 Q1008 NOSIG
WABB,2023-09-21 09:30,6.21,M,250.00,3.00,WABB 210930Z 25003KT 060V250 9999 SCT018 29/25 Q1009 NOSIG
WABB,2023-09-21 10:30,6.21,M,340.00,3.00,WABB 211030Z 34003KT 180V340 9999 SCT018 27/25 Q1009 NOSIG
WABB,2023-09-21 11:00,6.21,M,310.00,3.00,WABB 211100Z 31003KT 140V310 9999 FEW018 27/25 Q1009 NOSIG
WABB,2023-09-21 11:30,6.21,M,M,2.00,WABB 211130Z VRB02KT 9999 FEW018 27/25 Q1010 NOSIG
WABB,2023-09-21 12:00,6.21,M,M,2.00,WABB 211200Z VRB02KT 9999 FEW018 27/25 Q1010 NOSIG
WABB,2023-09-21 12:30,6.21,M,M,2.00,WABB 211230Z VRB02KT 9999 FEW018 27/25 Q1011 NOSIG
WABB,2023-09-21 13:00,6.21,M,M,2.00,WABB 211300Z VRB02KT 9999 FEW018 27/25 Q1011 NOSIG
WABB,2023-09-21 13:30,6.21,M,350.00,3.00,WABB 211330Z 35003KT 160V350 9999 FEW018 27/25 Q1010 NOSIG
WABB,2023-09-21 14:00,6.21,M,M,2.00,WABB 211400Z VRB02KT 9999 FEW018 27/25 Q1010 NOSIG
WABB,2023-09-21 14:30,6.21,M,M,2.00,WABB 211430Z VRB02KT 9999 SCT018 27/25 Q1010 NOSIG
WABB,2023-09-21 15:00,6.21,M,M,2.00,WABB 211500Z VRB02KT 9999 SCT018 27/25 Q1010 NOSIG
WABB,2023-09-21 15:30,6.21,M,M,2.00,WABB 211530Z VRB02KT 9999 SCT018 BKN100 27/25 Q1009 NOSIG
WABB,2023-09-21 16:00,6.21,M,M,2.00,WABB 211600Z VRB02KT 9999 SCT018 BKN100 27/25 Q1009 NOSIG
WABB,2023-09-21 16:30,6.21,M,M,2.00,WABB 211630Z VRB02KT 9999 SCT018 BKN100 27/24 Q1009 NOSIG
WABB,2023-09-21 17:00,5.59,-RA,M,2.00,WABB 211700Z VRB02KT 9000 -RA SCT018 BKN100 26/24 Q1008 TEMPO -RA
WABB,2023-09-21 17:30,5.59,-RA,M,2.00,WABB 211730Z VRB02KT 9000 -RA SCT018 OVC100 26/25 Q1008 NOSIG
WABB,2023-09-21 18:00,5.59,-RA,M,2.00,WABB 211800Z VRB02KT 9000 -RA SCT018 BKN100 26/25 Q1008 NOSIG
WABB,2023-09-21 18:30,5.59,-RA,10.00,3.00,WABB 211830Z 01003KT 010V260 9000 -RA SCT018 BKN100 26/25 Q1008 NOSIG
WABB,2023-09-21 19:00,5.59,-RA,300.00,4.00,WABB 211900Z 30004KT 110V300 9000 -RA BKN018 BKN100 26/25 Q1008 NOSIG
WABB,2023-09-21 19:30,6.21,M,M,2.00,WABB 211930Z VRB02KT 9999 SCT018 OVC100 26/25 Q1009 RERA NOSIG
WABB,2023-09-21 20:00,6.21,M,M,2.00,WABB 212000Z VRB02KT 9999 SCT018 OVC100 25/25 Q1009 NOSIG
WABB,2023-09-21 20:30,6.21,M,M,2.00,WABB 212030Z VRB02KT 9999 SCT018 OVC100 26/25 Q1009 NOSIG
WABB,2023-09-21 21:00,4.97,-RA,M,2.00,WABB 212100Z VRB02KT 8000 -RA BKN018 OVC100 26/25 Q1010 NOSIG
WABB,2023-09-21 21:30,4.97,-RA,230.00,6.00,WABB 212130Z 23006KT 060V230 8000 -RA BKN018 OVC100 26/25 Q1010 NOSIG
WABB,2023-09-21 22:00,3.11,-RA,270.00,5.00,WABB 212200Z 27005KT 090V270 5000 -RA BKN018 OVC100 26/25 Q1010 TEMPO -RA
WABB,2023-09-21 22:30,3.11,-RA,M,2.00,WABB 212230Z VRB02KT 5000 -RA BKN018 OVC100 26/24 Q1011 TEMPO -RA
WABB,2023-09-21 23:00,3.11,-RA,200.00,4.00,WABB 212300Z 20004KT 020V200 5000 -RA BKN018 OVC100 25/24 Q1011 TEMPO -RA
WABB,2023-09-21 23:30,3.11,-RA,260.00,3.00,WABB 212330Z 26003KT 080V260 5000 -RA BKN018 OVC100 25/24 Q1012 TEMPO -RA
WABB,2023-09-22 00:00,3.73,-RA,260.00,8.00,WABB 220000Z 26008KT 090V260 6000 -RA BKN018 OVC100 26/25 Q1012 TEMPO -RA
WABB,2023-09-22 00:30,5.59,M,240.00,7.00,WABB 220030Z 24007KT 080V240 9000 SCT018 BKN100 27/25 Q1012 RERA NOSIG
WABB,2023-09-22 01:00,5.59,M,270.00,5.00,WABB 220100Z 27005KT 080V270 9000 SCT018 BKN100 27/25 Q1012 NOSIG
WABB,2023-09-22 01:30,5.59,M,250.00,7.00,WABB 220130Z 25007KT 070V250 9000 SCT018 BKN100 27/25 Q1011 NOSIG
WABB,2023-09-22 02:00,5.59,M,290.00,8.00,WABB 220200Z 29008KT 290V080 9000 SCT018 BKN100 28/25 Q1011 NOSIG
WABB,2023-09-22 02:30,5.59,M,290.00,4.00,WABB 220230Z 29004KT 290V080 9000 SCT018 BKN100 28/25 Q1010 NOSIG
WABB,2023-09-22 03:00,5.59,M,170.00,3.00,WABB 220300Z 17003KT 040V170 9000 SCT018 BKN100 28/24 Q1010 NOSIG
WABB,2023-09-22 03:30,5.59,M,220.00,7.00,WABB 220330Z 22007KT 050V220 9000 SCT018 BKN100 29/25 Q1009 NOSIG
WABB,2023-09-22 04:00,5.59,M,250.00,6.00,WABB 220400Z 25006KT 070V250 9000 SCT018 BKN100 29/24 Q1009 NOSIG
WABB,2023-09-22 04:30,5.59,M,240.00,7.00,WABB 220430Z 24007KT 080V240 9000 SCT018 BKN100 28/25 Q1009 NOSIG
WABB,2023-09-22 05:00,5.59,M,220.00,7.00,WABB 220500Z 22007KT 050V220 9000 SCT018 BKN100 27/25 Q1008 NOSIG
WABB,2023-09-22 05:30,5.59,M,210.00,6.00,WABB 220530Z 21006KT 060V210 9000 SCT018 BKN100 28/25 Q1008 NOSIG
WABB,2023-09-22 06:00,6.21,M,230.00,5.00,WABB 220600Z 23005KT 060V230 9999 SCT018 BKN100 28/25 Q1007 NOSIG
WABB,2023-09-22 06:30,6.21,M,270.00,6.00,WABB 220630Z 27006KT 080V270 9999 SCT018 BKN100 28/24 Q1007 NOSIG
WABB,2023-09-22 07:00,6.21,M,280.00,7.00,WABB 220700Z 28007KT 080V280 9999 SCT018 BKN100 28/24 Q1006 NOSIG
WABB,2023-09-22 07:30,6.21,M,280.00,4.00,WABB 220730Z 28004KT 090V280 9999 SCT018 BKN100 28/24 Q1007 NOSIG
WABB,2023-09-22 08:00,6.21,M,250.00,4.00,WABB 220800Z 25004KT 070V250 9999 SCT018 BKN100 28/25 Q1007 NOSIG
WABB,2023-09-22 08:30,6.21,M,260.00,4.00,WABB 220830Z 26004KT 080V260 9999 SCT018 BKN100 28/25 Q1007 NOSIG
WABB,2023-09-22 09:00,6.21,M,240.00,3.00,WABB 220900Z 24003KT 060V240 9999 SCT018 BKN100 28/25 Q1007 NOSIG
WABB,2023-09-22 09:30,6.21,M,M,2.00,WABB 220930Z VRB02KT 9999 SCT018 BKN100 27/25 Q1008 NOSIG
WABB,2023-09-22 10:00,6.21,M,M,2.00,WABB 221000Z VRB02KT 9999 SCT018 BKN100 26/25 Q1008 NOSIG
WABB,2023-09-22 10:30,6.21,M,M,2.00,WABB 221030Z VRB02KT 9999 SCT018 BKN100 26/25 Q1008 NOSIG
WABB,2023-09-22 11:00,6.21,M,M,2.00,WABB 221100Z VRB02KT 9999 SCT018 BKN100 26/25 Q1009 NOSIG
WABB,2023-09-22 11:30,6.21,M,M,2.00,WABB 221130Z VRB02KT 9999 SCT018 BKN100 26/25 Q1009 NOSIG
WABB,2023-09-22 12:00,6.21,M,M,2.00,WABB 221200Z VRB02KT 9999 SCT018 BKN100 26/25 Q1009 NOSIG
WABB,2023-09-22 12:30,6.21,M,M,2.00,WABB 221230Z VRB02KT 9999 SCT018 BKN100 26/25 Q1010 NOSIG
WABB,2023-09-22 13:00,6.21,M,M,2.00,WABB 221300Z VRB02KT 9999 SCT018 BKN100 26/25 Q1010 NOSIG
WABB,2023-09-22 13:30,6.21,M,330.00,3.00,WABB 221330Z 33003KT 150V330 9999 SCT018 BKN100 25/25 Q1010 NOSIG
WABB,2023-09-22 14:00,6.21,M,M,2.00,WABB 221400Z VRB02KT 9999 SCT018 BKN100 26/25 Q1010 NOSIG
WABB,2023-09-22 14:30,6.21,M,M,2.00,WABB 221430Z VRB02KT 9999 SCT018 BKN100 25/25 Q1010 NOSIG
WABB,2023-09-22 15:00,6.21,M,M,2.00,WABB 221500Z VRB02KT 9999 SCT018 BKN100 25/24 Q1009 NOSIG
WABB,2023-09-22 15:30,6.21,M,330.00,3.00,WABB 221530Z 33003KT 140V330 9999 SCT018 BKN100 25/24 Q1009 NOSIG
WABB,2023-09-22 16:00,6.21,M,M,2.00,WABB 221600Z VRB02KT 9999 SCT018 BKN100 26/24 Q1009 NOSIG
WABB,2023-09-22 16:30,6.21,M,0.00,0.00,WABB 221630Z 00000KT 9999 SCT018 BKN100 25/24 Q1008 NOSIG
WABB,2023-09-22 17:00,6.21,M,M,2.00,WABB 221700Z VRB02KT 9999 SCT018 BKN100 25/24 Q1008 NOSIG
WABB,2023-09-22 17:30,6.21,M,M,2.00,WABB 221730Z VRB02KT 9999 SCT018 BKN100 25/24 Q1008 NOSIG
WABB,2023-09-22 18:00,6.21,M,M,2.00,WABB 221800Z VRB02KT 9999 SCT018 BKN100 25/24 Q1008 NOSIG
WABB,2023-09-22 18:30,6.21,M,320.00,3.00,WABB 221830Z 32003KT 140V320 9999 SCT018 BKN100 24/24 Q1008 NOSIG
WABB,2023-09-22 19:00,6.21,M,320.00,3.00,WABB 221900Z 32003KT 140V320 9999 SCT018 BKN100 24/24 Q1008 NOSIG
WABB,2023-09-22 19:30,6.21,M,M,2.00,WABB 221930Z VRB02KT 9999 SCT018 BKN100 24/23 Q1008 NOSIG
WABB,2023-09-22 20:00,6.21,M,0.00,0.00,WABB 222000Z 00000KT 9999 SCT018 BKN100 24/23 Q1008 NOSIG
WABB,2023-09-22 20:30,6.21,M,0.00,0.00,WABB 222030Z 00000KT 9999 SCT018 BKN100 24/23 Q1008 NOSIG
WABB,2023-09-22 21:00,6.21,M,300.00,3.00,WABB 222100Z 30003KT 120V300 9999 SCT018 SCT100 25/23 Q1009 NOSIG
WABB,2023-09-22 21:30,6.21,M,0.00,0.00,WABB 222130Z 00000KT 9999 SCT018 SCT100 25/24 Q1009 NOSIG
WABB,2023-09-22 22:00,6.21,M,M,2.00,WABB 222200Z VRB02KT 9999 SCT018 SCT100 26/24 Q1009 NOSIG
WABB,2023-09-22 22:30,6.21,M,M,2.00,WABB 222230Z VRB02KT 9999 SCT018 27/24 Q1010 NOSIG
WABB,2023-09-22 23:00,6.21,M,M,2.00,WABB 222300Z VRB02KT 9999 SCT018 28/25 Q1010 NOSIG
WABB,2023-09-22 23:30,6.21,M,M,2.00,WABB 222330Z VRB02KT 9999 SCT018 28/25 Q1010 NOSIG
WABB,2023-09-23 00:00,6.21,M,M,2.00,WABB 230000Z VRB02KT 9999 FEW018 29/25 Q1010 NOSIG
WABB,2023-09-23 00:30,6.21,M,270.00,3.00,WABB 230030Z 27003KT 270V060 9999 FEW018 29/25 Q1010 NOSIG
WABB,2023-09-23 01:00,6.21,M,180.00,3.00,WABB 230100Z 18003KT 030V180 9999 FEW018 29/25 Q1010 NOSIG
WABB,2023-09-23 01:30,6.21,M,210.00,4.00,WABB 230130Z 21004KT 020V210 9999 FEW018 30/25 Q1009 NOSIG
WABB,2023-09-23 02:00,6.21,M,0.00,0.00,WABB 230200Z 00000KT 9999 SCT018 30/25 Q1008 NOSIG
WABB,2023-09-23 02:30,6.21,M,200.00,5.00,WABB 230230Z 20005KT 030V200 9999 SCT018 30/25 Q1008 NOSIG
WABB,2023-09-23 03:00,6.21,M,230.00,4.00,WABB 230300Z 23004KT 230V010 9999 SCT018 30/26 Q1007 NOSIG
WABB,2023-09-23 03:30,6.21,M,190.00,3.00,WABB 230330Z 19003KT 020V190 9999 SCT018 30/26 Q1007 NOSIG
WABB,2023-09-23 04:00,6.21,M,240.00,4.00,WABB 230400Z 24004KT 060V240 9999 SCT018 30/24 Q1007 NOSIG
WABB,2023-09-23 04:30,6.21,M,240.00,4.00,WABB 230430Z 24004KT 070V240 9999 SCT018 30/24 Q1006 NOSIG
WABB,2023-09-23 05:00,6.21,M,230.00,3.00,WABB 230500Z 23003KT 060V230 9999 SCT018 30/25 Q1006 NOSIG
WABB,2023-09-23 05:30,6.21,M,240.00,5.00,WABB 230530Z 24005KT 080V240 9999 SCT018 30/25 Q1006 NOSIG
WABB,2023-09-23 06:00,5.59,VCSH,200.00,5.00,WABB 230600Z 20005KT 080V200 9000 VCSH FEW017CB SCT018 30/25 Q1006 NOSIG RMK CB AT E
WABB,2023-09-23 06:30,5.59,VCSH,360.00,6.00,WABB 230630Z 36006KT 270V360 9000 VCSH FEW017CB SCT018 28/25 Q1006 NOSIG RMK CB AT E
WABB,2023-09-23 07:00,5.59,VCSH,20.00,6.00,WABB 230700Z 02006KT 020V250 9000 VCSH FEW017CB SCT018 27/25 Q1006 NOSIG RMK CB AT E
WABB,2023-09-23 07:30,5.59,VCSH,20.00,4.00,WABB 230730Z 02004KT 020V250 9000 VCSH FEW017CB SCT018 27/25 Q1006 NOSIG RMK CB AT E
WABB,2023-09-23 08:00,5.59,VCSH,340.00,7.00,WABB 230800Z 34007KT 170V340 9000 VCSH FEW017CB SCT018 27/25 Q1006 NOSIG RMK CB AT E
WABB,2023-09-23 08:30,5.59,VCSH,340.00,9.00,WABB 230830Z 34009KT 150V340 9000 VCSH FEW017CB SCT018 26/25 Q1006 NOSIG RMK CB AT SW
WABB,2023-09-23 09:00,5.59,VCSH,340.00,8.00,WABB 230900Z 34008KT 150V340 9000 VCSH FEW017CB SCT018 26/24 Q1007 NOSIG RMK CB AT SW
WABB,2023-09-23 09:30,5.59,M,330.00,7.00,WABB 230930Z 33007KT 150V330 9000 FEW017CB SCT018 27/24 Q1007 NOSIG RMK CB AT SW
WABB,2023-09-23 10:00,5.59,M,320.00,6.00,WABB 231000Z 32006KT 130V320 9000 FEW017CB SCT018 27/24 Q1008 NOSIG RMK CB AT SW
WABB,2023-09-23 10:30,5.59,M,310.00,8.00,WABB 231030Z 31008KT 130V310 9000 FEW017CB SCT018 26/24 Q1008 NOSIG RMK CB AT SW
WABB,2023-09-23 11:00,5.59,M,340.00,7.00,WABB 231100Z 34007KT 140V340 9000 SCT018 26/23 Q1008 NOSIG
WABB,2023-09-23 11:30,6.21,M,300.00,6.00,WABB 231130Z 30006KT 120V300 9999 SCT018 26/23 Q1008 NOSIG
WABB,2023-09-23 12:00,6.21,M,300.00,4.00,WABB 231200Z 30004KT 130V300 9999 SCT018 26/23 Q1009 NOSIG
WABB,2023-09-23 12:30,6.21,M,310.00,3.00,WABB 231230Z 31003KT 130V310 9999 SCT018 26/23 Q1009 NOSIG
WABB,2023-09-23 13:00,6.21,M,340.00,4.00,WABB 231300Z 34004KT 160V340 9999 SCT018 26/24 Q1009 NOSIG
WABB,2023-09-23 13:30,6.21,M,0.00,0.00,WABB 231330Z 00000KT 9999 SCT018 26/24 Q1009 NOSIG
WABB,2023-09-23 14:00,6.21,M,310.00,3.00,WABB 231400Z 31003KT 130V310 9999 SCT018 26/24 Q1009 NOSIG
WABB,2023-09-23 14:30,6.21,M,290.00,5.00,WABB 231430Z 29005KT 110V290 9999 SCT018 26/24 Q1008 NOSIG
WABB,2023-09-23 15:00,6.21,M,320.00,4.00,WABB 231500Z 32004KT 140V320 9999 SCT018 26/24 Q1008 NOSIG
WABB,2023-09-23 15:30,6.21,M,310.00,3.00,WABB 231530Z 31003KT 120V310 9999 SCT018 25/24 Q1007 NOSIG
WABB,2023-09-23 16:00,6.21,M,M,2.00,WABB 231600Z VRB02KT 9999 SCT018 25/24 Q1007 NOSIG
WABB,2023-09-23 16:30,6.21,M,320.00,3.00,WABB 231630Z 32003KT 140V320 9999 SCT018 25/24 Q1007 NOSIG
WABB,2023-09-23 17:00,6.21,M,330.00,3.00,WABB 231700Z 33003KT 160V330 9999 SCT018 25/24 Q1007 NOSIG
WABB,2023-09-23 17:30,6.21,M,320.00,4.00,WABB 231730Z 32004KT 140V320 9999 SCT018 26/24 Q1007 NOSIG
WABB,2023-09-23 18:00,6.21,M,M,2.00,WABB 231800Z VRB02KT 9999 SCT018 26/24 Q1007 NOSIG
WABB,2023-09-23 18:30,6.21,M,330.00,4.00,WABB 231830Z 33004KT 150V330 9999 SCT018 26/25 Q1007 NOSIG
WABB,2023-09-23 19:00,6.21,M,340.00,3.00,WABB 231900Z 34003KT 260V340 9999 SCT018 26/25 Q1007 NOSIG
WABB,2023-09-23 19:30,6.21,M,M,2.00,WABB 231930Z VRB02KT 9999 SCT018 26/25 Q1007 NOSIG
WABB,2023-09-23 20:00,6.21,M,M,2.00,WABB 232000Z VRB02KT 9999 SCT018 26/25 Q1007 NOSIG
WABB,2023-09-23 20:30,6.21,M,230.00,3.00,WABB 232030Z 23003KT 050V230 9999 SCT018 26/25 Q1008 NOSIG
WABB,2023-09-23 21:00,6.21,M,M,2.00,WABB 232100Z VRB02KT 9999 SCT018 26/25 Q1008 NOSIG
WABB,2023-09-23 21:30,6.21,M,60.00,6.00,WABB 232130Z 06006KT 230V060 9999 SCT018 26/24 Q1009 NOSIG
WABB,2023-09-23 22:00,2.49,-RA,30.00,13.00,WABB 232200Z 03013KT 030V250 4000 -RA SCT018 25/24 Q1009 TEMPO -RA
WABB,2023-09-23 22:30,1.24,RA,360.00,11.00,WABB 232230Z 36011KT 180V360 2000 RA BKN018 24/24 Q1010 TEMPO RA
WABB,2023-09-23 23:00,2.49,-RA,320.00,4.00,WABB 232300Z 32004KT 160V320 4000 -RA BKN018 24/24 Q1011 TEMPO -RA
WABB,2023-09-23 23:30,3.11,-RA,320.00,6.00,WABB 232330Z 32006KT 140V320 5000 -RA BKN018 24/24 Q1011 TEMPO -RA
WABB,2023-09-24 00:00,1.86,-RA,290.00,5.00,WABB 240000Z 29005KT 100V290 3000 -RA BKN018 24/24 Q1011 NOSIG
WABB,2023-09-24 00:30,1.86,-RA,0.00,0.00,WABB 240030Z 00000KT 3000 -RA BKN018 24/24 Q1011 NOSIG
WABB,2023-09-24 01:00,1.86,-RA,280.00,3.00,WABB 240100Z 28003KT 110V280 3000 -RA BKN018 24/24 Q1011 NOSIG
WABB,2023-09-24 01:30,3.11,-RA,M,2.00,WABB 240130Z VRB02KT 5000 -RA BKN018 24/23 Q1011 NOSIG
WABB,2023-09-24 02:00,3.11,-RA,290.00,5.00,WABB 240200Z 29005KT 100V290 5000 -RA BKN018 25/24 Q1011 NOSIG
WABB,2023-09-24 02:30,3.11,-RA,220.00,8.00,WABB 240230Z 22008KT 050V220 5000 -RA BKN018 25/24 Q1010 NOSIG
WABB,2023-09-24 03:00,4.97,M,270.00,7.00,WABB 240300Z 27007KT 080V270 8000 BKN018 25/24 Q1009 RERA NOSIG
WABB,2023-09-24 03:30,4.97,M,260.00,8.00,WABB 240330Z 26008KT 080V260 8000 BKN018 26/24 Q1009 NOSIG
WABB,2023-09-24 04:00,4.97,M,280.00,6.00,WABB 240400Z 28006KT 090V280 8000 BKN018 26/25 Q1008 NOSIG
WABB,2023-09-24 04:30,4.97,M,230.00,9.00,WABB 240430Z 23009KT 070V230 8000 BKN018 26/24 Q1008 NOSIG
WABB,2023-09-24 05:00,4.97,M,270.00,5.00,WABB 240500Z 27005KT 080V270 8000 BKN018 27/24 Q1007 NOSIG
WABB,2023-09-24 05:30,4.97,M,270.00,4.00,WABB 240530Z 27004KT 080V270 8000 SCT018 BKN100 27/24 Q1007 NOSIG
WABB,2023-09-24 06:00,4.97,M,260.00,7.00,WABB 240600Z 26007KT 080V260 8000 SCT018 BKN100 27/25 Q1007 NOSIG
WABB,2023-09-24 06:30,4.97,M,280.00,8.00,WABB 240630Z 28008KT 100V280 8000 SCT018 BKN100 26/24 Q1007 NOSIG
WABB,2023-09-24 07:00,4.97,M,280.00,5.00,WABB 240700Z 28005KT 080V280 8000 SCT018 BKN100 27/24 Q1007 NOSIG
WABB,2023-09-24 07:30,4.97,M,280.00,6.00,WABB 240730Z 28006KT 100V280 8000 SCT018 BKN100 26/24 Q1007 NOSIG
WABB,2023-09-24 08:00,4.97,M,280.00,3.00,WABB 240800Z 28003KT 090V280 8000 SCT018 BKN100 26/24 Q1008 NOSIG
WABB,2023-09-24 08:30,4.97,M,320.00,5.00,WABB 240830Z 32005KT 130V320 8000 SCT018 BKN100 26/24 Q1008 NOSIG
WABB,2023-09-24 09:00,4.97,M,310.00,4.00,WABB 240900Z 31004KT 140V310 8000 SCT018 BKN100 26/24 Q1008 NOSIG
WABB,2023-09-24 09:30,4.97,M,320.00,4.00,WABB 240930Z 32004KT 130V320 8000 SCT018 BKN100 25/24 Q1009 NOSIG
WABB,2023-09-24 10:00,4.97,M,320.00,3.00,WABB 241000Z 32003KT 140V320 8000 SCT018 BKN100 25/24 Q1009 NOSIG
WABB,2023-09-24 10:30,4.97,M,320.00,4.00,WABB 241030Z 32004KT 140V320 8000 SCT018 BKN100 25/24 Q1009 NOSIG
WABB,2023-09-24 11:00,4.97,M,330.00,3.00,WABB 241100Z 33003KT 8000 SCT018 BKN100 25/24 Q1010 NOSIG
WABB,2023-09-24 12:00,4.97,M,M,2.00,WABB 241200Z VRB02KT 8000 SCT018 BKN100 25/24 Q1010 NOSIG
WABB,2023-09-24 12:30,4.97,M,M,2.00,WABB 241230Z VRB02KT 8000 SCT018 BKN100 25/24 Q1010 NOSIG
WABB,2023-09-24 13:00,4.97,M,M,2.00,WABB 241300Z VRB02KT 8000 SCT018 BKN100 25/24 Q1010 NOSIG
WABB,2023-09-24 13:30,4.97,M,M,2.00,WABB 241330Z VRB02KT 8000 SCT018 BKN100 25/24 Q1010 NOSIG
WABB,2023-09-24 14:00,4.97,M,0.00,0.00,WABB 241400Z 00000KT 8000 SCT018 BKN100 25/24 Q1010 NOSIG
WABB,2023-09-24 14:30,4.97,M,M,2.00,WABB 241430Z VRB02KT 8000 SCT018 BKN100 25/24 Q1009 NOSIG
WABB,2023-09-24 15:00,4.97,M,0.00,0.00,WABB 241500Z 00000KT 8000 SCT018 BKN100 25/24 Q1009 NOSIG
WABB,2023-09-24 15:30,4.97,M,M,2.00,WABB 241530Z VRB02KT 8000 SCT018 BKN100 24/24 Q1008 NOSIG
WABB,2023-09-24 16:00,4.97,M,0.00,0.00,WABB 241600Z 00000KT 8000 SCT018 BKN100 24/24 Q1008 NOSIG
WABB,2023-09-24 16:30,4.97,M,M,2.00,WABB 241630Z VRB02KT 8000 SCT018 BKN100 24/24 Q1008 NOSIG
WABB,2023-09-24 17:00,4.97,M,M,2.00,WABB 241700Z VRB02KT 8000 SCT018 BKN100 24/24 Q1008 NOSIG
WABB,2023-09-24 17:30,4.97,M,M,2.00,WABB 241730Z VRB02KT 8000 SCT018 BKN100 24/24 Q1008 NOSIG
WABB,2023-09-24 18:00,4.97,M,300.00,3.00,WABB 241800Z 30003KT 130V300 8000 SCT018 BKN100 24/24 Q1008 NOSIG
WABB,2023-09-24 18:30,4.97,M,300.00,3.00,WABB 241830Z 30003KT 120V300 8000 SCT018 BKN100 24/24 Q1008 NOSIG
WABB,2023-09-24 19:00,4.97,M,310.00,4.00,WABB 241900Z 31004KT 120V310 8000 SCT018 BKN100 25/24 Q1008 NOSIG
WABB,2023-09-24 19:30,4.97,M,290.00,3.00,WABB 241930Z 29003KT 120V290 8000 SCT018 BKN100 25/24 Q1008 NOSIG
WABB,2023-09-24 20:00,4.97,M,M,2.00,WABB 242000Z VRB02KT 8000 SCT018 BKN100 25/24 Q1008 NOSIG
WABB,2023-09-24 20:30,4.97,M,320.00,3.00,WABB 242030Z 32003KT 140V320 8000 SCT018 BKN100 25/24 Q1008 NOSIG
WABB,2023-09-24 21:00,4.97,M,M,2.00,WABB 242100Z VRB02KT 8000 SCT018 BKN100 25/24 Q1009 NOSIG
WABB,2023-09-24 21:30,4.97,M,M,2.00,WABB 242130Z VRB02KT 8000 SCT018 BKN100 25/24 Q1009 NOSIG
WABB,2023-09-24 22:00,4.97,M,0.00,0.00,WABB 242200Z 00000KT 8000 SCT018 BKN100 26/25 Q1009 NOSIG
WABB,2023-09-24 22:30,6.21,M,0.00,0.00,WABB 242230Z 00000KT 9999 FEW018 BKN100 27/25 Q1009 NOSIG
WABB,2023-09-24 23:00,6.21,M,240.00,3.00,WABB 242300Z 24003KT 040V240 9999 FEW018 BKN100 28/24 Q1009 NOSIG
WABB,2023-09-24 23:30,6.21,M,M,2.00,WABB 242330Z VRB02KT 9999 FEW018 BKN100 30/25 Q1009 NOSIG
WABB,2023-09-25 00:00,6.21,M,230.00,3.00,WABB 250000Z 23003KT 230V010 9999 FEW018 BKN100 29/25 Q1010 NOSIG
WABB,2023-09-25 00:30,6.21,M,200.00,4.00,WABB 250030Z 20004KT 050V200 9999 FEW018 BKN100 30/25 Q1010 NOSIG
WABB,2023-09-25 01:00,6.21,M,230.00,4.00,WABB 250100Z 23004KT 050V230 9999 SCT018 BKN100 29/25 Q1010 NOSIG
WABB,2023-09-25 01:30,6.21,M,270.00,3.00,WABB 250130Z 27003KT 270V060 9999 SCT018 BKN100 29/25 Q1010 NOSIG
WABB,2023-09-25 02:00,6.21,M,230.00,4.00,WABB 250200Z 23004KT 050V230 9999 FEW018 BKN100 29/24 Q1009 NOSIG
WABB,2023-09-25 02:30,6.21,M,240.00,6.00,WABB 250230Z 24006KT 050V240 9999 FEW018 BKN100 30/25 Q1009 NOSIG
WABB,2023-09-25 03:00,6.21,M,220.00,4.00,WABB 250300Z 22004KT 060V220 9999 FEW018 BKN100 30/25 Q1008 NOSIG
WABB,2023-09-25 03:30,6.21,M,230.00,4.00,WABB 250330Z 23004KT 060V230 9999 FEW018 BKN100 30/25 Q1007 NOSIG
WABB,2023-09-25 04:00,6.21,M,240.00,6.00,WABB 250400Z 24006KT 050V240 9999 FEW018 BKN100 30/25 Q1007 NOSIG
WABB,2023-09-25 04:30,6.21,M,230.00,6.00,WABB 250430Z 23006KT 050V230 9999 FEW018 BKN100 29/25 Q1007 NOSIG
WABB,2023-09-25 05:00,6.21,M,230.00,7.00,WABB 250500Z 23007KT 060V230 9999 FEW018 BKN100 29/25 Q1007 NOSIG
WABB,2023-09-25 05:30,6.21,M,250.00,3.00,WABB 250530Z 25003KT 070V250 9999 FEW018 OVC100 29/25 Q1007 NOSIG
WABB,2023-09-25 06:00,6.21,M,250.00,5.00,WABB 250600Z 25005KT 070V250 9999 SCT018 OVC100 29/25 Q1007 NOSIG
WABB,2023-09-25 06:30,6.21,M,240.00,4.00,WABB 250630Z 24004KT 070V240 9999 SCT018 OVC100 29/25 Q1006 NOSIG
WABB,2023-09-25 07:00,6.21,M,230.00,3.00,WABB 250700Z 23003KT 080V230 9999 SCT018 OVC100 29/25 Q1006 NOSIG
WABB,2023-09-25 07:30,6.21,M,280.00,5.00,WABB 250730Z 28005KT 090V280 9999 SCT018 OVC100 29/25 Q1006 NOSIG
WABB,2023-09-25 08:00,6.21,M,260.00,4.00,WABB 250800Z 26004KT 080V260 9999 SCT018 OVC100 29/25 Q1007 NOSIG
WABB,2023-09-25 08:30,6.21,M,260.00,4.00,WABB 250830Z 26004KT 070V260 9999 SCT018 OVC100 29/25 Q1007 NOSIG
WABB,2023-09-25 09:00,6.21,M,260.00,3.00,WABB 250900Z 26003KT 080V260 9999 SCT018 OVC100 29/26 Q1007 NOSIG
WABB,2023-09-25 09:30,6.21,M,250.00,5.00,WABB 250930Z 25005KT 070V250 9999 SCT018 OVC100 28/25 Q1008 NOSIG
WABB,2023-09-25 10:00,6.21,M,260.00,10.00,WABB 251000Z 26010KT 080V260 9999 SCT018 OVC100 28/25 Q1008 NOSIG
WABB,2023-09-25 10:30,6.21,M,260.00,5.00,WABB 251030Z 26005KT 080V260 9999 SCT018 OVC100 28/25 Q1009 NOSIG
WABB,2023-09-25 11:00,6.21,M,260.00,4.00,WABB 251100Z 26004KT 080V260 9999 SCT018 OVC100 28/25 Q1009 NOSIG
WABB,2023-09-25 11:30,6.21,M,240.00,4.00,WABB 251130Z 24004KT 060V240 9999 SCT018 OVC100 28/25 Q1009 NOSIG
WABB,2023-09-25 12:00,6.21,M,200.00,3.00,WABB 251200Z 20003KT 020V200 9999 SCT018 OVC100 28/25 Q1009 NOSIG
WABB,2023-09-25 12:30,6.21,M,210.00,3.00,WABB 251230Z 21003KT 020V210 9999 SCT018 OVC100 28/25 Q1010 NOSIG
WABB,2023-09-25 13:00,6.21,M,M,2.00,WABB 251300Z VRB02KT 9999 SCT018 OVC100 28/26 Q1010 NOSIG
WABB,2023-09-25 13:30,6.21,M,230.00,3.00,WABB 251330Z 23003KT 050V230 9999 SCT018 OVC100 28/25 Q1010 NOSIG
WABB,2023-09-25 14:00,6.21,M,190.00,3.00,WABB 251400Z 19003KT 020V190 9999 SCT018 OVC100 28/25 Q1009 NOSIG
WABB,2023-09-25 14:30,6.21,M,220.00,3.00,WABB 251430Z 22003KT 030V220 9999 SCT018 OVC100 28/25 Q1009 NOSIG
WABB,2023-09-25 15:00,6.21,M,M,2.00,WABB 251500Z VRB02KT 9999 SCT018 OVC100 28/25 Q1009 NOSIG
WABB,2023-09-25 15:30,6.21,M,190.00,3.00,WABB 251530Z 19003KT 030V190 9999 SCT018 OVC100 28/26 Q1009 NOSIG
WABB,2023-09-25 16:00,6.21,M,M,2.00,WABB 251600Z VRB02KT 9999 SCT018 OVC100 28/26 Q1008 NOSIG
WABB,2023-09-25 16:30,6.21,M,M,2.00,WABB 251630Z VRB02KT 9999 SCT018 OVC100 28/26 Q1008 NOSIG
WABB,2023-09-25 17:00,6.21,M,M,2.00,WABB 251700Z VRB02KT 9999 SCT018 OVC100 28/25 Q1008 NOSIG
WABB,2023-09-25 17:30,6.21,M,M,2.00,WABB 251730Z VRB02KT 9999 SCT018 OVC100 26/26 Q1008 NOSIG
WABB,2023-09-25 18:00,6.21,M,300.00,3.00,WABB 251800Z 30003KT 120V300 9999 SCT018 OVC100 26/25 Q1007 NOSIG
WABB,2023-09-25 18:30,6.21,M,0.00,0.00,WABB 251830Z 00000KT 9999 SCT018 OVC100 26/25 Q1007 NOSIG
WABB,2023-09-25 19:00,6.21,M,M,2.00,WABB 251900Z VRB02KT 9999 SCT018 OVC100 26/25 Q1007 NOSIG
WABB,2023-09-25 19:30,6.21,M,260.00,3.00,WABB 251930Z 26003KT 090V260 9999 SCT018 OVC100 26/25 Q1007 NOSIG
WABB,2023-09-25 20:00,6.21,M,200.00,4.00,WABB 252000Z 20004KT 050V200 9999 SCT018 OVC100 28/25 Q1007 NOSIG
WABB,2023-09-25 20:30,6.21,M,260.00,6.00,WABB 252030Z 26006KT 090V260 9999 SCT018 OVC100 28/25 Q1008 NOSIG
WABB,2023-09-25 21:00,6.21,M,M,2.00,WABB 252100Z VRB02KT 9999 SCT018 OVC100 26/25 Q1008 NOSIG
WABB,2023-09-25 21:30,6.21,M,M,2.00,WABB 252130Z VRB02KT 9999 FEW018 BKN100 27/26 Q1008 NOSIG
WABB,2023-09-25 22:00,6.21,M,270.00,3.00,WABB 252200Z 27003KT 090V270 9999 FEW018 BKN100 29/26 Q1009 NOSIG
WABB,2023-09-25 22:30,6.21,M,280.00,4.00,WABB 252230Z 28004KT 090V280 9999 FEW018 BKN100 29/26 Q1009 NOSIG
WABB,2023-09-25 23:00,6.21,M,240.00,4.00,WABB 252300Z 24004KT 060V240 9999 FEW018 BKN100 29/26 Q1009 NOSIG
WABB,2023-09-25 23:30,6.21,M,230.00,6.00,WABB 252330Z 23006KT 060V230 9999 FEW018 BKN100 29/25 Q1009 NOSIG
WABB,2023-09-26 00:00,6.21,M,270.00,4.00,WABB 260000Z 27004KT 270V060 9999 SCT018 SCT100 30/25 Q1009 NOSIG
WABB,2023-09-26 00:30,6.21,M,220.00,6.00,WABB 260030Z 22006KT 060V220 9999 SCT018 SCT100 30/26 Q1009 NOSIG
WABB,2023-09-26 01:00,6.21,M,250.00,7.00,WABB 260100Z 25007KT 070V250 9999 SCT018 SCT100 30/26 Q1009 NOSIG
WABB,2023-09-26 01:30,6.21,M,260.00,10.00,WABB 260130Z 26010KT 080V260 9999 SCT018 SCT100 30/26 Q1009 NOSIG
WABB,2023-09-26 02:00,6.21,M,250.00,11.00,WABB 260200Z 25011KT 070V250 9999 SCT018 SCT100 30/26 Q1008 NOSIG
WABB,2023-09-26 02:30,6.21,M,250.00,9.00,WABB 260230Z 25009KT 070V250 9999 SCT018 SCT100 30/26 Q1008 NOSIG
WABB,2023-09-26 03:00,6.21,M,250.00,7.00,WABB 260300Z 25007KT 070V250 9999 SCT018 SCT100 31/26 Q1007 NOSIG
WABB,2023-09-26 03:30,6.21,M,250.00,11.00,WABB 260330Z 25011KT 080V250 9999 SCT018 30/26 Q1007 NOSIG
WABB,2023-09-26 04:00,6.21,M,260.00,11.00,WABB 260400Z 26011KT 080V260 9999 SCT018 30/25 Q1007 NOSIG
WABB,2023-09-26 04:30,6.21,M,260.00,10.00,WABB 260430Z 26010KT 080V260 9999 SCT018 30/24 Q1006 NOSIG
WABB,2023-09-26 05:00,6.21,M,280.00,10.00,WABB 260500Z 28010KT 080V280 9999 FEW018 30/24 Q1006 NOSIG
WABB,2023-09-26 05:30,6.21,M,260.00,10.00,WABB 260530Z 26010KT 080V260 9999 FEW018 30/25 Q1006 NOSIG
WABB,2023-09-26 08:30,6.21,M,250.00,6.00,WABB 260830Z 25006KT 080V250 9999 FEW018 29/25 Q1007 NOSIG
WABB,2023-09-26 09:00,6.21,M,240.00,4.00,WABB 260900Z 24004KT 070V240 9999 FEW018 29/25 Q1007 NOSIG
WABB,2023-09-26 09:30,6.21,M,250.00,5.00,WABB 260930Z 25005KT 090V250 9999 FEW018 29/25 Q1008 NOSIG
WABB,2023-09-26 10:00,6.21,M,270.00,3.00,WABB 261000Z 27003KT 090V270 9999 FEW018 28/25 Q1009 NOSIG
WABB,2023-09-26 10:30,6.21,M,310.00,3.00,WABB 261030Z 31003KT 140V310 9999 FEW018 27/25 Q1009 NOSIG
WABB,2023-09-26 11:00,6.21,M,M,2.00,WABB 261100Z VRB02KT 9999 SCT018 26/25 Q1009 NOSIG
WABB,2023-09-26 11:30,6.21,M,M,2.00,WABB 261130Z VRB02KT 9999 SCT018 26/25 Q1010 NOSIG
WABB,2023-09-26 12:00,6.21,M,330.00,3.00,WABB 261200Z 33003KT 140V330 9999 SCT018 27/25 Q1010 NOSIG
WABB,2023-09-26 23:00,4.35,-RA,M,2.00,WABB 262300Z VRB02KT 7000 -RA SCT018 24/23 Q1011 RETS NOSIG
WABB,2023-09-26 23:30,5.59,-RA,280.00,3.00,WABB 262330Z 28003KT 100V280 9000 -RA SCT018 24/23 Q1011 NOSIG
WABB,2023-09-27 00:00,5.59,-RA,0.00,0.00,WABB 270000Z 00000KT 9000 -RA SCT018 OVC100 25/24 Q1011 NOSIG
WABB,2023-09-27 00:30,5.59,-RA,M,2.00,WABB 270030Z VRB02KT 9000 -RA SCT018 OVC100 25/24 Q1011 NOSIG
WABB,2023-09-27 01:00,5.59,-RA,M,2.00,WABB 270100Z VRB02KT 9000 -RA FEW018 BKN100 26/24 Q1011 NOSIG
WABB,2023-09-27 01:30,5.59,-RA,M,2.00,WABB 270130Z VRB02KT 9000 -RA FEW018 BKN100 27/25 Q1011 NOSIG
WABB,2023-09-27 02:00,5.59,M,M,2.00,WABB 270200Z VRB02KT 9000 SCT018 BKN100 27/25 Q1010 RERA NOSIG
WABB,2023-09-27 02:30,5.59,M,M,2.00,WABB 270230Z VRB02KT 9000 SCT018 BKN100 28/25 Q1010 NOSIG
WABB,2023-09-27 03:00,6.21,M,0.00,0.00,WABB 270300Z 00000KT 9999 SCT018 BKN100 28/25 Q1009 NOSIG
WABB,2023-09-27 03:30,6.21,M,0.00,0.00,WABB 270330Z 00000KT 9999 SCT018 BKN100 29/25 Q1008 NOSIG
WABB,2023-09-27 04:00,6.21,M,220.00,3.00,WABB 270400Z 22003KT 040V220 9999 BKN018 OVC100 29/24 Q1008 NOSIG
WABB,2023-09-27 04:30,6.21,M,M,2.00,WABB 270430Z VRB02KT 9999 BKN018 OVC100 29/24 Q1008 NOSIG
WABB,2023-09-27 05:00,6.21,M,M,2.00,WABB 270500Z VRB02KT 9999 BKN018 OVC100 29/24 Q1008 NOSIG
WABB,2023-09-27 05:30,6.21,M,M,2.00,WABB 270530Z VRB02KT 9999 BKN018 OVC100 29/24 Q1007 NOSIG
WABB,2023-09-27 06:00,6.21,M,0.00,0.00,WABB 270600Z 00000KT 9999 SCT018 OVC100 29/25 Q1007 NOSIG
WABB,2023-09-27 06:30,6.21,M,60.00,3.00,WABB 270630Z 06003KT 220V060 9999 SCT018 OVC100 29/25 Q1007 NOSIG
WABB,2023-09-27 07:00,6.21,M,80.00,5.00,WABB 270700Z 08005KT 180V080 9999 SCT018 OVC100 28/25 Q1007 NOSIG
WABB,2023-09-27 07:30,6.21,M,50.00,3.00,WABB 270730Z 05003KT 220V050 9999 SCT018 OVC100 28/25 Q1007 NOSIG
WABB,2023-09-27 08:00,6.21,M,M,2.00,WABB 270800Z VRB02KT 9999 SCT018 OVC100 28/26 Q1007 NOSIG
WABB,2023-09-27 08:30,6.21,M,M,2.00,WABB 270830Z VRB02KT 9999 SCT018 OVC100 28/26 Q1008 NOSIG
WABB,2023-09-27 09:00,6.21,M,M,2.00,WABB 270900Z VRB02KT 9999 SCT018 OVC100 27/26 Q1008 NOSIG
WABB,2023-09-27 09:30,6.21,M,M,2.00,WABB 270930Z VRB02KT 9999 SCT018 OVC100 27/26 Q1008 NOSIG
WABB,2023-09-27 10:00,6.21,M,M,2.00,WABB 271000Z VRB02KT 9999 SCT018 OVC100 27/26 Q1009 NOSIG
WABB,2023-09-27 10:30,6.21,M,20.00,3.00,WABB 271030Z 02003KT 020V260 9999 SCT018 OVC100 26/26 Q1009 NOSIG
WABB,2023-09-27 11:00,6.21,M,M,2.00,WABB 271100Z VRB02KT 9999 SCT018 BKN100 26/26 Q1010 NOSIG
WABB,2023-09-27 11:30,6.21,M,30.00,3.00,WABB 271130Z 03003KT 030V240 9999 SCT018 BKN100 26/25 Q1010 NOSIG
WABB,2023-09-27 12:00,6.21,M,40.00,4.00,WABB 271200Z 04004KT 230V040 9999 SCT018 BKN100 26/25 Q1010 NOSIG
WABB,2023-09-27 12:30,6.21,M,M,2.00,WABB 271230Z VRB02KT 9999 SCT018 BKN100 26/25 Q1010 NOSIG
WABB,2023-09-27 13:00,6.21,M,10.00,3.00,WABB 271300Z 01003KT 010V250 9999 SCT018 BKN100 26/25 Q1010 NOSIG
WABB,2023-09-27 13:30,6.21,M,M,2.00,WABB 271330Z VRB02KT 9999 SCT018 BKN100 26/25 Q1010 NOSIG
WABB,2023-09-27 14:00,6.21,M,0.00,0.00,WABB 271400Z 00000KT 9999 SCT018 BKN100 26/25 Q1010 NOSIG
WABB,2023-09-27 14:30,6.21,M,M,2.00,WABB 271430Z VRB02KT 9999 SCT018 BKN100 26/25 Q1010 NOSIG
WABB,2023-09-27 15:00,6.21,M,30.00,3.00,WABB 271500Z 03003KT 030V240 9999 SCT018 BKN100 26/25 Q1010 NOSIG
WABB,2023-09-27 15:30,6.21,M,40.00,4.00,WABB 271530Z 04004KT 230V040 9999 SCT018 BKN100 26/25 Q1010 NOSIG
WABB,2023-09-27 16:00,6.21,M,40.00,5.00,WABB 271600Z 04005KT 230V040 9999 SCT018 BKN100 26/25 Q1010 NOSIG
WABB,2023-09-27 16:30,6.21,M,30.00,4.00,WABB 271630Z 03004KT 030V240 9999 SCT018 BKN100 26/25 Q1009 NOSIG
WABB,2023-09-27 17:00,6.21,M,40.00,5.00,WABB 271700Z 04005KT 230V040 9999 SCT018 BKN100 26/25 Q1009 NOSIG
WABB,2023-09-27 17:30,6.21,M,40.00,4.00,WABB 271730Z 04004KT 230V040 9999 SCT018 BKN100 26/25 Q1009 NOSIG
WABB,2023-09-27 18:00,6.21,M,70.00,5.00,WABB 271800Z 07005KT 200V070 9999 SCT018 BKN100 27/25 Q1009 NOSIG
WABB,2023-09-27 18:30,6.21,M,40.00,3.00,WABB 271830Z 04003KT 230V040 9999 SCT018 BKN100 26/25 Q1009 NOSIG
WABB,2023-09-27 19:00,6.21,M,60.00,5.00,WABB 271900Z 06005KT 220V060 9999 SCT018 BKN100 26/25 Q1009 NOSIG
WABB,2023-09-27 19:30,6.21,M,40.00,3.00,WABB 271930Z 04003KT 230V040 9999 SCT018 BKN100 26/25 Q1009 NOSIG
WABB,2023-09-27 20:00,6.21,M,20.00,4.00,WABB 272000Z 02004KT 020V240 9999 SCT018 BKN100 26/25 Q1009 NOSIG
WABB,2023-09-27 20:30,6.21,M,M,2.00,WABB 272030Z VRB02KT 9999 SCT018 BKN100 26/25 Q1010 NOSIG
WABB,2023-09-27 21:00,6.21,M,310.00,3.00,WABB 272100Z 31003KT 130V310 9999 SCT018 BKN100 26/25 Q1010 NOSIG
WABB,2023-09-27 21:30,6.21,M,M,2.00,WABB 272130Z VRB02KT 9999 SCT018 BKN100 27/26 Q1011 NOSIG
WABB,2023-09-27 22:00,6.21,M,280.00,8.00,WABB 272200Z 28008KT 090V280 9999 FEW017CB SCT018 BKN100 27/25 Q1011 NOSIG RMK CB AT W
WABB,2023-09-27 22:30,1.24,M,280.00,10.00,WABB 272230Z 28010KT 090V280 2000 RA FEW017CB SCT018 OVC100 24/24 Q1012 TEMPO FR2230 TL2300 RA RMK CB OVER THE FIELD METAR WAAA 272230Z 22002KT 9999 FEW020 21/17 Q1011 NOSIG
WABB,2023-09-27 23:00,2.49,+RA,300.00,8.00,WABB 272300Z 30008KT 110V300 4000 +RA FEW017CB SCT018 OVC100 24/24 Q1012 TEMPO FR2230 TL2300 RA RMK CB OVER THE FIELD
WABB,2023-09-27 23:30,2.49,+RA,290.00,9.00,WABB 272330Z 29009KT 100V290 4000 +RA FEW017CB SCT018 OVC100 24/24 Q1012 NOSIG RMK CB OVER THE FIELD
WABB,2023-09-28 00:00,1.86,RA,330.00,5.00,WABB 280000Z 33005KT 160V330 3000 RA FEW017CB SCT018 OVC100 24/24 Q1012 NOSIG RMK CB OVER THE FIELD
WABB,2023-09-28 00:30,4.97,-RA,340.00,6.00,WABB 280030Z 34006KT 160V340 8000 -RA SCT018 BKN100 24/24 Q1012 NOSIG
WABB,2023-09-28 01:00,3.73,-RA,20.00,6.00,WABB 280100Z 02006KT 020V240 6000 -RA SCT018 BKN100 24/24 Q1012 NOSIG
WABB,2023-09-28 01:30,3.73,-RA,20.00,6.00,WABB 280130Z 02006KT 020V250 6000 -RA SCT018 BKN100 24/24 Q1012 NOSIG
WABB,2023-09-28 02:00,3.73,-RA,10.00,6.00,WABB 280200Z 01006KT 010V250 6000 -RA SCT018 BKN100 25/24 Q1012 NOSIG
WABB,2023-09-28 02:30,4.97,-RA,310.00,3.00,WABB 280230Z 31003KT 140V310 8000 -RA SCT018 BKN100 25/24 Q1011 NOSIG
WABB,2023-09-28 03:00,4.97,-RA,M,2.00,WABB 280300Z VRB02KT 8000 -RA SCT018 BKN100 25/24 Q1011 NOSIG
WABB,2023-09-28 03:30,4.97,-RA,30.00,5.00,WABB 280330Z 03005KT 030V240 8000 -RA SCT018 BKN100 26/25 Q1010 NOSIG
WABB,2023-09-28 04:00,6.21,M,310.00,5.00,WABB 280400Z 31005KT 120V310 9999 FEW018 SCT100 27/24 Q1009 NOSIG
WABB,2023-09-28 04:30,6.21,M,300.00,3.00,WABB 280430Z 30003KT 110V300 9999 FEW018 SCT100 28/25 Q1009 NOSIG
WABB,2023-09-28 05:00,6.21,M,M,2.00,WABB 280500Z VRB02KT 9999 FEW018 SCT100 29/24 Q1008 NOSIG
WABB,2023-09-28 05:30,6.21,M,240.00,3.00,WABB 280530Z 24003KT 050V240 9999 FEW018 SCT100 29/24 Q1008 NOSIG
WABB,2023-09-28 06:00,6.21,M,220.00,3.00,WABB 280600Z 22003KT 040V220 9999 FEW018 SCT100 29/25 Q1008 NOSIG
WABB,2023-09-28 06:30,6.21,M,M,2.00,WABB 280630Z VRB02KT 9999 FEW018 SCT100 29/25 Q1008 NOSIG
WABB,2023-09-28 07:00,6.21,M,M,2.00,WABB 280700Z VRB02KT 9999 FEW018 SCT100 29/25 Q1008 NOSIG
WABB,2023-09-28 07:30,6.21,M,130.00,4.00,WABB 280730Z 13004KT 9999 FEW018 SCT100 28/25 Q1008 NOSIG
WABB,2023-09-28 08:00,6.21,M,140.00,6.00,WABB 280800Z 14006KT 150V090 9999 FEW018 SCT100 28/24 Q1009 NOSIG
WABB,2023-09-28 08:30,6.21,M,0.00,0.00,WABB 280830Z 00000KT 9999 FEW018 SCT100 28/24 Q1009 NOSIG
WABB,2023-09-28 09:00,6.21,M,M,2.00,WABB 280900Z VRB02KT 9999 FEW018 SCT100 28/25 Q1009 NOSIG
WABB,2023-09-28 09:30,6.21,M,40.00,3.00,WABB 280930Z 04003KT 230V040 9999 FEW018 SCT100 26/25 Q1010 NOSIG
WABB,2023-09-28 10:00,6.21,M,M,2.00,WABB 281000Z VRB02KT 9999 FEW018 SCT100 26/25 Q1010 NOSIG
WABB,2023-09-28 10:30,6.21,M,M,2.00,WABB 281030Z VRB02KT 9999 FEW018 SCT100 26/25 Q1011 NOSIG
WABB,2023-09-28 11:00,6.21,M,M,2.00,WABB 281100Z VRB02KT 9999 FEW018 SCT100 26/25 Q1011 NOSIG
WABB,2023-09-28 11:30,6.21,M,M,2.00,WABB 281130Z VRB02KT 9999 FEW018 SCT100 26/25 Q1012 NOSIG
WABB,2023-09-28 12:00,6.21,M,50.00,4.00,WABB 281200Z 05004KT 220V050 9999 FEW018 OVC100 26/25 Q1012 NOSIG
WABB,2023-09-28 12:30,6.21,M,300.00,3.00,WABB 281230Z 30003KT 130V300 9999 FEW018 OVC100 26/25 Q1012 NOSIG
WABB,2023-09-28 13:00,6.21,M,320.00,3.00,WABB 281300Z 32003KT 150V320 9999 FEW018 OVC100 26/25 Q1012 NOSIG
WABB,2023-09-28 13:30,6.21,M,M,2.00,WABB 281330Z VRB02KT 9999 FEW018 OVC100 26/25 Q1012 NOSIG
WABB,2023-09-28 14:00,6.21,M,M,2.00,WABB 281400Z VRB02KT 9999 FEW018 OVC100 25/24 Q1012 NOSIG
WABB,2023-09-28 14:30,6.21,M,20.00,3.00,WABB 281430Z 02003KT 020V250 9999 SCT018 25/24 Q1011 NOSIG
WABB,2023-09-28 15:00,6.21,M,50.00,3.00,WABB 281500Z 05003KT 220V050 9999 SCT018 25/24 Q1011 NOSIG
WABB,2023-09-28 15:30,6.21,M,30.00,4.00,WABB 281530Z 03004KT 030V240 9999 SCT018 SCT100 25/24 Q1011 NOSIG
WABB,2023-09-28 16:00,6.21,M,30.00,4.00,WABB 281600Z 03004KT 230V030 9999 SCT018 SCT100 25/24 Q1011 NOSIG
WABB,2023-09-28 16:30,6.21,M,M,2.00,WABB 281630Z VRB02KT 9999 SCT018 SCT100 25/24 Q1010 NOSIG
WABB,2023-09-28 17:00,6.21,M,M,2.00,WABB 281700Z VRB02KT 9999 SCT018 SCT100 25/24 Q1010 NOSIG
WABB,2023-09-28 17:30,6.21,M,M,2.00,WABB 281730Z VRB02KT 9999 SCT018 SCT100 25/24 Q1010 NOSIG
WABB,2023-09-28 18:00,6.21,M,M,2.00,WABB 281800Z VRB02KT 9999 FEW018 SCT100 25/24 Q1010 NOSIG
WABB,2023-09-28 18:30,6.21,M,M,2.00,WABB 281830Z VRB02KT 9999 FEW018 SCT100 25/25 Q1010 NOSIG
WABB,2023-09-28 19:00,6.21,M,M,2.00,WABB 281900Z VRB02KT 9999 FEW018 SCT100 26/25 Q1010 NOSIG
WABB,2023-09-28 19:30,6.21,M,70.00,3.00,WABB 281930Z 07003KT 190V070 9999 FEW018 SCT100 27/25 Q1010 NOSIG
WABB,2023-09-28 20:00,6.21,M,90.00,5.00,WABB 282000Z 09005KT 180V090 9999 FEW018 SCT100 27/25 Q1010 NOSIG
WABB,2023-09-28 20:30,6.21,M,90.00,6.00,WABB 282030Z 09006KT 180V090 9999 FEW018 SCT100 27/26 Q1010 NOSIG
WABB,2023-09-28 21:00,6.21,M,90.00,4.00,WABB 282100Z 09004KT 180V090 9999 SCT018 BKN100 27/26 Q1011 NOSIG
WABB,2023-09-28 21:30,6.21,M,130.00,5.00,WABB 282130Z 13005KT 160V100 9999 SCT018 BKN100 28/26 Q1012 NOSIG
WABB,2023-09-28 22:00,6.21,M,120.00,9.00,WABB 282200Z 12009KT 9999 SCT018 BKN100 28/25 Q1012 NOSIG
WABB,2023-09-28 22:30,5.59,VCSH,100.00,8.00,WABB 282230Z 10008KT 170V100 9000 4000W VCSH FEW017CB SCT018 28/26 Q1012 TEMPO RA RMK CB AT W
WABB,2023-09-28 23:00,4.97,-RA,M,2.00,WABB 282300Z VRB02KT 8000 4000W -RA FEW017CB BKN018 26/25 Q1013 TEMPO -RA RMK CB AT W
WABB,2023-09-28 23:30,3.11,-RA,M,2.00,WABB 282330Z VRB02KT 5000 -RA FEW017CB BKN018 26/25 Q1013 TEMPO RA RMK CB OVER THE FIELD
WABB,2023-09-29 00:00,3.11,-RA,320.00,7.00,WABB 290000Z 32007KT 140V320 5000 -RA BKN018 25/24 Q1013 TEMPO -RA
WABB,2023-09-29 00:30,3.11,-RA,M,2.00,WABB 290030Z VRB02KT 5000 -RA BKN018 25/24 Q1014 TEMPO -RA
WABB,2023-09-29 01:00,4.97,-RA,330.00,6.00,WABB 290100Z 33006KT 140V330 8000 -RA BKN018 25/25 Q1013 TEMPO -RA
WABB,2023-09-29 01:30,4.97,-RA,M,2.00,WABB 290130Z VRB02KT 8000 -RA BKN018 27/25 Q1012 TEMPO -RA
WABB,2023-09-29 02:00,6.21,M,180.00,3.00,WABB 290200Z 18003KT 100V180 9999 SCT018 28/25 Q1012 RERA NOSIG
WABB,2023-09-29 02:30,6.21,M,220.00,5.00,WABB 290230Z 22005KT 040V220 9999 SCT018 28/26 Q1011 NOSIG
WABB,2023-09-29 03:00,6.21,M,M,2.00,WABB 290300Z VRB02KT 9999 SCT018 28/25 Q1011 NOSIG
WABB,2023-09-29 04:00,6.21,M,170.00,4.00,WABB 290400Z 17004KT 040V220 9999 SCT018 29/26 Q1010 NOSIG
WABB,2023-09-29 04:30,6.21,M,190.00,3.00,WABB 290430Z 19003KT 020V190 9999 SCT018 30/26 Q1009 NOSIG
WABB,2023-09-29 05:00,6.21,M,130.00,8.00,WABB 290500Z 13008KT 170V110 9999 SCT018 30/25 Q1009 NOSIG
WABB,2023-09-29 05:30,6.21,M,100.00,7.00,WABB 290530Z 10007KT 160V100 9999 SCT018 30/25 Q1009 NOSIG
WABB,2023-09-29 06:00,6.21,M,100.00,7.00,WABB 290600Z 10007KT 170V100 9999 SCT018 29/25 Q1008 NOSIG
WABB,2023-09-29 06:30,6.21,M,100.00,5.00,WABB 290630Z 10005KT 160V100 9999 SCT018 29/25 Q1008 NOSIG
WABB,2023-09-29 07:00,6.21,M,70.00,7.00,WABB 290700Z 07007KT 200V070 9999 SCT018 29/25 Q1009 NOSIG
WABB,2023-09-29 07:30,6.21,M,80.00,9.00,WABB 290730Z 08009KT 190V080 9999 SCT018 28/25 Q1009 NOSIG
WABB,2023-09-29 08:00,6.21,M,80.00,6.00,WABB 290800Z 08006KT 210V080 9999 SCT018 28/25 Q1009 NOSIG
WABB,2023-09-29 08:30,6.21,M,60.00,5.00,WABB 290830Z 06005KT 210V060 9999 SCT018 28/25 Q1009 NOSIG
WABB,2023-09-29 09:00,6.21,M,60.00,4.00,WABB 290900Z 06004KT 210V060 9999 SCT018 28/25 Q1010 NOSIG
WABB,2023-09-29 09:30,6.21,M,50.00,4.00,WABB 290930Z 05004KT 220V050 9999 SCT018 27/25 Q1011 NOSIG
WABB,2023-09-29 10:00,6.21,M,50.00,3.00,WABB 291000Z 05003KT 220V050 9999 SCT018 27/25 Q1011 NOSIG
WABB,2023-09-29 16:00,6.21,M,30.00,4.00,WABB 291600Z 03004KT 030V240 9999 SCT018 26/25 Q1010 NOSIG
WABB,2023-09-29 16:30,6.21,M,M,2.00,WABB 291630Z VRB02KT 9999 SCT018 26/24 Q1010 NOSIG
WABB,2023-09-29 17:00,6.21,M,20.00,3.00,WABB 291700Z 02003KT 020V250 9999 SCT018 25/24 Q1010 NOSIG
WABB,2023-09-29 17:30,6.21,M,M,2.00,WABB 291730Z VRB02KT 9999 SCT018 26/25 Q1010 NOSIG
WABB,2023-09-29 18:00,6.21,M,20.00,3.00,WABB 291800Z 02003KT 020V250 9999 SCT018 25/25 Q1010 NOSIG
WABB,2023-09-29 18:30,6.21,M,M,2.00,WABB 291830Z VRB02KT 9999 SCT018 25/25 Q1010 NOSIG
WABB,2023-09-29 19:00,6.21,M,20.00,3.00,WABB 291900Z 02003KT 020V250 9999 SCT018 26/25 Q1010 NOSIG
WABB,2023-09-29 19:30,6.21,M,50.00,3.00,WABB 291930Z 05003KT 220V050 9999 SCT018 26/25 Q1010 NOSIG
WABB,2023-09-29 20:00,6.21,M,40.00,3.00,WABB 292000Z 04003KT 220V040 9999 SCT018 26/25 Q1010 NOSIG
WABB,2023-09-29 20:30,6.21,M,50.00,3.00,WABB 292030Z 05003KT 220V050 9999 SCT018 26/25 Q1010 NOSIG
WABB,2023-09-29 21:00,6.21,M,0.00,0.00,WABB 292100Z 00000KT 9999 SCT018 25/25 Q1011 NOSIG
WABB,2023-09-29 21:30,6.21,M,320.00,3.00,WABB 292130Z 32003KT 140V320 9999 SCT018 26/25 Q1011 NOSIG
WABB,2023-09-29 22:00,6.21,M,M,2.00,WABB 292200Z VRB02KT 9999 SCT018 26/26 Q1011 NOSIG
WABB,2023-09-29 22:30,6.21,M,M,2.00,WABB 292230Z VRB02KT 9999 FEW018 28/26 Q1012 NOSIG
WABB,2023-09-29 23:00,6.21,M,80.00,3.00,WABB 292300Z 08003KT 180V080 9999 FEW018 30/26 Q1012 NOSIG
WABB,2023-09-29 23:30,6.21,M,200.00,5.00,WABB 292330Z 20005KT 090V200 9999 FEW018 30/26 Q1012 NOSIG
WABB,2023-09-30 00:00,6.21,-RA,M,2.00,WABB 300000Z VRB02KT 9999 -RA SCT018 27/25 Q1012 NOSIG
WABB,2023-09-30 00:30,6.21,-RA,M,2.00,WABB 300030Z VRB02KT 9999 -RA SCT018 28/25 Q1012 NOSIG
WABB,2023-09-30 01:00,3.73,-RA,280.00,10.00,WABB 300100Z 28010KT 100V280 6000 -RA SCT018 28/26 Q1012 NOSIG
WABB,2023-09-30 01:30,3.73,-RA,270.00,8.00,WABB 300130Z 27008KT 080V270 6000 -RA SCT018 26/25 Q1012 NOSIG
WABB,2023-09-30 02:00,5.59,M,260.00,8.00,WABB 300200Z 26008KT 060V260 9000 SCT018 28/25 Q1011 RERA NOSIG
WABB,2023-09-30 02:30,5.59,M,230.00,6.00,WABB 300230Z 23006KT 040V230 9000 SCT018 28/26 Q1011 NOSIG
WABB,2023-09-30 03:00,6.21,M,230.00,5.00,WABB 300300Z 23005KT 060V230 9999 SCT018 28/26 Q1010 NOSIG
WABB,2023-09-30 03:30,6.21,M,250.00,7.00,WABB 300330Z 25007KT 080V250 9999 SCT018 29/26 Q1010 NOSIG
WABB,2023-09-30 04:00,6.21,M,260.00,7.00,WABB 300400Z 26007KT 090V260 9999 SCT018 29/25 Q1009 NOSIG
WABB,2023-09-30 04:30,6.21,M,240.00,5.00,WABB 300430Z 24005KT 080V240 9999 SCT018 29/25 Q1009 NOSIG
WABB,2023-09-30 05:00,6.21,M,230.00,5.00,WABB 300500Z 23005KT 080V230 9999 SCT018 29/25 Q1008 NOSIG
WABB,2023-09-30 05:30,6.21,M,260.00,4.00,WABB 300530Z 26004KT 260V050 9999 SCT018 30/25 Q1008 NOSIG
WABB,2023-09-30 06:00,6.21,M,240.00,3.00,WABB 300600Z 24003KT 050V240 9999 SCT018 29/25 Q1008 NOSIG
WABB,2023-09-30 06:30,6.21,M,220.00,4.00,WABB 300630Z 22004KT 060V220 9999 SCT018 29/24 Q1008 NOSIG
WABB,2023-09-30 07:00,6.21,M,M,2.00,WABB 300700Z VRB02KT 9999 SCT018 29/24 Q1008 NOSIG
WABB,2023-09-30 07:30,6.21,M,230.00,4.00,WABB 300730Z 23004KT 050V230 9999 SCT018 29/24 Q1008 NOSIG
WABB,2023-09-30 08:00,6.21,M,M,2.00,WABB 300800Z VRB02KT 9999 SCT018 29/24 Q1008 NOSIG
WABB,2023-09-30 08:30,6.21,M,0.00,0.00,WABB 300830Z 00000KT 9999 SCT018 29/24 Q1008 NOSIG
WABB,2023-09-30 09:00,6.21,M,0.00,0.00,WABB 300900Z 00000KT 9999 SCT018 29/24 Q1009 NOSIG
WABB,2023-09-30 09:30,6.21,M,M,2.00,WABB 300930Z VRB02KT 9999 SCT018 28/26 Q1009 NOSIG
WABB,2023-09-30 10:00,6.21,M,30.00,3.00,WABB 301000Z 03003KT 030V250 9999 SCT018 27/25 Q1010 NOSIG
WABB,2023-09-30 10:30,6.21,M,M,2.00,WABB 301030Z VRB02KT 9999 SCT018 27/25 Q1010 NOSIG
WABB,2023-09-30 11:00,6.21,M,20.00,3.00,WABB 301100Z 02003KT 020V240 9999 SCT018 27/25 Q1010 NOSIG
WABB,2023-09-30 11:30,6.21,M,20.00,4.00,WABB 301130Z 02004KT 020V250 9999 SCT018 27/25 Q1011 NOSIG
WABB,2023-09-30 12:00,6.21,M,0.00,0.00,WABB 301200Z 00000KT 9999 SCT018 27/25 Q1011 NOSIG
WABB,2023-09-30 12:30,6.21,M,360.00,3.00,WABB 301230Z 36003KT 160V360 9999 SCT018 27/25 Q1011 NOSIG
WABB,2023-09-30 13:00,6.21,M,300.00,3.00,WABB 301300Z 30003KT 120V300 9999 SCT018 26/26 Q1011 NOSIG
WABB,2023-09-30 13:30,6.21,M,330.00,3.00,WABB 301330Z 33003KT 150V330 9999 SCT018 26/26 Q1011 NOSIG
WABB,2023-09-30 14:00,6.21,M,0.00,0.00,WABB 301400Z 00000KT 9999 SCT018 27/26 Q1011 NOSIG
WABB,2023-09-30 14:30,6.21,M,M,2.00,WABB 301430Z VRB02KT 9999 SCT018 26/26 Q1011 NOSIG
WABB,2023-09-30 15:00,6.21,M,0.00,0.00,WABB 301500Z 00000KT 9999 SCT018 27/25 Q1011 NOSIG
WABB,2023-09-30 15:30,6.21,M,M,2.00,WABB 301530Z VRB02KT 9999 SCT018 26/26 Q1011 NOSIG
WABB,2023-09-30 16:00,6.21,M,M,2.00,WABB 301600Z VRB02KT 9999 SCT018 26/26 Q1010 NOSIG
WABB,2023-09-30 16:30,6.21,M,M,2.00,WABB 301630Z VRB02KT 9999 SCT018 27/25 Q1010 NOSIG
WABB,2023-09-30 17:00,6.21,M,40.00,3.00,WABB 301700Z 04003KT 220V040 9999 SCT018 27/25 Q1010 NOSIG
WABB,2023-09-30 17:30,6.21,M,M,2.00,WABB 301730Z VRB02KT 9999 SCT018 27/25 Q1009 NOSIG
WABB,2023-09-30 18:00,4.35,-RA,130.00,9.00,WABB 301800Z 13009KT 7000 -RA SCT018 27/26 Q1010 NOSIG
WABB,2023-09-30 18:30,4.35,-RA,100.00,11.00,WABB 301830Z 10011KT 160V100 7000 -RA SCT018 24/24 Q1010 NOSIG
WABB,2023-09-30 19:00,4.35,-RA,60.00,3.00,WABB 301900Z 06003KT 200V060 7000 -RA SCT018 24/24 Q1010 NOSIG
WABB,2023-09-30 19:30,4.35,-RA,M,2.00,WABB 301930Z VRB02KT 7000 -RA SCT018 24/24 Q1010 NOSIG
WABB,2023-09-30 20:00,5.59,M,M,2.00,WABB 302000Z VRB02KT 9000 SCT018 24/24 Q1010 RERA NOSIG
WABB,2023-09-30 20:30,5.59,M,40.00,3.00,WABB 302030Z 04003KT 230V040 9000 SCT018 24/24 Q1011 NOSIG
WABB,2023-09-30 21:00,5.59,M,50.00,6.00,WABB 302100Z 05006KT 220V050 9000 SCT018 24/24 Q1011 NOSIG
WABB,2023-09-30 22:00,5.59,M,40.00,5.00,WABB 302200Z 04005KT 040V250 9000 FEW017CB SCT018 25/24 Q1012 RETS NOSIG RMK CB AT NE
WABB,2023-09-30 22:30,4.97,-RA,40.00,5.00,WABB 302230Z 04005KT 230V040 8000 -RA SCT018 25/24 Q1012 NOSIG
WABB,2023-09-30 23:00,4.97,-RA,30.00,4.00,WABB 302300Z 03004KT 030V240 8000 -RA SCT018 25/24 Q1012 NOSIG
WABB,2023-09-30 23:30,4.97,-RA,70.00,3.00,WABB 302330Z 07003KT 200V070 8000 -RA SCT018 25/25 Q1013 NOSIG
WABB,2023-10-01 00:00,4.35,-RA,90.00,7.00,WABB 010000Z 09007KT 190V090 7000 -RA SCT018 26/25 Q1013 NOSIG
WABB,2023-10-01 00:30,4.35,-RA,80.00,6.00,WABB 010030Z 08006KT 190V080 7000 -RA SCT018 26/25 Q1013 NOSIG
WABB,2023-10-01 01:00,4.35,-RA,100.00,6.00,WABB 010100Z 10006KT 180V100 7000 -RA SCT018 26/25 Q1012 NOSIG
WABB,2023-10-01 01:30,6.21,M,120.00,5.00,WABB 010130Z 12005KT 160V100 9999 SCT018 27/25 Q1012 RERA NOSIG
WABB,2023-10-01 02:00,6.21,M,110.00,5.00,WABB 010200Z 11005KT 9999 SCT018 28/25 Q1012 NOSIG
WABB,2023-10-01 02:30,6.21,M,150.00,4.00,WABB 010230Z 15004KT 9999 SCT018 28/26 Q1012 NOSIG
WABB,2023-10-01 03:00,6.21,M,100.00,5.00,WABB 010300Z 10005KT 160V100 9999 SCT018 28/26 Q1011 NOSIG
WABB,2023-10-01 03:30,6.21,M,110.00,7.00,WABB 010330Z 11007KT 160V100 9999 SCT018 29/25 Q1011 NOSIG
WABB,2023-10-01 04:00,6.21,M,90.00,12.00,WABB 010400Z 09012KT 180V090 9999 SCT018 29/25 Q1010 NOSIG
WABB,2023-10-01 04:30,6.21,M,130.00,6.00,WABB 010430Z 13006KT 160V100 9999 SCT018 30/25 Q1010 NOSIG
WABB,2023-10-01 05:00,6.21,M,130.00,6.00,WABB 010500Z 13006KT 160V100 9999 SCT018 30/25 Q1010 NOSIG
WABB,2023-10-01 05:30,6.21,M,110.00,9.00,WABB 010530Z 11009KT 160V100 9999 SCT018 29/25 Q1009 NOSIG
WABB,2023-10-01 06:00,6.21,M,110.00,8.00,WABB 010600Z 11008KT 160V100 9999 SCT018 29/25 Q1009 NOSIG
WABB,2023-10-01 06:30,6.21,M,120.00,8.00,WABB 010630Z 12008KT 170V110 9999 SCT018 29/24 Q1009 NOSIG
WABB,2023-10-01 07:00,6.21,M,80.00,6.00,WABB 010700Z 08006KT 200V080 9999 SCT018 29/25 Q1009 NOSIG
WABB,2023-10-01 07:30,6.21,M,70.00,4.00,WABB 010730Z 07004KT 200V070 9999 SCT018 28/25 Q1009 NOSIG
WABB,2023-10-01 08:00,6.21,M,70.00,5.00,WABB 010800Z 07005KT 200V070 9999 SCT018 28/25 Q1009 NOSIG
WABB,2023-10-01 08:30,6.21,M,70.00,6.00,WABB 010830Z 07006KT 200V070 9999 SCT018 28/24 Q1010 NOSIG
WABB,2023-10-01 09:00,6.21,M,50.00,5.00,WABB 010900Z 05005KT 220V050 9999 SCT018 28/25 Q1010 NOSIG
WABB,2023-10-01 09:30,6.21,M,60.00,4.00,WABB 010930Z 06004KT 210V060 9999 SCT018 27/25 Q1010 NOSIG
WABB,2023-10-01 10:00,6.21,M,70.00,5.00,WABB 011000Z 07005KT 200V070 9999 SCT018 27/25 Q1010 NOSIG
WABB,2023-10-01 10:30,6.21,M,60.00,5.00,WABB 011030Z 06005KT 210V060 9999 SCT018 27/25 Q1011 NOSIG
WABB,2023-10-01 11:00,6.21,M,40.00,4.00,WABB 011100Z 04004KT 220V040 9999 SCT018 27/25 Q1011 NOSIG
WABB,2023-10-01 12:00,6.21,M,50.00,4.00,WABB 011200Z 05004KT 210V050 9999 SCT018 26/25 Q1011 NOSIG
WABB,2023-10-01 12:30,6.21,M,70.00,3.00,WABB 011230Z 07003KT 210V070 9999 SCT018 26/25 Q1011 NOSIG
WABB,2023-10-01 13:00,6.21,M,M,2.00,WABB 011300Z VRB02KT 9999 SCT018 26/25 Q1011 NOSIG
WABB,2023-10-01 13:30,6.21,M,M,2.00,WABB 011330Z VRB02KT 9999 SCT018 26/25 Q1011 NOSIG
WABB,2023-10-01 14:00,6.21,M,M,2.00,WABB 011400Z VRB02KT 9999 SCT018 26/24 Q1011 NOSIG
WABB,2023-10-01 14:30,6.21,M,0.00,0.00,WABB 011430Z 00000KT 9999 SCT018 26/24 Q1011 NOSIG
WABB,2023-10-01 15:00,6.21,M,M,2.00,WABB 011500Z VRB02KT 9999 SCT018 26/24 Q1011 NOSIG
WABB,2023-10-01 15:30,6.21,M,40.00,4.00,WABB 011530Z 04004KT 220V040 9999 SCT018 26/24 Q1011 NOSIG
WABB,2023-10-01 16:00,6.21,M,40.00,4.00,WABB 011600Z 04004KT 240V040 9999 SCT018 26/25 Q1011 NOSIG
WABB,2023-10-01 16:30,6.21,M,40.00,3.00,WABB 011630Z 04003KT 220V040 9999 SCT018 26/25 Q1011 NOSIG
WABB,2023-10-01 17:00,6.21,M,40.00,3.00,WABB 011700Z 04003KT 230V040 9999 SCT018 26/24 Q1011 NOSIG
WABB,2023-10-01 17:30,6.21,M,60.00,4.00,WABB 011730Z 06004KT 210V060 9999 SCT018 26/24 Q1011 NOSIG
WABB,2023-10-01 18:00,6.21,M,50.00,5.00,WABB 011800Z 05005KT 220V050 9999 SCT018 26/24 Q1011 NOSIG
WABB,2023-10-01 18:30,6.21,M,50.00,5.00,WABB 011830Z 05005KT 210V050 9999 SCT018 26/24 Q1010 NOSIG
WABB,2023-10-01 19:00,6.21,M,60.00,3.00,WABB 011900Z 06003KT 210V060 9999 SCT018 26/24 Q1011 NOSIG
WABB,2023-10-01 19:30,6.21,M,20.00,4.00,WABB 011930Z 02004KT 020V250 9999 SCT018 26/24 Q1011 NOSIG
WABB,2023-10-01 20:00,6.21,M,60.00,3.00,WABB 012000Z 06003KT 220V060 9999 SCT018 26/24 Q1011 NOSIG
WABB,2023-10-01 20:30,6.21,M,350.00,3.00,WABB 012030Z 35003KT 170V350 9999 SCT018 26/24 Q1011 NOSIG
WABB,2023-10-01 21:00,6.21,M,M,2.00,WABB 012100Z VRB02KT 9999 SCT018 25/24 Q1011 NOSIG
WABB,2023-10-01 21:30,6.21,M,30.00,4.00,WABB 012130Z 03004KT 030V240 9999 SCT018 26/24 Q1012 NOSIG
WABB,2023-10-01 22:00,6.21,M,40.00,3.00,WABB 012200Z 04003KT 240V040 9999 SCT018 27/24 Q1012 NOSIG
WABB,2023-10-01 22:30,6.21,M,40.00,3.00,WABB 012230Z 04003KT 230V040 9999 SCT018 28/25 Q1012 NOSIG
WABB,2023-10-01 23:00,6.21,M,80.00,5.00,WABB 012300Z 08005KT 210V080 9999 SCT018 BKN100 28/25 Q1013 NOSIG
WABB,2023-10-01 23:30,6.21,M,100.00,3.00,WABB 012330Z 10003KT 170V100 9999 SCT018 BKN100 29/26 Q1013 NOSIG
WABB,2023-10-02 00:00,6.21,M,110.00,7.00,WABB 020000Z 11007KT 160V100 9999 SCT018 SCT100 30/26 Q1013 NOSIG
WABB,2023-10-02 00:30,6.21,M,110.00,8.00,WABB 020030Z 11008KT 160V100 9999 SCT018 SCT100 30/25 Q1013 NOSIG
WABB,2023-10-02 01:00,6.21,M,110.00,8.00,WABB 020100Z 11008KT 160V100 9999 SCT018 SCT100 30/26 Q1012 NOSIG
WABB,2023-10-02 01:30,5.59,VCSH,100.00,9.00,WABB 020130Z 10009KT 160V100 9000 VCSH SCT018 BKN100 28/26 Q1012 NOSIG
WABB,2023-10-02 02:00,6.21,M,140.00,5.00,WABB 020200Z 14005KT 170V110 9999 SCT018 BKN100 29/26 Q1012 RERA NOSIG
WABB,2023-10-02 02:30,6.21,M,100.00,8.00,WABB 020230Z 10008KT 160V100 9999 SCT018 SCT100 29/26 Q1011 NOSIG
WABB,2023-10-02 03:00,6.21,M,120.00,8.00,WABB 020300Z 12008KT 9999 SCT018 30/26 Q1011 NOSIG
WABB,2023-10-02 03:30,6.21,M,110.00,7.00,WABB 020330Z 11007KT 160V100 9999 SCT018 30/26 Q1010 NOSIG
WABB,2023-10-02 04:00,5.59,VCSH,110.00,8.00,WABB 020400Z 11008KT 160V100 9000 4000W VCSH FEW017CB SCT018 30/26 Q1010 NOSIG RMK CB AT W
WABB,2023-10-02 04:30,5.59,VCSH,140.00,5.00,WABB 020430Z 14005KT 9000 VCSH SCT018 31/27 Q1010 NOSIG
WABB,2023-10-02 05:00,5.59,VCSH,110.00,9.00,WABB 020500Z 11009KT 160V100 9000 VCSH SCT018 30/26 Q1009 NOSIG
WABB,2023-10-02 05:30,5.59,VCSH,120.00,6.00,WABB 020530Z 12006KT 9000 VCSH SCT018 31/26 Q1009 NOSIG
WABB,2023-10-02 06:00,6.21,M,110.00,6.00,WABB 020600Z 11006KT 160V100 9999 SCT018 30/25 Q1009 NOSIG
WABB,2023-10-02 06:30,5.59,-RA,130.00,7.00,WABB 020630Z 13007KT 160V100 9000 -RA SCT018 30/26 Q1009 NOSIG
WABB,2023-10-02 07:00,6.21,M,90.00,11.00,WABB 020700Z 09011KT 180V090 9999 SCT018 30/26 Q1009 RERA NOSIG
WABB,2023-10-02 07:30,6.21,M,100.00,7.00,WABB 020730Z 10007KT 170V100 9999 SCT018 30/26 Q1009 NOSIG
WABB,2023-10-02 08:00,6.21,M,70.00,4.00,WABB 020800Z 07004KT 180V070 9999 SCT018 30/26 Q1010 NOSIG
WABB,2023-10-02 08:30,6.21,M,40.00,4.00,WABB 020830Z 04004KT 040V260 9999 SCT018 29/25 Q1010 NOSIG
WABB,2023-10-02 09:00,6.21,M,50.00,3.00,WABB 020900Z 05003KT 230V050 9999 SCT018 28/25 Q1010 NOSIG
WABB,2023-10-02 09:30,6.21,M,M,2.00,WABB 020930Z VRB02KT 9999 SCT018 28/25 Q1011 NOSIG
WABB,2023-10-02 10:00,6.21,M,0.00,0.00,WABB 021000Z 00000KT 9999 SCT018 28/26 Q1011 NOSIG
WABB,2023-10-02 10:30,6.21,M,M,2.00,WABB 021030Z VRB02KT 9999 SCT018 27/26 Q1012 NOSIG
WABB,2023-10-02 11:00,6.21,M,320.00,3.00,WABB 021100Z 32003KT 140V320 9999 SCT018 26/26 Q1012 NOSIG
WABB,2023-10-02 11:30,6.21,M,M,2.00,WABB 021130Z VRB02KT 9999 SCT018 26/25 Q1013 NOSIG
WABB,2023-10-02 12:00,6.21,M,10.00,11.00,WABB 021200Z 01011KT 010V270 9999 SCT018 27/25 Q1013 NOSIG
WABB,2023-10-02 12:30,1.24,-RA,360.00,7.00,WABB 021230Z 36007KT 180V360 2000 -RA SCT018 OVC100 24/24 Q1013 NOSIG
WABB,2023-10-02 13:00,4.35,-RA,20.00,4.00,WABB 021300Z 02004KT 020V250 7000 -RA SCT018 OVC100 24/24 Q1014 NOSIG
WABB,2023-10-02 13:30,4.35,-RA,280.00,6.00,WABB 021330Z 28006KT 100V280 7000 -RA SCT018 OVC100 24/24 Q1013 NOSIG
WABB,2023-10-02 14:00,4.35,-RA,310.00,4.00,WABB 021400Z 31004KT 130V310 7000 -RA SCT018 OVC100 24/24 Q1013 NOSIG
WABB,2023-10-02 14:30,5.59,M,0.00,0.00,WABB 021430Z 00000KT 9000 SCT018 OVC100 24/24 Q1013 NOSIG
WABB,2023-10-02 15:00,5.59,M,M,2.00,WABB 021500Z VRB02KT 9000 SCT018 OVC100 24/24 Q1013 NOSIG
WABB,2023-10-02 15:30,5.59,M,0.00,0.00,WABB 021530Z 00000KT 9000 SCT018 OVC100 26/24 Q1013 NOSIG
WABB,2023-10-02 16:00,5.59,M,M,2.00,WABB 021600Z VRB02KT 9000 SCT018 OVC100 25/24 Q1012 NOSIG
WABB,2023-10-02 16:30,5.59,M,300.00,3.00,WABB 021630Z 30003KT 120V300 9000 SCT018 BKN100 24/24 Q1012 NOSIG
WABB,2023-10-02 17:00,5.59,M,240.00,3.00,WABB 021700Z 24003KT 080V240 9000 SCT018 BKN100 25/25 Q1012 NOSIG
WABB,2023-10-02 17:30,5.59,M,M,2.00,WABB 021730Z VRB02KT 9000 SCT018 BKN100 25/25 Q1012 NOSIG
WABB,2023-10-02 18:00,5.59,M,130.00,2.00,WABB 021800Z 13002KT 9000 SCT018 BKN100 26/24 Q1012 NOSIG
WABB,2023-10-02 18:30,5.59,M,40.00,3.00,WABB 021830Z 04003KT 230V040 9000 SCT018 BKN100 25/24 Q1012 NOSIG
WABB,2023-10-02 19:00,5.59,M,40.00,5.00,WABB 021900Z 04005KT 230V040 9000 SCT018 BKN100 25/24 Q1012 NOSIG
WABB,2023-10-02 19:30,5.59,M,20.00,5.00,WABB 021930Z 02005KT 020V250 9000 SCT018 BKN100 25/24 Q1012 NOSIG
WABB,2023-10-02 20:00,5.59,M,40.00,4.00,WABB 022000Z 04004KT 240V040 9000 SCT018 BKN100 25/24 Q1012 NOSIG
WABB,2023-10-02 20:30,5.59,M,80.00,4.00,WABB 022030Z 08004KT 180V080 9000 SCT018 BKN100 25/24 Q1012 NOSIG
WABB,2023-10-02 21:00,5.59,M,80.00,3.00,WABB 022100Z 08003KT 200V080 9000 SCT018 BKN100 25/24 Q1013 NOSIG
WABB,2023-10-02 21:30,5.59,M,M,2.00,WABB 022130Z VRB02KT 9000 SCT018 BKN100 25/24 Q1013 NOSIG
WABB,2023-10-02 22:00,5.59,-RA,M,2.00,WABB 022200Z VRB02KT 9000 -RA SCT018 BKN100 25/24 Q1014 NOSIG
WABB,2023-10-02 22:30,5.59,-RA,30.00,3.00,WABB 022230Z 03003KT 230V030 9000 -RA SCT018 BKN100 25/24 Q1014 NOSIG
WABB,2023-10-02 23:00,5.59,-RA,M,2.00,WABB 022300Z VRB02KT 9000 -RA SCT018 BKN100 26/25 Q1014 NOSIG
WABB,2023-10-02 23:30,5.59,M,M,2.00,WABB 022330Z VRB02KT 9000 SCT018 BKN100 26/25 Q1014 RERA NOSIG
WABB,2023-10-03 00:00,5.59,M,M,2.00,WABB 030000Z VRB02KT 9000 SCT018 BKN100 27/25 Q1015 NOSIG
WABB,2023-10-03 00:30,5.59,M,300.00,5.00,WABB 030030Z 30005KT 130V300 9000 SCT018 BKN100 27/25 Q1015 NOSIG
WABB,2023-10-03 01:00,5.59,M,0.00,0.00,WABB 030100Z 00000KT 9000 SCT018 BKN100 27/25 Q1014 NOSIG
WABB,2023-10-03 01:30,5.59,M,M,2.00,WABB 030130Z VRB02KT 9000 SCT018 BKN100 28/25 Q1014 NOSIG
WABB,2023-10-03 02:00,5.59,M,M,2.00,WABB 030200Z VRB02KT 9000 SCT018 BKN100 28/25 Q1014 NOSIG
WABB,2023-10-03 02:30,5.59,M,240.00,5.00,WABB 030230Z 24005KT 060V240 9000 SCT018 BKN100 28/25 Q1013 NOSIG
WABB,2023-10-03 03:00,5.59,M,280.00,5.00,WABB 030300Z 28005KT 280V070 9000 SCT018 BKN100 28/25 Q1013 NOSIG
WABB,2023-10-03 03:30,5.59,M,250.00,6.00,WABB 030330Z 25006KT 060V250 9000 SCT018 BKN100 28/24 Q1013 NOSIG
WABB,2023-10-03 04:00,3.73,-RA,300.00,15.00,WABB 030400Z 30015KT 120V300 6000 -RA FEW017CB SCT018 BKN100 24/23 Q1013 NOSIG RMK CB AT N
WABB,2023-10-03 04:30,3.73,-RA,300.00,8.00,WABB 030430Z 30008KT 110V300 6000 -RA FEW017CB BKN018 OVC100 24/23 Q1013 NOSIG RMK CB AT N AND S
WABB,2023-10-03 05:00,3.73,-RA,300.00,15.00,WABB 030500Z 30015KT 120V300 6000 -RA FEW017CB BKN018 OVC100 24/23 Q1013 NOSIG RMK CB AT N AND S
WABB,2023-10-03 05:30,3.73,-RA,320.00,10.00,WABB 030530Z 32010KT 140V320 6000 -RA FEW017CB BKN018 OVC100 24/23 Q1012 NOSIG RMK CB AT N AND S
WABB,2023-10-03 06:00,5.59,-RA,300.00,7.00,WABB 030600Z 30007KT 130V300 9000 -RA BKN018 OVC100 25/24 Q1012 NOSIG
WABB,2023-10-03 06:30,5.59,M,320.00,5.00,WABB 030630Z 32005KT 120V320 9000 BKN018 OVC100 25/24 Q1012 RERA NOSIG
WABB,2023-10-03 07:00,5.59,M,0.00,0.00,WABB 030700Z 00000KT 9000 BKN018 OVC100 25/24 Q1011 NOSIG
WABB,2023-10-03 07:30,5.59,M,0.00,0.00,WABB 030730Z 00000KT 9000 BKN018 OVC100 25/24 Q1011 NOSIG
WABB,2023-10-03 08:00,6.21,M,0.00,0.00,WABB 030800Z 00000KT 9999 BKN018 OVC100 26/24 Q1011 NOSIG
WABB,2023-10-03 08:30,6.21,M,160.00,3.00,WABB 030830Z 16003KT 9999 BKN018 OVC100 26/24 Q1011 NOSIG
WABB,2023-10-03 09:00,6.21,M,0.00,0.00,WABB 030900Z 00000KT 9999 BKN018 OVC100 25/24 Q1011 NOSIG
WABB,2023-10-03 09:30,6.21,M,360.00,3.00,WABB 030930Z 36003KT 270V360 9999 BKN018 OVC100 25/24 Q1012 NOSIG
WABB,2023-10-03 10:00,6.21,M,M,2.00,WABB 031000Z VRB02KT 9999 BKN018 OVC100 25/24 Q1012 NOSIG
WABB,2023-10-03 10:30,6.21,M,M,2.00,WABB 031030Z VRB02KT 9999 SCT018 OVC100 24/24 Q1012 NOSIG
WABB,2023-10-03 11:00,6.21,M,M,2.00,WABB 031100Z VRB02KT 9999 SCT018 OVC100 24/24 Q1013 NOSIG
WABB,2023-10-03 11:30,6.21,M,M,2.00,WABB 031130Z VRB02KT 9999 SCT018 OVC100 24/24 Q1013 NOSIG
WABB,2023-10-03 12:00,6.21,M,M,2.00,WABB 031200Z VRB02KT 9999 SCT018 OVC100 25/24 Q1013 NOSIG
WABB,2023-10-03 12:30,6.21,M,310.00,3.00,WABB 031230Z 31003KT 120V310 9999 SCT018 OVC100 24/24 Q1014 NOSIG
WABB,2023-10-03 13:00,6.21,M,310.00,3.00,WABB 031300Z 31003KT 130V310 9999 SCT018 OVC100 25/24 Q1014 NOSIG
WABB,2023-10-03 13:30,6.21,M,300.00,4.00,WABB 031330Z 30004KT 120V300 9999 SCT018 OVC100 25/24 Q1014 NOSIG
WABB,2023-10-03 14:00,6.21,M,310.00,3.00,WABB 031400Z 31003KT 140V310 9999 SCT018 OVC100 24/24 Q1013 NOSIG
WABB,2023-10-03 14:30,6.21,M,290.00,3.00,WABB 031430Z 29003KT 100V290 9999 SCT018 OVC100 25/24 Q1013 NOSIG
WABB,2023-10-03 15:00,6.21,M,300.00,4.00,WABB 031500Z 30004KT 120V300 9999 SCT018 OVC100 25/24 Q1013 NOSIG
WABB,2023-10-03 15:30,6.21,M,320.00,3.00,WABB 031530Z 32003KT 140V320 9999 SCT018 OVC100 25/24 Q1012 NOSIG
WABB,2023-10-03 16:00,6.21,M,320.00,5.00,WABB 031600Z 32005KT 150V320 9999 SCT018 OVC100 25/24 Q1012 NOSIG
WABB,2023-10-03 16:30,6.21,M,340.00,4.00,WABB 031630Z 34004KT 150V340 9999 SCT018 OVC100 25/24 Q1011 NOSIG
WABB,2023-10-03 17:00,6.21,M,M,2.00,WABB 031700Z VRB02KT 9999 SCT018 OVC100 25/24 Q1011 NOSIG
WABB,2023-10-03 17:30,6.21,M,340.00,3.00,WABB 031730Z 34003KT 160V340 9999 SCT018 OVC100 24/24 Q1011 NOSIG
WABB,2023-10-03 18:00,6.21,M,330.00,4.00,WABB 031800Z 33004KT 150V330 9999 SCT018 BKN100 24/24 Q1010 NOSIG
WABB,2023-10-03 18:30,6.21,M,340.00,3.00,WABB 031830Z 34003KT 160V340 9999 SCT018 BKN100 25/24 Q1010 NOSIG
WABB,2023-10-03 19:00,6.21,M,10.00,3.00,WABB 031900Z 01003KT 010V260 9999 SCT018 BKN100 24/24 Q1010 NOSIG
WABB,2023-10-03 19:30,6.21,M,M,2.00,WABB 031930Z VRB02KT 9999 SCT018 BKN100 24/24 Q1011 NOSIG
WABB,2023-10-03 20:00,6.21,M,M,2.00,WABB 032000Z VRB02KT 9999 SCT018 BKN100 24/24 Q1011 NOSIG
WABB,2023-10-03 20:30,6.21,M,M,2.00,WABB 032030Z VRB02KT 9999 SCT018 BKN100 24/24 Q1011 NOSIG
WABB,2023-10-03 21:00,6.21,M,M,2.00,WABB 032100Z VRB02KT 9999 SCT018 BKN100 24/24 Q1012 NOSIG
WABB,2023-10-03 21:30,6.21,M,M,2.00,WABB 032130Z VRB02KT 9999 SCT018 BKN100 25/25 Q1012 NOSIG
WABB,2023-10-03 22:00,6.21,M,0.00,0.00,WABB 032200Z 00000KT 9999 SCT018 BKN100 26/25 Q1013 NOSIG
WABB,2023-10-03 22:30,6.21,M,M,2.00,WABB 032230Z VRB02KT 9999 SCT018 BKN100 26/25 Q1013 NOSIG
WABB,2023-10-03 23:00,4.97,-RA,340.00,3.00,WABB 032300Z 34003KT 160V340 8000 -RA SCT018 BKN100 27/25 Q1013 NOSIG
WABB,2023-10-03 23:30,4.97,-RA,M,2.00,WABB 032330Z VRB02KT 8000 -RA SCT018 OVC100 28/26 Q1013 NOSIG
WABB,2023-10-04 00:00,4.97,-RA,300.00,3.00,WABB 040000Z 30003KT 130V300 8000 -RA SCT018 OVC100 28/26 Q1013 NOSIG
WABB,2023-10-04 00:30,6.21,M,320.00,3.00,WABB 040030Z 32003KT 130V320 9999 SCT018 OVC100 28/26 Q1013 RERA NOSIG
WABB,2023-10-04 01:00,6.21,M,300.00,6.00,WABB 040100Z 30006KT 100V300 9999 SCT018 BKN100 29/26 Q1013 NOSIG
WABB,2023-10-04 01:30,6.21,M,290.00,5.00,WABB 040130Z 29005KT 100V290 9999 SCT018 BKN100 29/25 Q1012 NOSIG
WABB,2023-10-04 02:00,6.21,M,270.00,6.00,WABB 040200Z 27006KT 080V270 9999 SCT018 BKN100 30/26 Q1011 NOSIG
WABB,2023-10-04 02:30,6.21,M,280.00,6.00,WABB 040230Z 28006KT 280V070 9999 FEW018 BKN100 29/25 Q1011 NOSIG
WABB,2023-10-04 03:00,6.21,M,250.00,7.00,WABB 040300Z 25007KT 080V250 9999 FEW018 BKN100 29/25 Q1011 NOSIG
WABB,2023-10-04 03:30,6.21,M,260.00,5.00,WABB 040330Z 26005KT 080V260 9999 FEW018 BKN100 30/26 Q1010 NOSIG
WABB,2023-10-04 04:00,6.21,M,240.00,7.00,WABB 040400Z 24007KT 060V240 9999 FEW018 BKN100 30/26 Q1010 NOSIG
WABB,2023-10-04 04:30,6.21,M,240.00,5.00,WABB 040430Z 24005KT 060V240 9999 SCT018 30/26 Q1010 NOSIG
WABB,2023-10-04 05:00,6.21,M,250.00,5.00,WABB 040500Z 25005KT 080V250 9999 SCT018 30/26 Q1009 NOSIG
WABB,2023-10-04 05:30,6.21,M,230.00,5.00,WABB 040530Z 23005KT 070V230 9999 SCT018 30/26 Q1009 NOSIG
WABB,2023-10-04 06:00,6.21,M,240.00,7.00,WABB 040600Z 24007KT 060V240 9999 SCT018 30/26 Q1009 NOSIG
WABB,2023-10-04 06:30,6.21,M,240.00,5.00,WABB 040630Z 24005KT 070V240 9999 SCT018 30/26 Q1008 NOSIG
WABB,2023-10-04 07:00,6.21,M,250.00,9.00,WABB 040700Z 25009KT 070V250 9999 SCT018 30/26 Q1008 NOSIG
WABB,2023-10-04 07:30,6.21,M,250.00,7.00,WABB 040730Z 25007KT 070V250 9999 SCT018 30/26 Q1009 NOSIG
WABB,2023-10-04 08:00,6.21,M,240.00,7.00,WABB 040800Z 24007KT 080V240 9999 SCT018 29/26 Q1009 NOSIG
WABB,2023-10-04 08:30,6.21,M,270.00,8.00,WABB 040830Z 27008KT 080V270 9999 SCT018 29/26 Q1009 NOSIG
WABB,2023-10-04 09:00,6.21,M,270.00,6.00,WABB 040900Z 27006KT 080V270 9999 SCT018 29/25 Q1010 NOSIG
WABB,2023-10-04 09:30,6.21,M,260.00,9.00,WABB 040930Z 26009KT 080V260 9999 SCT018 29/25 Q1011 NOSIG
WABB,2023-10-04 10:00,6.21,M,250.00,6.00,WABB 041000Z 25006KT 090V250 9999 SCT018 28/25 Q1011 NOSIG
WABB,2023-10-04 10:30,6.21,M,270.00,6.00,WABB 041030Z 27006KT 090V270 9999 SCT018 28/25 Q1011 NOSIG
WABB,2023-10-04 11:00,6.21,M,310.00,4.00,WABB 041100Z 31004KT 140V310 9999 SCT018 27/25 Q1012 NOSIG
WABB,2023-10-04 11:30,6.21,M,310.00,3.00,WABB 041130Z 31003KT 130V310 9999 SCT018 27/25 Q1012 NOSIG
WABB,2023-10-04 13:00,6.21,M,M,2.00,WABB 041300Z VRB02KT 9999 SCT018 26/25 Q1013 NOSIG
WABB,2023-10-04 13:30,6.21,M,330.00,5.00,WABB 041330Z 33005KT 150V330 9999 SCT018 26/25 Q1012 NOSIG
WABB,2023-10-04 14:00,6.21,M,M,2.00,WABB 041400Z VRB02KT 9999 SCT018 26/24 Q1012 NOSIG
WABB,2023-10-04 14:30,6.21,M,320.00,4.00,WABB 041430Z 32004KT 140V320 9999 SCT018 25/24 Q1012 NOSIG
WABB,2023-10-04 15:00,6.21,M,330.00,5.00,WABB 041500Z 33005KT 150V330 9999 SCT018 26/24 Q1011 NOSIG
WABB,2023-10-04 15:30,6.21,M,320.00,5.00,WABB 041530Z 32005KT 150V320 9999 SCT018 26/24 Q1011 NOSIG
WABB,2023-10-04 16:00,6.21,M,330.00,4.00,WABB 041600Z 33004KT 150V330 9999 SCT018 25/24 Q1010 NOSIG
WABB,2023-10-04 16:30,6.21,M,320.00,4.00,WABB 041630Z 32004KT 150V320 9999 SCT018 25/24 Q1010 NOSIG
WABB,2023-10-04 17:00,6.21,M,320.00,5.00,WABB 041700Z 32005KT 140V320 9999 SCT018 25/24 Q1010 NOSIG
WABB,2023-10-04 17:30,6.21,M,300.00,3.00,WABB 041730Z 30003KT 130V300 9999 SCT018 26/24 Q1010 NOSIG
WABB,2023-10-04 18:00,6.21,M,350.00,3.00,WABB 041800Z 35003KT 170V350 9999 SCT018 25/24 Q1010 NOSIG
WABB,2023-10-04 18:30,6.21,M,M,2.00,WABB 041830Z VRB02KT 9999 FEW018 24/24 Q1010 NOSIG
WABB,2023-10-04 19:00,6.21,M,M,2.00,WABB 041900Z VRB02KT 9999 FEW018 24/24 Q1010 NOSIG
WABB,2023-10-04 19:30,6.21,M,M,2.00,WABB 041930Z VRB02KT 9999 FEW018 24/24 Q1010 NOSIG
WABB,2023-10-04 20:00,6.21,M,M,2.00,WABB 042000Z VRB02KT 9999 FEW018 24/24 Q1010 NOSIG
WABB,2023-10-04 20:30,6.21,M,320.00,4.00,WABB 042030Z 32004KT 130V320 9999 SCT018 25/25 Q1010 NOSIG
WABB,2023-10-04 21:00,6.21,M,320.00,3.00,WABB 042100Z 32003KT 140V320 9999 SCT018 26/25 Q1011 NOSIG
WABB,2023-10-04 21:30,6.21,M,300.00,3.00,WABB 042130Z 30003KT 110V300 9999 SCT018 27/26 Q1011 NOSIG
WABB,2023-10-04 22:00,6.21,M,320.00,3.00,WABB 042200Z 32003KT 130V320 9999 SCT018 27/26 Q1011 NOSIG
WABB,2023-10-04 22:30,6.21,M,300.00,4.00,WABB 042230Z 30004KT 130V300 9999 FEW018 28/26 Q1012 NOSIG
WABB,2023-10-04 23:00,6.21,M,290.00,6.00,WABB 042300Z 29006KT 120V290 9999 FEW018 29/27 Q1012 NOSIG
WABB,2023-10-04 23:30,6.21,M,280.00,4.00,WABB 042330Z 28004KT 090V280 9999 FEW018 30/27 Q1012 NOSIG
WABB,2023-10-05 00:00,6.21,M,240.00,5.00,WABB 050000Z 24005KT 080V240 9999 FEW018 30/26 Q1012 NOSIG
WABB,2023-10-05 00:30,6.21,M,220.00,9.00,WABB 050030Z 22009KT 050V220 9999 FEW018 30/26 Q1012 NOSIG
WABB,2023-10-05 01:00,6.21,M,220.00,7.00,WABB 050100Z 22007KT 040V220 9999 FEW018 30/26 Q1012 NOSIG
WABB,2023-10-05 01:30,6.21,M,210.00,8.00,WABB 050130Z 21008KT 050V210 9999 FEW018 30/25 Q1011 NOSIG
WABB,2023-10-05 02:00,6.21,M,240.00,5.00,WABB 050200Z 24005KT 050V240 9999 FEW018 30/25 Q1011 NOSIG
WABB,2023-10-05 02:30,6.21,M,230.00,11.00,WABB 050230Z 23011KT 060V230 9999 FEW018 30/26 Q1011 NOSIG
WABB,2023-10-05 03:00,6.21,M,250.00,10.00,WABB 050300Z 25010KT 060V250 9999 FEW018 30/25 Q1010 NOSIG
WABB,2023-10-05 03:30,6.21,M,250.00,7.00,WABB 050330Z 25007KT 070V250 9999 FEW018 30/26 Q1010 NOSIG
WABB,2023-10-05 04:00,6.21,M,260.00,11.00,WABB 050400Z 26011KT 080V260 9999 FEW018 31/26 Q1009 NOSIG
WABB,2023-10-05 04:30,6.21,M,230.00,6.00,WABB 050430Z 23006KT 080V230 9999 FEW018 30/25 Q1009 NOSIG
WABB,2023-10-05 05:00,6.21,M,260.00,11.00,WABB 050500Z 26011KT 080V260 9999 FEW018 30/26 Q1009 NOSIG
WABB,2023-10-05 05:30,6.21,M,250.00,8.00,WABB 050530Z 25008KT 070V250 9999 FEW018 30/25 Q1008 NOSIG
WABB,2023-10-05 06:00,6.21,M,270.00,7.00,WABB 050600Z 27007KT 080V270 9999 FEW018 30/26 Q1008 NOSIG
WABB,2023-10-05 06:30,6.21,M,280.00,9.00,WABB 050630Z 28009KT 090V280 9999 FEW018 30/26 Q1008 NOSIG
WABB,2023-10-05 07:00,6.21,M,260.00,7.00,WABB 050700Z 26007KT 090V260 9999 FEW018 30/25 Q1008 NOSIG
WABB,2023-10-05 07:30,6.21,M,280.00,8.00,WABB 050730Z 28008KT 090V280 9999 FEW018 30/25 Q1008 NOSIG
WABB,2023-10-05 08:00,6.21,M,270.00,6.00,WABB 050800Z 27006KT 090V270 9999 FEW018 29/24 Q1008 NOSIG
WABB,2023-10-05 08:30,6.21,M,280.00,6.00,WABB 050830Z 28006KT 100V280 9999 FEW018 28/24 Q1009 NOSIG
WABB,2023-10-05 09:00,6.21,M,290.00,5.00,WABB 050900Z 29005KT 100V290 9999 FEW018 28/24 Q1009 NOSIG
WABB,2023-10-05 09:30,6.21,M,320.00,3.00,WABB 050930Z 32003KT 140V320 9999 FEW018 27/24 Q1009 NOSIG
WABB,2023-10-05 10:00,6.21,M,M,2.00,WABB 051000Z VRB02KT 9999 FEW018 27/24 Q1010 NOSIG
WABB,2023-10-05 10:30,6.21,M,M,2.00,WABB 051030Z VRB02KT 9999 FEW018 27/24 Q1010 NOSIG
WABB,2023-10-05 11:00,6.21,M,320.00,4.00,WABB 051100Z 32004KT 140V320 9999 FEW018 27/24 Q1010 NOSIG
WABB,2023-10-05 11:30,6.21,M,320.00,4.00,WABB 051130Z 32004KT 140V320 9999 FEW018 26/24 Q1010 NOSIG
WABB,2023-10-05 12:00,6.21,M,320.00,5.00,WABB 051200Z 32005KT 140V320 9999 FEW018 26/24 Q1010 NOSIG
WABB,2023-10-05 12:30,6.21,M,310.00,3.00,WABB 051230Z 31003KT 140V310 9999 FEW018 26/24 Q1011 NOSIG
WABB,2023-10-05 13:00,6.21,M,320.00,4.00,WABB 051300Z 32004KT 140V320 9999 FEW018 26/24 Q1011 NOSIG
WABB,2023-10-05 13:30,6.21,M,M,2.00,WABB 051330Z VRB02KT 9999 FEW018 26/24 Q1011 NOSIG
WABB,2023-10-05 14:00,6.21,M,M,2.00,WABB 051400Z VRB02KT 9999 FEW018 26/25 Q1011 NOSIG
WABB,2023-10-05 14:30,6.21,M,320.00,4.00,WABB 051430Z 32004KT 150V320 9999 FEW018 26/25 Q1010 NOSIG
WABB,2023-10-05 15:00,6.21,M,310.00,4.00,WABB 051500Z 31004KT 140V310 9999 FEW018 26/25 Q1010 NOSIG
WABB,2023-10-05 15:30,6.21,M,M,2.00,WABB 051530Z VRB02KT 9999 FEW018 26/24 Q1010 NOSIG
WABB,2023-10-05 16:00,6.21,M,M,2.00,WABB 051600Z VRB02KT 9999 FEW018 25/24 Q1010 NOSIG
WABB,2023-10-05 16:30,6.21,M,M,2.00,WABB 051630Z VRB02KT 9999 FEW018 25/24 Q1010 NOSIG
WABB,2023-10-05 17:00,6.21,M,310.00,3.00,WABB 051700Z 31003KT 130V310 9999 FEW018 25/25 Q1010 NOSIG
WABB,2023-10-05 17:30,6.21,M,320.00,5.00,WABB 051730Z 32005KT 140V320 9999 FEW018 26/24 Q1009 NOSIG
WABB,2023-10-05 18:00,6.21,M,330.00,5.00,WABB 051800Z 33005KT 150V330 9999 FEW018 26/24 Q1009 NOSIG
WABB,2023-10-05 18:30,6.21,M,M,2.00,WABB 051830Z VRB02KT 9999 FEW018 26/24 Q1010 NOSIG
WABB,2023-10-05 19:00,6.21,M,320.00,3.00,WABB 051900Z 32003KT 130V320 9999 FEW018 26/24 Q1010 NOSIG
WABB,2023-10-05 19:30,6.21,M,310.00,4.00,WABB 051930Z 31004KT 130V310 9999 FEW018 25/24 Q1010 NOSIG
WABB,2023-10-05 20:00,6.21,M,330.00,5.00,WABB 052000Z 33005KT 150V330 9999 FEW018 25/24 Q1010 NOSIG
WABB,2023-10-05 20:30,6.21,M,330.00,3.00,WABB 052030Z 33003KT 150V330 9999 FEW018 25/24 Q1010 NOSIG
WABB,2023-10-05 21:00,6.21,M,M,2.00,WABB 052100Z VRB02KT 9999 FEW018 25/24 Q1011 NOSIG
WABB,2023-10-05 21:30,6.21,M,M,2.00,WABB 052130Z VRB02KT 9999 FEW018 25/24 Q1011 NOSIG
WABB,2023-10-05 22:00,6.21,M,M,2.00,WABB 052200Z VRB02KT 9999 FEW018 27/25 Q1011 NOSIG
WABB,2023-10-05 22:30,6.21,M,M,2.00,WABB 052230Z VRB02KT 9999 SCT018 28/25 Q1011 NOSIG
WABB,2023-10-05 23:00,6.21,M,240.00,5.00,WABB 052300Z 24005KT 090V240 9999 SCT018 29/26 Q1011 NOSIG
WABB,2023-10-05 23:30,6.21,M,270.00,6.00,WABB 052330Z 27006KT 070V270 9999 SCT018 30/26 Q1011 NOSIG
WABB,2023-10-06 00:00,6.21,-RA,250.00,4.00,WABB 060000Z 25004KT 080V250 9999 -RA SCT018 SCT100 28/26 Q1011 NOSIG
WABB,2023-10-06 00:30,6.21,M,260.00,3.00,WABB 060030Z 26003KT 070V260 9999 SCT018 SCT100 29/26 Q1011 NOSIG
WABB,2023-10-06 01:00,6.21,M,260.00,9.00,WABB 060100Z 26009KT 070V260 9999 SCT018 SCT100 30/26 Q1011 NOSIG
WABB,2023-10-06 01:30,6.21,M,270.00,11.00,WABB 060130Z 27011KT 080V270 9999 SCT018 SCT100 30/26 Q1010 NOSIG
WABB,2023-10-06 02:00,6.21,M,280.00,8.00,WABB 060200Z 28008KT 280V070 9999 SCT018 30/25 Q1010 NOSIG
WABB,2023-10-06 02:30,6.21,M,260.00,11.00,WABB 060230Z 26011KT 080V260 9999 SCT018 30/26 Q1010 NOSIG
WABB,2023-10-06 03:00,6.21,M,260.00,11.00,WABB 060300Z 26011KT 080V260 9999 SCT018 30/25 Q1009 NOSIG
WABB,2023-10-06 03:30,6.21,M,260.00,14.00,WABB 060330Z 26014KT 080V260 9999 SCT018 31/25 Q1009 NOSIG
WABB,2023-10-06 04:00,6.21,M,260.00,13.00,WABB 060400Z 26013KT 070V260 9999 SCT018 30/25 Q1008 NOSIG
WABB,2023-10-06 04:30,6.21,M,260.00,11.00,WABB 060430Z 26011KT 090V260 9999 SCT018 31/25 Q1008 NOSIG
WABB,2023-10-06 05:00,6.21,M,280.00,9.00,WABB 060500Z 28009KT 080V280 9999 SCT018 31/25 Q1008 NOSIG
WABB,2023-10-06 05:30,6.21,M,260.00,10.00,WABB 060530Z 26010KT 080V260 9999 SCT018 31/25 Q1008 NOSIG
WABB,2023-10-06 06:00,6.21,M,260.00,5.00,WABB 060600Z 26005KT 070V260 9999 SCT018 30/25 Q1007 NOSIG
WABB,2023-10-06 06:30,6.21,M,250.00,6.00,WABB 060630Z 25006KT 080V250 9999 SCT018 30/25 Q1007 NOSIG
WABB,2023-10-06 07:00,6.21,M,260.00,7.00,WABB 060700Z 26007KT 080V260 9999 SCT018 30/25 Q1008 NOSIG
WABB,2023-10-06 07:30,6.21,M,250.00,5.00,WABB 060730Z 25005KT 080V250 9999 SCT018 30/25 Q1008 NOSIG
WABB,2023-10-06 08:00,6.21,M,250.00,6.00,WABB 060800Z 25006KT 080V250 9999 SCT018 30/25 Q1008 NOSIG
WABB,2023-10-06 08:30,6.21,M,260.00,6.00,WABB 060830Z 26006KT 090V260 9999 SCT018 29/25 Q1009 NOSIG
WABB,2023-10-06 09:00,6.21,M,M,2.00,WABB 060900Z VRB02KT 9999 SCT018 29/25 Q1009 NOSIG
WABB,2023-10-06 09:30,6.21,M,280.00,5.00,WABB 060930Z 28005KT 100V280 9999 SCT018 29/25 Q1010 NOSIG
WABB,2023-10-06 10:00,6.21,M,310.00,6.00,WABB 061000Z 31006KT 130V310 9999 SCT018 28/25 Q1010 NOSIG
WABB,2023-10-06 10:30,6.21,M,330.00,3.00,WABB 061030Z 33003KT 160V330 9999 SCT018 27/25 Q1010 NOSIG
WABB,2023-10-06 11:00,6.21,M,320.00,4.00,WABB 061100Z 32004KT 140V320 9999 SCT018 27/25 Q1011 NOSIG
WABB,2023-10-06 11:30,6.21,M,330.00,5.00,WABB 061130Z 33005KT 150V330 9999 SCT018 27/25 Q1011 NOSIG
WABB,2023-10-06 12:00,6.21,M,320.00,6.00,WABB 061200Z 32006KT 140V320 9999 SCT018 26/25 Q1011 NOSIG
WABB,2023-10-06 12:30,6.21,M,320.00,5.00,WABB 061230Z 32005KT 140V320 9999 SCT018 26/24 Q1011 NOSIG
WABB,2023-10-06 13:00,6.21,M,300.00,4.00,WABB 061300Z 30004KT 120V300 9999 SCT018 26/24 Q1011 NOSIG
WABB,2023-10-06 13:30,6.21,M,330.00,6.00,WABB 061330Z 33006KT 140V330 9999 SCT018 26/24 Q1010 NOSIG
WABB,2023-10-06 14:00,6.21,M,320.00,3.00,WABB 061400Z 32003KT 140V320 9999 SCT018 26/24 Q1010 NOSIG
WABB,2023-10-06 14:30,6.21,M,M,2.00,WABB 061430Z VRB02KT 9999 SCT018 26/24 Q1010 NOSIG
WABB,2023-10-06 15:00,6.21,M,300.00,5.00,WABB 061500Z 30005KT 120V300 9999 SCT018 26/24 Q1010 NOSIG
WABB,2023-10-06 15:30,6.21,M,290.00,4.00,WABB 061530Z 29004KT 100V290 9999 SCT018 26/24 Q1009 NOSIG
WABB,2023-10-06 16:00,6.21,M,0.00,0.00,WABB 061600Z 00000KT 9999 SCT018 26/24 Q1010 NOSIG
WABB,2023-10-06 16:30,6.21,M,340.00,3.00,WABB 061630Z 34003KT 160V340 9999 SCT018 24/24 Q1009 NOSIG
WABB,2023-10-06 17:00,6.21,M,10.00,3.00,WABB 061700Z 01003KT 010V260 9999 SCT018 24/24 Q1009 NOSIG
WABB,2023-10-06 17:30,6.21,M,360.00,3.00,WABB 061730Z 36003KT 170V360 9999 SCT018 24/24 Q1009 NOSIG
WABB,2023-10-06 18:00,6.21,M,M,2.00,WABB 061800Z VRB02KT 9999 SCT018 24/24 Q1009 NOSIG
WABB,2023-10-06 18:30,6.21,M,320.00,3.00,WABB 061830Z 32003KT 140V320 9999 SCT018 24/23 Q1009 NOSIG
WABB,2023-10-06 19:00,6.21,M,0.00,0.00,WABB 061900Z 00000KT 9999 SCT018 24/24 Q1009 NOSIG
WABB,2023-10-06 19:30,6.21,M,M,2.00,WABB 061930Z VRB02KT 9999 SCT018 25/24 Q1009 NOSIG
WABB,2023-10-06 20:00,6.21,M,M,2.00,WABB 062000Z VRB02KT 9999 SCT018 25/24 Q1009 NOSIG
WABB,2023-10-06 20:30,6.21,M,M,2.00,WABB 062030Z VRB02KT 9999 FEW018 25/24 Q1009 NOSIG
WABB,2023-10-06 21:00,6.21,M,M,2.00,WABB 062100Z VRB02KT 9999 FEW018 25/24 Q1010 NOSIG
WABB,2023-10-06 21:30,6.21,M,M,2.00,WABB 062130Z VRB02KT 9999 FEW018 26/26 Q1010 NOSIG
WABB,2023-10-06 22:00,6.21,M,M,2.00,WABB 062200Z VRB02KT 9999 FEW018 28/26 Q1010 NOSIG
WABB,2023-10-06 22:30,6.21,M,M,2.00,WABB 062230Z VRB02KT 9999 FEW018 28/26 Q1010 NOSIG
WABB,2023-10-06 23:00,6.21,M,310.00,4.00,WABB 062300Z 31004KT 140V310 9999 FEW018 29/26 Q1010 NOSIG
WABB,2023-10-06 23:30,6.21,M,M,2.00,WABB 062330Z VRB02KT 9999 FEW018 30/26 Q1011 NOSIG
WABB,2023-10-07 00:00,5.59,-RA,210.00,5.00,WABB 070000Z 21005KT 070V210 9000 -RA FEW018 28/27 Q1011 NOSIG
WABB,2023-10-07 00:30,5.59,-RA,300.00,5.00,WABB 070030Z 30005KT 120V300 9000 -RA SCT018 27/26 Q1010 NOSIG
WABB,2023-10-07 01:00,5.59,-RA,320.00,6.00,WABB 070100Z 32006KT 140V320 9000 -RA SCT018 28/26 Q1010 NOSIG
WABB,2023-10-07 01:30,5.59,-RA,220.00,4.00,WABB 070130Z 22004KT 080V220 9000 -RA SCT018 30/27 Q1010 NOSIG
WABB,2023-10-07 02:00,6.21,M,250.00,4.00,WABB 070200Z 25004KT 070V250 9999 SCT018 30/27 Q1010 NOSIG
WABB,2023-10-07 02:30,6.21,M,260.00,9.00,WABB 070230Z 26009KT 080V260 9999 SCT018 31/26 Q1009 NOSIG
WABB,2023-10-07 03:00,6.21,M,250.00,8.00,WABB 070300Z 25008KT 070V250 9999 SCT018 30/26 Q1009 NOSIG
WABB,2023-10-07 03:30,6.21,M,250.00,6.00,WABB 070330Z 25006KT 080V250 9999 SCT018 30/26 Q1009 NOSIG
WABB,2023-10-07 04:00,6.21,M,250.00,8.00,WABB 070400Z 25008KT 080V250 9999 FEW018CB 31/26 Q1008 NOSIG RMK CB AT NW
WABB,2023-10-07 04:30,6.21,M,240.00,11.00,WABB 070430Z 24011KT 080V240 9999 FEW018CB 31/26 Q1008 NOSIG RMK CB AT NW
WABB,2023-10-07 05:00,6.21,M,270.00,10.00,WABB 070500Z 27010KT 270V060 9999 FEW018CB 31/26 Q1007 NOSIG RMK CB AT NW
WABB,2023-10-07 05:30,6.21,M,240.00,11.00,WABB 070530Z 24011KT 080V240 9999 FEW018CB 30/26 Q1007 NOSIG RMK CB AT NW
WABB,2023-10-07 06:00,6.21,M,260.00,8.00,WABB 070600Z 26008KT 090V260 9999 FEW018CB 30/26 Q1007 NOSIG RMK CB AT NW
WABB,2023-10-07 06:30,6.21,M,250.00,10.00,WABB 070630Z 25010KT 080V250 9999 FEW018CB 30/26 Q1007 NOSIG RMK CB AT NW
WABB,2023-10-07 07:00,6.21,M,260.00,4.00,WABB 070700Z 26004KT 070V260 9999 FEW018CB 30/26 Q1008 NOSIG RMK CB AT NW
WABB,2023-10-07 07:30,6.21,M,290.00,6.00,WABB 070730Z 29006KT 290V080 9999 FEW018CB 30/26 Q1008 NOSIG RMK CB AT NW
WABB,2023-10-07 08:00,6.21,M,290.00,7.00,WABB 070800Z 29007KT 100V290 9999 FEW018CB 30/26 Q1008 NOSIG RMK CB AT NW
WABB,2023-10-07 08:30,6.21,M,280.00,6.00,WABB 070830Z 28006KT 090V280 9999 FEW018CB 30/25 Q1008 NOSIG RMK CB AT NW
WABB,2023-10-07 09:00,6.21,M,280.00,5.00,WABB 070900Z 28005KT 100V280 9999 FEW018CB 29/24 Q1009 NOSIG RMK CB AT NW
WABB,2023-10-07 09:30,6.21,M,280.00,4.00,WABB 070930Z 28004KT 100V280 9999 FEW018CB 29/24 Q1009 NOSIG RMK CB AT NW
WABB,2023-10-07 10:00,6.21,M,260.00,4.00,WABB 071000Z 26004KT 080V260 9999 FEW018CB 29/24 Q1009 NOSIG RMK CB AT NW
WABB,2023-10-07 10:30,6.21,M,M,2.00,WABB 071030Z VRB02KT 9999 FEW018CB 27/25 Q1009 NOSIG RMK CB AT NW
WABB,2023-10-07 11:00,6.21,M,M,2.00,WABB 071100Z VRB02KT 9999 FEW018 27/25 Q1010 NOSIG
WABB,2023-10-07 11:30,6.21,M,310.00,3.00,WABB 071130Z 31003KT 140V310 9999 FEW018 26/25 Q1010 NOSIG
WABB,2023-10-07 12:00,6.21,M,340.00,3.00,WABB 071200Z 34003KT 160V340 9999 FEW018 27/25 Q1010 NOSIG
WABB,2023-10-07 12:30,6.21,M,330.00,3.00,WABB 071230Z 33003KT 150V330 9999 FEW018 26/25 Q1010 NOSIG
WABB,2023-10-07 13:00,6.21,M,320.00,5.00,WABB 071300Z 32005KT 140V320 9999 FEW018 27/25 Q1010 NOSIG
WABB,2023-10-07 13:30,6.21,M,320.00,5.00,WABB 071330Z 32005KT 140V320 9999 FEW018 27/25 Q1010 NOSIG
WABB,2023-10-07 14:00,6.21,M,330.00,5.00,WABB 071400Z 33005KT 150V330 9999 FEW018 26/25 Q1010 NOSIG
WABB,2023-10-07 14:30,6.21,M,310.00,6.00,WABB 071430Z 31006KT 140V310 9999 FEW018 26/25 Q1010 NOSIG
WABB,2023-10-07 15:00,6.21,M,300.00,4.00,WABB 071500Z 30004KT 130V300 9999 FEW018 26/25 Q1010 NOSIG
WABB,2023-10-07 15:30,6.21,M,270.00,4.00,WABB 071530Z 27004KT 080V270 9999 FEW018 26/25 Q1010 NOSIG
WABB,2023-10-07 16:00,6.21,M,280.00,3.00,WABB 071600Z 28003KT 100V280 9999 FEW018 26/25 Q1009 NOSIG
WABB,2023-10-07 16:30,6.21,M,M,2.00,WABB 071630Z VRB02KT 9999 FEW018 25/25 Q1009 NOSIG
WABB,2023-10-07 17:00,6.21,M,30.00,3.00,WABB 071700Z 03003KT 030V240 9999 FEW018 25/25 Q1009 NOSIG
WABB,2023-10-07 17:30,6.21,M,M,2.00,WABB 071730Z VRB02KT 9999 FEW018 25/24 Q1009 NOSIG
WABB,2023-10-07 18:00,6.21,M,M,2.00,WABB 071800Z VRB02KT 9999 FEW018 25/24 Q1009 NOSIG
WABB,2023-10-07 18:30,6.21,M,M,2.00,WABB 071830Z VRB02KT 9999 FEW018 25/24 Q1009 NOSIG
WABB,2023-10-07 19:00,6.21,M,0.00,0.00,WABB 071900Z 00000KT 9999 FEW018 25/24 Q1009 NOSIG
WABB,2023-10-07 19:30,6.21,M,M,2.00,WABB 071930Z VRB02KT 9999 FEW018 24/24 Q1009 NOSIG
WABB,2023-10-07 20:00,6.21,M,0.00,0.00,WABB 072000Z 00000KT 9999 FEW018 24/24 Q1009 NOSIG
WABB,2023-10-07 20:30,6.21,M,M,2.00,WABB 072030Z VRB02KT 9999 FEW018 24/24 Q1009 NOSIG
WABB,2023-10-07 21:00,6.21,M,0.00,0.00,WABB 072100Z 00000KT 9999 FEW018 25/25 Q1010 NOSIG
WABB,2023-10-07 21:30,6.21,M,M,2.00,WABB 072130Z VRB02KT 9999 FEW018 26/25 Q1010 NOSIG
WABB,2023-10-07 22:00,6.21,M,M,2.00,WABB 072200Z VRB02KT 9999 FEW018 28/26 Q1010 NOSIG
WABB,2023-10-07 22:30,6.21,M,210.00,5.00,WABB 072230Z 21005KT 040V210 9999 FEW018 29/26 Q1010 NOSIG
WABB,2023-10-07 23:00,6.21,M,240.00,4.00,WABB 072300Z 24004KT 050V240 9999 FEW018 30/26 Q1010 NOSIG
WABB,2023-10-07 23:30,6.21,M,250.00,4.00,WABB 072330Z 25004KT 060V250 9999 FEW018 30/26 Q1011 NOSIG
WABB,2023-10-08 00:00,6.21,M,230.00,7.00,WABB 080000Z 23007KT 060V230 9999 FEW018 31/26 Q1011 NOSIG
WABB,2023-10-08 00:30,6.21,M,240.00,8.00,WABB 080030Z 24008KT 060V240 9999 FEW018 31/26 Q1011 NOSIG
WABB,2023-10-08 01:00,6.21,M,240.00,8.00,WABB 080100Z 24008KT 080V240 9999 FEW018 31/26 Q1010 NOSIG
WABB,2023-10-08 01:30,6.21,M,270.00,6.00,WABB 080130Z 27006KT 070V270 9999 FEW018 31/27 Q1010 NOSIG
WABB,2023-10-08 02:00,6.21,M,260.00,7.00,WABB 080200Z 26007KT 070V260 9999 FEW018 31/27 Q1010 NOSIG
WABB,2023-10-08 02:30,6.21,M,230.00,4.00,WABB 080230Z 23004KT 060V230 9999 FEW018 31/26 Q1009 NOSIG
WABB,2023-10-08 03:00,6.21,M,260.00,8.00,WABB 080300Z 26008KT 080V260 9999 FEW018 31/26 Q1009 NOSIG
WABB,2023-10-08 03:30,6.21,M,230.00,8.00,WABB 080330Z 23008KT 080V230 9999 FEW018 31/26 Q1009 NOSIG
WABB,2023-10-08 04:00,6.21,M,250.00,8.00,WABB 080400Z 25008KT 070V250 9999 FEW018 31/26 Q1008 NOSIG
WABB,2023-10-08 04:30,6.21,M,270.00,9.00,WABB 080430Z 27009KT 090V270 9999 FEW018 31/26 Q1008 NOSIG
WABB,2023-10-08 05:00,6.21,M,280.00,9.00,WABB 080500Z 28009KT 090V280 9999 FEW018 31/27 Q1007 NOSIG
WABB,2023-10-08 05:30,6.21,M,230.00,6.00,WABB 080530Z 23006KT 080V230 9999 FEW018 31/26 Q1007 NOSIG
WABB,2023-10-08 06:00,6.21,M,260.00,8.00,WABB 080600Z 26008KT 080V260 9999 FEW018 30/26 Q1007 NOSIG
WABB,2023-10-08 06:30,6.21,M,260.00,8.00,WABB 080630Z 26008KT 070V260 9999 FEW018 30/26 Q1007 NOSIG
WABB,2023-10-08 07:00,6.21,M,240.00,10.00,WABB 080700Z 24010KT 080V240 9999 FEW018 30/25 Q1007 NOSIG
WABB,2023-10-08 07:30,6.21,M,270.00,7.00,WABB 080730Z 27007KT 090V270 9999 FEW018 30/25 Q1007 NOSIG
WABB,2023-10-08 08:00,6.21,M,290.00,6.00,WABB 080800Z 29006KT 290V080 9999 FEW018 30/26 Q1007 NOSIG
WABB,2023-10-08 08:30,6.21,M,260.00,7.00,WABB 080830Z 26007KT 080V260 9999 FEW018 29/25 Q1008 NOSIG
WABB,2023-10-08 09:00,6.21,M,270.00,4.00,WABB 080900Z 27004KT 090V270 9999 FEW018 29/25 Q1008 NOSIG
WABB,2023-10-08 09:30,6.21,M,260.00,4.00,WABB 080930Z 26004KT 100V260 9999 FEW018 29/25 Q1008 NOSIG
WABB,2023-10-08 10:00,6.21,M,300.00,3.00,WABB 081000Z 30003KT 130V300 9999 FEW018 28/25 Q1009 NOSIG
WABB,2023-10-08 10:30,6.21,M,330.00,4.00,WABB 081030Z 33004KT 150V330 9999 FEW018 27/25 Q1009 NOSIG
WABB,2023-10-08 11:00,6.21,M,M,2.00,WABB 081100Z VRB02KT 9999 FEW018 27/25 Q1009 NOSIG
WABB,2023-10-08 11:30,6.21,M,M,2.00,WABB 081130Z VRB02KT 9999 FEW018 26/24 Q1009 NOSIG
WABB,2023-10-08 12:00,6.21,M,340.00,3.00,WABB 081200Z 34003KT 160V340 9999 FEW018 26/24 Q1010 NOSIG
WABB,2023-10-08 12:30,6.21,M,320.00,5.00,WABB 081230Z 32005KT 140V320 9999 FEW018 27/24 Q1010 NOSIG
WABB,2023-10-08 13:00,6.21,M,320.00,5.00,WABB 081300Z 32005KT 140V320 9999 FEW018 27/24 Q1010 NOSIG
WABB,2023-10-08 13:30,6.21,M,320.00,3.00,WABB 081330Z 32003KT 140V320 9999 FEW018 27/24 Q1010 NOSIG
WABB,2023-10-08 14:00,6.21,M,310.00,3.00,WABB 081400Z 31003KT 130V310 9999 FEW018 26/24 Q1010 NOSIG
WABB,2023-10-08 14:30,6.21,M,0.00,0.00,WABB 081430Z 00000KT 9999 FEW018 26/24 Q1010 NOSIG
WABB,2023-10-08 15:00,6.21,M,M,2.00,WABB 081500Z VRB02KT 9999 FEW018 26/24 Q1010 NOSIG
WABB,2023-10-08 15:30,6.21,M,310.00,3.00,WABB 081530Z 31003KT 140V310 9999 FEW018 26/24 Q1010 NOSIG
WABB,2023-10-08 16:00,6.21,M,M,2.00,WABB 081600Z VRB02KT 9999 FEW018 26/24 Q1009 NOSIG
WABB,2023-10-08 16:30,6.21,M,20.00,3.00,WABB 081630Z 02003KT 020V250 9999 FEW018 27/24 Q1009 NOSIG
WABB,2023-10-08 17:00,6.21,M,M,2.00,WABB 081700Z VRB02KT 9999 FEW018 26/23 Q1009 NOSIG
WABB,2023-10-08 17:30,6.21,M,330.00,4.00,WABB 081730Z 33004KT 150V330 9999 FEW018 25/24 Q1008 NOSIG
WABB,2023-10-08 18:00,6.21,M,M,2.00,WABB 081800Z VRB02KT 9999 FEW018 26/23 Q1008 NOSIG
WABB,2023-10-08 18:30,6.21,M,M,2.00,WABB 081830Z VRB02KT 9999 FEW018 26/23 Q1008 NOSIG
WABB,2023-10-08 19:00,6.21,M,330.00,3.00,WABB 081900Z 33003KT 150V330 9999 FEW018 26/23 Q1008 NOSIG
WABB,2023-10-08 19:30,6.21,M,M,2.00,WABB 081930Z VRB02KT 9999 FEW018 26/23 Q1009 NOSIG
WABB,2023-10-08 20:00,6.21,M,M,2.00,WABB 082000Z VRB02KT 9999 FEW018 26/23 Q1009 NOSIG
WABB,2023-10-08 20:30,6.21,M,M,2.00,WABB 082030Z VRB02KT 9999 FEW018 26/24 Q1009 NOSIG
WABB,2023-10-08 21:00,6.21,M,320.00,4.00,WABB 082100Z 32004KT 130V320 9999 FEW018 26/24 Q1009 NOSIG
WABB,2023-10-08 21:30,6.21,M,330.00,3.00,WABB 082130Z 33003KT 150V330 9999 FEW018 27/24 Q1010 NOSIG
WABB,2023-10-08 22:00,6.21,M,320.00,3.00,WABB 082200Z 32003KT 140V320 9999 FEW018 27/24 Q1010 NOSIG
WABB,2023-10-08 22:30,6.21,M,220.00,6.00,WABB 082230Z 22006KT 060V220 9999 FEW018 29/26 Q1010 NOSIG
WABB,2023-10-08 23:00,6.21,M,250.00,8.00,WABB 082300Z 25008KT 060V250 9999 SCT018 30/26 Q1010 NOSIG
WABB,2023-10-08 23:30,6.21,M,240.00,6.00,WABB 082330Z 24006KT 060V240 9999 SCT018 30/26 Q1011 NOSIG
WABB,2023-10-09 00:00,6.21,M,240.00,7.00,WABB 090000Z 24007KT 060V240 9999 SCT018 30/26 Q1011 NOSIG
WABB,2023-10-09 00:30,6.21,M,230.00,10.00,WABB 090030Z 23010KT 050V230 9999 SCT018 30/26 Q1011 NOSIG
WABB,2023-10-09 01:00,6.21,M,240.00,4.00,WABB 090100Z 24004KT 060V240 9999 SCT018 30/25 Q1010 NOSIG
WABB,2023-10-09 01:30,6.21,M,250.00,7.00,WABB 090130Z 25007KT 070V250 9999 SCT018 30/25 Q1010 NOSIG
WABB,2023-10-09 02:00,6.21,M,230.00,6.00,WABB 090200Z 23006KT 080V230 9999 SCT018 31/26 Q1010 NOSIG
WABB,2023-10-09 02:30,6.21,M,210.00,6.00,WABB 090230Z 21006KT 060V210 9999 SCT018 30/25 Q1009 NOSIG
WABB,2023-10-09 03:00,6.21,M,260.00,8.00,WABB 090300Z 26008KT 080V260 9999 SCT018 31/26 Q1009 NOSIG
WABB,2023-10-09 03:30,6.21,M,240.00,8.00,WABB 090330Z 24008KT 070V240 9999 SCT018 30/25 Q1008 NOSIG
WABB,2023-10-09 04:00,6.21,M,260.00,5.00,WABB 090400Z 26005KT 070V260 9999 SCT018 30/25 Q1008 NOSIG
WABB,2023-10-09 04:30,6.21,M,260.00,10.00,WABB 090430Z 26010KT 080V260 9999 SCT018 31/26 Q1007 NOSIG
WABB,2023-10-09 05:00,6.21,M,260.00,7.00,WABB 090500Z 26007KT 080V260 9999 SCT018 31/25 Q1007 NOSIG
WABB,2023-10-09 05:30,6.21,M,270.00,9.00,WABB 090530Z 27009KT 080V270 9999 SCT018 31/26 Q1007 NOSIG
WABB,2023-10-09 06:00,6.21,M,250.00,9.00,WABB 090600Z 25009KT 080V250 9999 SCT018 30/25 Q1006 NOSIG
WABB,2023-10-09 06:30,6.21,M,270.00,7.00,WABB 090630Z 27007KT 080V270 9999 SCT018 30/25 Q1006 NOSIG
WABB,2023-10-09 07:00,6.21,M,250.00,7.00,WABB 090700Z 25007KT 080V250 9999 SCT018 30/25 Q1006 NOSIG
WABB,2023-10-09 07:30,6.21,M,270.00,9.00,WABB 090730Z 27009KT 080V270 9999 SCT018 30/25 Q1007 NOSIG
WABB,2023-10-09 08:00,6.21,M,260.00,9.00,WABB 090800Z 26009KT 070V260 9999 SCT018 30/25 Q1007 NOSIG
WABB,2023-10-09 08:30,6.21,M,280.00,6.00,WABB 090830Z 28006KT 090V280 9999 SCT018 29/25 Q1007 NOSIG
WABB,2023-10-09 09:00,6.21,M,260.00,5.00,WABB 090900Z 26005KT 090V260 9999 SCT018 29/25 Q1007 NOSIG
WABB,2023-10-09 09:30,6.21,M,260.00,6.00,WABB 090930Z 26006KT 080V260 9999 SCT018 29/24 Q1008 NOSIG
WABB,2023-10-09 10:00,6.21,M,300.00,3.00,WABB 091000Z 30003KT 120V300 9999 SCT018 28/25 Q1008 NOSIG
WABB,2023-10-09 10:30,6.21,M,330.00,3.00,WABB 091030Z 33003KT 140V330 9999 SCT018 27/25 Q1009 NOSIG
WABB,2023-10-09 11:00,6.21,M,M,2.00,WABB 091100Z VRB02KT 9999 SCT018 27/25 Q1009 NOSIG
WABB,2023-10-09 11:30,6.21,M,M,2.00,WABB 091130Z VRB02KT 9999 SCT018 28/24 Q1009 NOSIG
WABB,2023-10-09 12:00,6.21,M,M,2.00,WABB 091200Z VRB02KT 9999 SCT018 27/25 Q1010 NOSIG
WABB,2023-10-09 12:30,6.21,M,M,2.00,WABB 091230Z VRB02KT 9999 SCT018 26/25 Q1010 NOSIG
WABB,2023-10-09 13:00,6.21,M,M,2.00,WABB 091300Z VRB02KT 9999 SCT018 26/25 Q1010 NOSIG
WABB,2023-10-09 13:30,6.21,M,M,2.00,WABB 091330Z VRB02KT 9999 SCT018 26/24 Q1010 NOSIG
WABB,2023-10-09 14:00,6.21,M,0.00,0.00,WABB 091400Z 00000KT 9999 SCT018 26/24 Q1010 NOSIG
WABB,2023-10-09 14:30,6.21,M,M,2.00,WABB 091430Z VRB02KT 9999 SCT018 26/25 Q1009 NOSIG
WABB,2023-10-09 15:00,6.21,M,M,2.00,WABB 091500Z VRB02KT 9999 SCT018 26/25 Q1009 NOSIG
WABB,2023-10-09 15:30,6.21,M,M,2.00,WABB 091530Z VRB02KT 9999 SCT018 27/25 Q1009 NOSIG
WABB,2023-10-09 16:00,6.21,M,M,2.00,WABB 091600Z VRB02KT 9999 SCT018 27/25 Q1008 NOSIG
WABB,2023-10-09 16:30,6.21,M,360.00,3.00,WABB 091630Z 36003KT 160V360 9999 SCT018 27/25 Q1008 NOSIG
WABB,2023-10-09 17:00,6.21,M,220.00,3.00,WABB 091700Z 22003KT 060V220 9999 SCT018 29/26 Q1008 NOSIG
WABB,2023-10-09 17:30,6.21,M,280.00,5.00,WABB 091730Z 28005KT 120V280 9999 SCT018 27/25 Q1008 NOSIG
WABB,2023-10-09 18:00,6.21,M,250.00,12.00,WABB 091800Z 25012KT 070V250 9999 SCT018 29/25 Q1008 NOSIG
WABB,2023-10-09 18:30,6.21,M,240.00,8.00,WABB 091830Z 24008KT 060V240 9999 SCT018 29/25 Q1007 NOSIG
WABB,2023-10-09 19:00,6.21,M,250.00,8.00,WABB 091900Z 25008KT 070V250 9999 SCT018 29/25 Q1008 NOSIG
WABB,2023-10-09 19:30,6.21,M,230.00,5.00,WABB 091930Z 23005KT 070V230 9999 SCT018 29/25 Q1008 NOSIG
WABB,2023-10-09 20:00,6.21,M,250.00,8.00,WABB 092000Z 25008KT 070V250 9999 SCT018 29/24 Q1009 NOSIG
WABB,2023-10-09 20:30,6.21,M,270.00,11.00,WABB 092030Z 27011KT 070V270 9999 SCT018 29/24 Q1009 NOSIG
WABB,2023-10-09 21:00,6.21,M,250.00,7.00,WABB 092100Z 25007KT 060V250 9999 SCT018 29/25 Q1009 NOSIG
WABB,2023-10-09 21:30,6.21,M,250.00,13.00,WABB 092130Z 25013KT 060V250 9999 SCT018 29/24 Q1010 NOSIG
WABB,2023-10-09 22:00,6.21,M,220.00,7.00,WABB 092200Z 22007KT 080V220 9999 SCT018 29/24 Q1010 NOSIG
WABB,2023-10-09 22:30,6.21,M,230.00,8.00,WABB 092230Z 23008KT 070V230 9999 SCT018 29/24 Q1010 NOSIG
WABB,2023-10-09 23:00,6.21,M,250.00,10.00,WABB 092300Z 25010KT 060V250 9999 SCT018 29/24 Q1010 NOSIG
WABB,2023-10-09 23:30,6.21,M,230.00,6.00,WABB 092330Z 23006KT 070V230 9999 SCT018 30/24 Q1011 NOSIG
WABB,2023-10-10 00:00,6.21,M,240.00,7.00,WABB 100000Z 24007KT 070V240 9999 SCT018 30/25 Q1010 NOSIG
WABB,2023-10-10 00:30,6.21,M,230.00,9.00,WABB 100030Z 23009KT 060V230 9999 SCT018 30/25 Q1010 NOSIG
WABB,2023-10-10 01:00,6.21,M,260.00,13.00,WABB 100100Z 26013KT 060V260 9999 SCT018 30/24 Q1010 NOSIG
WABB,2023-10-10 01:30,6.21,M,230.00,8.00,WABB 100130Z 23008KT 050V230 9999 SCT018 30/25 Q1010 NOSIG
WABB,2023-10-10 02:00,6.21,M,260.00,7.00,WABB 100200Z 26007KT 070V260 9999 SCT018 31/25 Q1009 NOSIG
WABB,2023-10-10 02:30,6.21,M,270.00,6.00,WABB 100230Z 27006KT 080V270 9999 SCT018 30/25 Q1009 NOSIG
WABB,2023-10-10 03:00,6.21,M,260.00,4.00,WABB 100300Z 26004KT 080V260 9999 SCT018 30/25 Q1008 NOSIG
WABB,2023-10-10 03:30,6.21,M,260.00,10.00,WABB 100330Z 26010KT 080V260 9999 SCT018 31/26 Q1008 NOSIG
WABB,2023-10-10 04:00,6.21,M,260.00,9.00,WABB 100400Z 26009KT 090V260 9999 SCT018 30/25 Q1008 NOSIG
WABB,2023-10-10 04:30,6.21,M,220.00,5.00,WABB 100430Z 22005KT 070V220 9999 SCT018 30/25 Q1007 NOSIG
WABB,2023-10-10 05:00,6.21,M,250.00,12.00,WABB 100500Z 25012KT 080V250 9999 SCT018 30/25 Q1007 NOSIG
WABB,2023-10-10 05:30,6.21,M,250.00,7.00,WABB 100530Z 25007KT 080V250 9999 SCT018 30/25 Q1006 NOSIG
WABB,2023-10-10 06:00,6.21,M,260.00,10.00,WABB 100600Z 26010KT 080V260 9999 SCT018 30/25 Q1007 NOSIG
WABB,2023-10-10 06:30,6.21,M,230.00,8.00,WABB 100630Z 23008KT 070V230 9999 SCT018 30/25 Q1006 NOSIG
WABB,2023-10-10 07:00,6.21,M,260.00,6.00,WABB 100700Z 26006KT 080V260 9999 SCT018 30/25 Q1006 NOSIG
WABB,2023-10-10 07:30,6.21,M,240.00,5.00,WABB 100730Z 24005KT 070V240 9999 SCT018 30/25 Q1007 NOSIG
WABB,2023-10-10 08:00,6.21,M,240.00,6.00,WABB 100800Z 24006KT 070V240 9999 SCT018 29/25 Q1007 NOSIG
WABB,2023-10-10 08:30,6.21,M,250.00,5.00,WABB 100830Z 25005KT 070V250 9999 SCT018 29/25 Q1007 NOSIG
WABB,2023-10-10 09:00,6.21,M,280.00,7.00,WABB 100900Z 28007KT 090V280 9999 SCT018 29/25 Q1008 NOSIG
WABB,2023-10-10 09:30,6.21,M,290.00,5.00,WABB 100930Z 29005KT 100V290 9999 SCT018 29/25 Q1008 NOSIG
WABB,2023-10-10 10:00,6.21,M,320.00,4.00,WABB 101000Z 32004KT 140V320 9999 SCT018 28/24 Q1008 NOSIG
WABB,2023-10-10 10:30,6.21,M,300.00,3.00,WABB 101030Z 30003KT 120V300 9999 SCT018 28/25 Q1009 NOSIG
WABB,2023-10-10 11:00,6.21,M,310.00,3.00,WABB 101100Z 31003KT 140V310 9999 SCT018 27/25 Q1009 NOSIG
WABB,2023-10-10 11:30,6.21,M,M,2.00,WABB 101130Z VRB02KT 9999 SCT018 27/25 Q1010 NOSIG
WABB,2023-10-10 12:00,6.21,M,M,2.00,WABB 101200Z VRB02KT 9999 SCT018 27/25 Q1010 NOSIG
WABB,2023-10-10 12:30,6.21,M,M,2.00,WABB 101230Z VRB02KT 9999 SCT018 26/25 Q1010 NOSIG
WABB,2023-10-10 13:00,6.21,M,M,2.00,WABB 101300Z VRB02KT 9999 SCT018 26/24 Q1010 NOSIG
WABB,2023-10-10 13:30,6.21,M,340.00,3.00,WABB 101330Z 34003KT 160V340 9999 SCT018 27/25 Q1010 NOSIG
WABB,2023-10-10 14:00,6.21,M,M,2.00,WABB 101400Z VRB02KT 9999 SCT018 26/25 Q1010 NOSIG
WABB,2023-10-10 14:30,6.21,M,M,2.00,WABB 101430Z VRB02KT 9999 SCT018 26/24 Q1010 NOSIG
WABB,2023-10-10 15:00,6.21,M,M,2.00,WABB 101500Z VRB02KT 9999 SCT018 25/24 Q1010 NOSIG
WABB,2023-10-10 15:30,6.21,M,M,2.00,WABB 101530Z VRB02KT 9999 SCT018 25/24 Q1010 NOSIG
WABB,2023-10-10 16:00,6.21,M,M,2.00,WABB 101600Z VRB02KT 9999 SCT018 26/24 Q1009 NOSIG
WABB,2023-10-10 16:30,6.21,M,M,2.00,WABB 101630Z VRB02KT 9999 SCT018 26/24 Q1009 NOSIG
WABB,2023-10-10 17:00,6.21,M,0.00,0.00,WABB 101700Z 00000KT 9999 SCT018 26/24 Q1009 NOSIG
WABB,2023-10-10 17:30,6.21,M,M,2.00,WABB 101730Z VRB02KT 9999 SCT018 26/24 Q1009 NOSIG
WABB,2023-10-10 18:00,6.21,M,M,2.00,WABB 101800Z VRB02KT 9999 SCT018 25/24 Q1009 NOSIG
WABB,2023-10-10 18:30,6.21,M,M,2.00,WABB 101830Z VRB02KT 9999 SCT018 25/24 Q1009 NOSIG
WABB,2023-10-10 19:00,6.21,M,M,2.00,WABB 101900Z VRB02KT 9999 SCT018 26/24 Q1009 NOSIG
WABB,2023-10-10 19:30,6.21,M,30.00,3.00,WABB 101930Z 03003KT 030V240 9999 SCT018 26/24 Q1009 NOSIG
WABB,2023-10-10 20:00,6.21,M,M,2.00,WABB 102000Z VRB02KT 9999 SCT018 26/24 Q1010 NOSIG
WABB,2023-10-10 20:30,6.21,M,30.00,3.00,WABB 102030Z 03003KT 030V240 9999 FEW018 26/24 Q1010 NOSIG
WABB,2023-10-10 21:00,6.21,M,0.00,0.00,WABB 102100Z 00000KT 9999 FEW018 26/24 Q1010 NOSIG
WABB,2023-10-10 21:30,6.21,M,0.00,0.00,WABB 102130Z 00000KT 9999 FEW018 26/25 Q1011 NOSIG
WABB,2023-10-10 22:00,6.21,M,M,2.00,WABB 102200Z VRB02KT 9999 FEW018 30/26 Q1011 NOSIG
WABB,2023-10-10 22:30,6.21,M,130.00,2.00,WABB 102230Z 13002KT 9999 FEW018 30/26 Q1011 NOSIG
WABB,2023-10-10 23:00,6.21,M,170.00,5.00,WABB 102300Z 17005KT 110V170 9999 FEW018 30/26 Q1011 NOSIG
WABB,2023-10-10 23:30,6.21,M,120.00,5.00,WABB 102330Z 12005KT 9999 FEW018 30/26 Q1011 NOSIG
WABB,2023-10-11 00:00,6.21,M,150.00,4.00,WABB 110000Z 15004KT 9999 SCT018 30/26 Q1011 NOSIG
WABB,2023-10-11 00:30,6.21,M,140.00,5.00,WABB 110030Z 14005KT 9999 SCT018 30/26 Q1011 NOSIG
WABB,2023-10-11 01:00,6.21,M,160.00,3.00,WABB 110100Z 16003KT 110V170 9999 SCT018 31/26 Q1011 NOSIG
WABB,2023-10-11 01:30,6.21,M,140.00,4.00,WABB 110130Z 14004KT 9999 SCT018 31/26 Q1010 NOSIG
WABB,2023-10-11 02:00,6.21,M,140.00,6.00,WABB 110200Z 14006KT 9999 SCT018 30/26 Q1010 NOSIG
WABB,2023-10-11 02:30,6.21,M,150.00,7.00,WABB 110230Z 15007KT 9999 SCT018 31/26 Q1010 NOSIG
WABB,2023-10-11 03:00,6.21,M,140.00,4.00,WABB 110300Z 14004KT 9999 SCT018 31/26 Q1010 NOSIG
WABB,2023-10-11 03:30,6.21,M,90.00,4.00,WABB 110330Z 09004KT 150V090 9999 SCT018 31/26 Q1009 NOSIG
WABB,2023-10-11 04:00,4.97,VCSH,160.00,4.00,WABB 110400Z 16004KT 8000 VCSH FEW017CB SCT018 30/26 Q1009 NOSIG RMK CB AT NW
WABB,2023-10-11 04:30,4.97,VCSH,140.00,5.00,WABB 110430Z 14005KT 130V190 8000 VCSH SCT018 31/26 Q1009 NOSIG
WABB,2023-10-11 05:00,6.21,M,M,2.00,WABB 110500Z VRB02KT 9999 SCT018 31/26 Q1008 NOSIG
WABB,2023-10-11 05:30,4.35,VCSH,160.00,3.00,WABB 110530Z 16003KT 120V180 7000 VCSH SCT018 30/26 Q1008 NOSIG
WABB,2023-10-11 06:00,4.35,VCSH,170.00,6.00,WABB 110600Z 17006KT 090V170 7000 VCSH SCT018 31/26 Q1008 NOSIG
WABB,2023-10-11 06:30,4.97,VCSH,230.00,5.00,WABB 110630Z 23005KT 230V020 8000 VCSH SCT018 30/26 Q1009 NOSIG
WABB,2023-10-11 07:00,4.97,-RA,20.00,8.00,WABB 110700Z 02008KT 020V250 8000 -RA SCT018 27/26 Q1009 NOSIG
WABB,2023-10-11 07:30,4.97,-RA,330.00,4.00,WABB 110730Z 33004KT 160V330 8000 -RA SCT018 26/25 Q1009 NOSIG
WABB,2023-10-11 08:00,6.21,M,320.00,3.00,WABB 110800Z 32003KT 160V320 9999 SCT018 26/25 Q1009 RERA NOSIG
WABB,2023-10-11 08:30,6.21,M,10.00,3.00,WABB 110830Z 01003KT 180V010 9999 SCT018 27/25 Q1009 NOSIG
WABB,2023-10-11 09:00,6.21,M,40.00,3.00,WABB 110900Z 04003KT 230V040 9999 FEW018 26/25 Q1010 NOSIG
WABB,2023-10-11 09:30,6.21,M,320.00,4.00,WABB 110930Z 32004KT 140V320 9999 FEW018 26/25 Q1010 NOSIG
WABB,2023-10-11 10:30,6.21,M,M,2.00,WABB 111030Z VRB02KT 9999 FEW018 26/25 Q1011 NOSIG
WABB,2023-10-11 11:00,6.21,M,M,2.00,WABB 111100Z VRB02KT 9999 FEW018 26/25 Q1012 NOSIG
WABB,2023-10-11 11:30,6.21,M,M,2.00,WABB 111130Z VRB02KT 9999 FEW018 26/25 Q1012 NOSIG
WABB,2023-10-11 12:00,6.21,M,M,2.00,WABB 111200Z VRB02KT 9999 FEW018 26/25 Q1012 NOSIG
WABB,2023-10-11 12:30,6.21,M,360.00,3.00,WABB 111230Z 36003KT 270V360 9999 FEW018 26/25 Q1012 NOSIG
WABB,2023-10-11 13:00,6.21,M,0.00,0.00,WABB 111300Z 00000KT 9999 FEW018 26/25 Q1012 NOSIG
WABB,2023-10-11 13:30,6.21,M,330.00,3.00,WABB 111330Z 33003KT 140V330 9999 FEW018 26/25 Q1012 NOSIG
WABB,2023-10-11 14:00,6.21,M,M,2.00,WABB 111400Z VRB02KT 9999 FEW018 26/25 Q1012 NOSIG
WABB,2023-10-11 14:30,6.21,M,M,2.00,WABB 111430Z VRB02KT 9999 FEW018 25/25 Q1012 NOSIG
WABB,2023-10-11 15:00,6.21,M,0.00,0.00,WABB 111500Z 00000KT 9999 FEW018 25/25 Q1012 NOSIG
WABB,2023-10-11 15:30,6.21,M,M,2.00,WABB 111530Z VRB02KT 9999 FEW018 26/25 Q1011 NOSIG
WABB,2023-10-11 16:00,6.21,M,M,2.00,WABB 111600Z VRB02KT 9999 FEW018 26/25 Q1011 NOSIG
WABB,2023-10-11 16:30,6.21,M,50.00,5.00,WABB 111630Z 05005KT 220V050 9999 FEW018 26/25 Q1011 NOSIG
WABB,2023-10-11 17:00,6.21,M,100.00,9.00,WABB 111700Z 10009KT 170V100 9999 FEW018 27/25 Q1011 NOSIG
WABB,2023-10-11 17:30,4.97,-RA,60.00,9.00,WABB 111730Z 06009KT 210V060 8000 -RA SCT018 26/24 Q1011 NOSIG
WABB,2023-10-11 18:00,4.97,-RA,90.00,4.00,WABB 111800Z 09004KT 190V090 8000 -RA SCT018 25/24 Q1011 NOSIG
WABB,2023-10-11 18:30,4.97,-RA,30.00,5.00,WABB 111830Z 03005KT 030V250 8000 -RA SCT018 25/24 Q1011 NOSIG
WABB,2023-10-11 19:00,4.97,-RA,20.00,5.00,WABB 111900Z 02005KT 020V260 8000 -RA SCT018 25/24 Q1011 NOSIG
WABB,2023-10-11 19:30,4.97,-RA,M,2.00,WABB 111930Z VRB02KT 8000 -RA SCT018 26/24 Q1011 NOSIG
WABB,2023-10-11 20:00,4.97,-RA,40.00,3.00,WABB 112000Z 04003KT 220V040 8000 -RA SCT018 25/24 Q1011 NOSIG
WABB,2023-10-11 20:30,6.21,M,30.00,3.00,WABB 112030Z 03003KT 030V240 9999 SCT018 25/24 Q1012 NOSIG
WABB,2023-10-11 21:00,6.21,M,30.00,3.00,WABB 112100Z 03003KT 030V240 9999 SCT018 25/24 Q1012 NOSIG
WABB,2023-10-11 21:30,6.21,M,0.00,0.00,WABB 112130Z 00000KT 9999 SCT018 26/25 Q1012 NOSIG
WABB,2023-10-11 22:00,6.21,M,30.00,3.00,WABB 112200Z 03003KT 030V250 9999 SCT018 27/25 Q1013 NOSIG
WABB,2023-10-11 22:30,6.21,M,80.00,3.00,WABB 112230Z 08003KT 200V080 9999 SCT018 28/26 Q1013 NOSIG
WABB,2023-10-11 23:00,6.21,M,10.00,3.00,WABB 112300Z 01003KT 010V260 9999 SCT018 29/26 Q1013 NOSIG
WABB,2023-10-11 23:30,6.21,M,190.00,4.00,WABB 112330Z 19004KT 010V190 9999 SCT018 30/27 Q1013 NOSIG
WABB,2023-10-12 00:00,6.21,M,140.00,4.00,WABB 120000Z 14004KT 9999 SCT018 30/27 Q1013 NOSIG
WABB,2023-10-12 00:30,6.21,M,140.00,6.00,WABB 120030Z 14006KT 9999 SCT018 30/26 Q1013 NOSIG
WABB,2023-10-12 02:30,6.21,M,130.00,6.00,WABB 120230Z 13006KT 9999 SCT018 31/27 Q1012 NOSIG
WABB,2023-10-12 03:00,6.21,M,130.00,9.00,WABB 120300Z 13009KT 9999 SCT018 31/27 Q1011 NOSIG
WABB,2023-10-12 04:30,6.21,M,120.00,11.00,WABB 120430Z 12011KT 9999 SCT018 32/26 Q1009 NOSIG
WABB,2023-10-12 05:00,6.21,M,130.00,9.00,WABB 120500Z 13009KT 160V100 9999 SCT018 32/26 Q1009 NOSIG
WABB,2023-10-12 05:30,6.21,M,80.00,12.00,WABB 120530Z 08012KT 180V080 9999 SCT018 32/26 Q1009 NOSIG
WABB,2023-10-12 06:00,6.21,M,100.00,12.00,WABB 120600Z 10012KT 170V100 9999 SCT018 32/26 Q1009 NOSIG
WABB,2023-10-12 06:30,6.21,M,90.00,12.00,WABB 120630Z 09012KT 170V090 9999 SCT018 32/26 Q1009 NOSIG
WABB,2023-10-12 07:00,6.21,M,100.00,10.00,WABB 120700Z 10010KT 170V100 9999 SCT018 32/26 Q1008 NOSIG
WABB,2023-10-12 07:30,6.21,M,70.00,7.00,WABB 120730Z 07007KT 210V070 9999 SCT018 32/24 Q1008 NOSIG
WABB,2023-10-12 08:00,6.21,M,40.00,8.00,WABB 120800Z 04008KT 220V040 9999 SCT018 31/25 Q1009 NOSIG
WABB,2023-10-12 08:30,6.21,M,20.00,6.00,WABB 120830Z 02006KT 020V250 9999 SCT018 30/25 Q1009 NOSIG
WABB,2023-10-12 09:00,6.21,M,M,2.00,WABB 120900Z VRB02KT 9999 SCT018 29/25 Q1010 NOSIG
WABB,2023-10-12 09:30,6.21,M,M,2.00,WABB 120930Z VRB02KT 9999 SCT018 29/25 Q1010 NOSIG
WABB,2023-10-12 10:00,6.21,M,M,2.00,WABB 121000Z VRB02KT 9999 SCT018 29/26 Q1011 NOSIG
WABB,2023-10-12 10:30,6.21,M,30.00,4.00,WABB 121030Z 03004KT 030V240 9999 SCT018 27/26 Q1011 NOSIG
WABB,2023-10-12 11:00,6.21,M,10.00,3.00,WABB 121100Z 01003KT 010V250 9999 FEW018 27/26 Q1011 NOSIG
WABB,2023-10-12 11:30,6.21,M,M,2.00,WABB 121130Z VRB02KT 9999 FEW018 27/26 Q1012 NOSIG
WABB,2023-10-12 12:00,6.21,M,M,2.00,WABB 121200Z VRB02KT 9999 FEW018 27/26 Q1012 NOSIG
WABB,2023-10-12 12:30,6.21,M,320.00,3.00,WABB 121230Z 32003KT 140V320 9999 FEW018 27/26 Q1012 NOSIG
WABB,2023-10-12 13:00,6.21,M,320.00,4.00,WABB 121300Z 32004KT 140V320 9999 FEW018 27/26 Q1012 NOSIG
WABB,2023-10-12 13:30,6.21,M,M,2.00,WABB 121330Z VRB02KT 9999 FEW018 27/26 Q1012 NOSIG
WABB,2023-10-12 14:00,6.21,M,60.00,3.00,WABB 121400Z 06003KT 210V060 9999 FEW018 27/26 Q1012 NOSIG
WABB,2023-10-12 14:30,6.21,M,20.00,3.00,WABB 121430Z 02003KT 020V250 9999 FEW018 27/26 Q1012 NOSIG
WABB,2023-10-12 15:00,6.21,M,20.00,3.00,WABB 121500Z 02003KT 020V250 9999 FEW018 BKN100 27/26 Q1012 NOSIG
WABB,2023-10-12 15:30,6.21,M,330.00,3.00,WABB 121530Z 33003KT 140V330 9999 FEW018 SCT100 27/26 Q1012 NOSIG
WABB,2023-10-12 16:00,6.21,M,M,2.00,WABB 121600Z VRB02KT 9999 FEW018 SCT100 27/26 Q1011 NOSIG
WABB,2023-10-12 16:30,6.21,M,M,2.00,WABB 121630Z VRB02KT 9999 FEW018 SCT100 27/26 Q1011 NOSIG
WABB,2023-10-12 17:00,6.21,M,20.00,4.00,WABB 121700Z 02004KT 020V240 9999 FEW018 SCT100 27/26 Q1011 NOSIG
WABB,2023-10-12 17:30,6.21,M,M,2.00,WABB 121730Z VRB02KT 9999 FEW018 SCT100 27/26 Q1010 NOSIG
WABB,2023-10-12 18:00,6.21,M,30.00,4.00,WABB 121800Z 03004KT 030V240 9999 FEW017CB SCT018 27/25 Q1010 NOSIG RMK CB AT SE
WABB,2023-10-12 18:30,6.21,M,M,2.00,WABB 121830Z VRB02KT 9999 FEW017CB SCT018 27/26 Q1010 NOSIG RMK CB AT SE
WABB,2023-10-12 19:00,3.11,SHRA,50.00,4.00,WABB 121900Z 05004KT 230V050 5000 SHRA FEW017CB BKN018 26/25 Q1011 TEMPO RA RMK CB OVER THE FIELD
WABB,2023-10-12 19:30,5.59,M,350.00,4.00,WABB 121930Z 35004KT 170V350 9000 FEW017CB SCT018 BKN100 26/25 Q1011 RERA NOSIG RMK CB AT SE
WABB,2023-10-12 20:00,5.59,TS,40.00,3.00,WABB 122000Z 04003KT 230V040 9000 TS FEW017CB BKN018 26/26 Q1011 NOSIG RMK CB AT SE AND S
WABB,2023-10-12 20:30,5.59,TS,0.00,0.00,WABB 122030Z 00000KT 9000 TS FEW017CB BKN018 27/26 Q1012 TEMPO TS RMK CB AT SE AND S
WABB,2023-10-12 21:00,5.59,-TSRA,60.00,5.00,WABB 122100Z 06005KT 220V060 9000 -TSRA FEW017CB BKN018 26/25 Q1012 TEMPO TS RMK CB AT E AND S
WABB,2023-10-12 21:30,5.59,-TSRA,50.00,7.00,WABB 122130Z 05007KT 230V050 9000 -TSRA FEW017CB SCT018 26/25 Q1012 TEMPO TS RMK CB OVER THE FIELD
WABB,2023-10-12 22:00,5.59,-TSRA,60.00,7.00,WABB 122200Z 06007KT 220V060 9000 -TSRA FEW017CB SCT018 27/26 Q1013 TEMPO TS RMK CB OVER THE FIELD
WABB,2023-10-12 22:30,6.21,M,80.00,9.00,WABB 122230Z 08009KT 190V080 9999 SCT018 SCT100 29/26 Q1013 NOSIG
WABB,2023-10-12 23:00,6.21,M,120.00,7.00,WABB 122300Z 12007KT 9999 SCT018 SCT100 29/26 Q1013 NOSIG
WABB,2023-10-12 23:30,6.21,M,120.00,6.00,WABB 122330Z 12006KT 9999 SCT018 SCT100 30/26 Q1013 NOSIG
WABB,2023-10-13 00:00,6.21,M,140.00,6.00,WABB 130000Z 14006KT 9999 SCT018 30/26 Q1013 NOSIG
WABB,2023-10-13 00:30,6.21,M,130.00,9.00,WABB 130030Z 13009KT 9999 SCT018 31/27 Q1012 NOSIG
WABB,2023-10-13 01:00,6.21,M,130.00,6.00,WABB 130100Z 13006KT 9999 SCT018 31/26 Q1012 NOSIG
WABB,2023-10-13 01:30,6.21,M,120.00,5.00,WABB 130130Z 12005KT 9999 SCT018 31/26 Q1011 NOSIG
WABB,2023-10-13 02:00,6.21,M,100.00,9.00,WABB 130200Z 10009KT 160V100 9999 SCT018 31/26 Q1011 NOSIG
WABB,2023-10-13 02:30,6.21,M,130.00,3.00,WABB 130230Z 13003KT 9999 SCT018 31/26 Q1011 NOSIG
WABB,2023-10-13 03:00,6.21,M,150.00,6.00,WABB 130300Z 15006KT 9999 SCT018 31/26 Q1010 NOSIG
WABB,2023-10-13 03:30,6.21,M,110.00,9.00,WABB 130330Z 11009KT 9999 SCT018 32/26 Q1009 NOSIG
WABB,2023-10-13 04:00,6.21,M,130.00,7.00,WABB 130400Z 13007KT 9999 SCT018 32/26 Q1009 NOSIG
WABB,2023-10-13 04:30,6.21,M,120.00,10.00,WABB 130430Z 12010KT 9999 SCT018 32/26 Q1008 NOSIG
WABB,2023-10-13 05:00,6.21,M,120.00,7.00,WABB 130500Z 12007KT 9999 SCT018 31/26 Q1008 NOSIG
WABB,2023-10-13 05:30,6.21,M,130.00,8.00,WABB 130530Z 13008KT 9999 SCT018 32/26 Q1008 NOSIG
WABB,2023-10-13 06:00,6.21,M,140.00,7.00,WABB 130600Z 14007KT 9999 SCT018 31/26 Q1008 NOSIG
WABB,2023-10-13 06:30,6.21,M,110.00,5.00,WABB 130630Z 11005KT 160V090 9999 SCT018 31/26 Q1008 NOSIG
WABB,2023-10-13 07:00,6.21,M,110.00,8.00,WABB 130700Z 11008KT 160V100 9999 SCT018 31/26 Q1008 NOSIG
WABB,2023-10-13 07:30,6.21,M,140.00,7.00,WABB 130730Z 14007KT 9999 SCT018 31/26 Q1008 NOSIG
WABB,2023-10-13 08:00,6.21,M,M,2.00,WABB 130800Z VRB02KT 9999 SCT018 30/26 Q1008 NOSIG
WABB,2023-10-13 08:30,6.21,M,290.00,5.00,WABB 130830Z 29005KT 110V290 9999 SCT018 29/26 Q1009 NOSIG
WABB,2023-10-13 09:00,6.21,M,360.00,3.00,WABB 130900Z 36003KT 170V360 9999 SCT018 29/26 Q1009 NOSIG
WABB,2023-10-13 09:30,6.21,M,10.00,3.00,WABB 130930Z 01003KT 010V250 9999 SCT018 29/26 Q1009 NOSIG
WABB,2023-10-13 10:00,6.21,M,310.00,3.00,WABB 131000Z 31003KT 130V310 9999 SCT018 28/26 Q1010 NOSIG
WABB,2023-10-13 10:30,6.21,M,M,2.00,WABB 131030Z VRB02KT 9999 SCT018 28/26 Q1011 NOSIG
WABB,2023-10-13 11:00,6.21,M,320.00,3.00,WABB 131100Z 32003KT 140V320 9999 SCT018 28/26 Q1011 NOSIG
WABB,2023-10-13 11:30,6.21,M,M,2.00,WABB 131130Z VRB02KT 9999 SCT018 28/26 Q1011 NOSIG
WABB,2023-10-13 12:00,6.21,M,0.00,0.00,WABB 131200Z 00000KT 9999 SCT018 28/26 Q1012 NOSIG
WABB,2023-10-13 12:30,6.21,M,310.00,3.00,WABB 131230Z 31003KT 140V310 9999 SCT018 27/26 Q1012 NOSIG
WABB,2023-10-13 13:00,6.21,M,320.00,3.00,WABB 131300Z 32003KT 140V320 9999 SCT018 27/26 Q1012 NOSIG
WABB,2023-10-13 13:30,6.21,M,M,2.00,WABB 131330Z VRB02KT 9999 SCT018 27/26 Q1012 NOSIG
WABB,2023-10-13 14:00,6.21,M,320.00,5.00,WABB 131400Z 32005KT 140V320 9999 SCT018 27/26 Q1012 NOSIG
WABB,2023-10-13 14:30,6.21,M,M,2.00,WABB 131430Z VRB02KT 9999 SCT018 27/26 Q1011 NOSIG
WABB,2023-10-13 15:00,6.21,M,330.00,4.00,WABB 131500Z 33004KT 160V330 9999 SCT018 27/26 Q1011 NOSIG
WABB,2023-10-13 15:30,6.21,M,20.00,4.00,WABB 131530Z 02004KT 020V250 9999 SCT018 27/26 Q1010 NOSIG
WABB,2023-10-13 16:00,6.21,M,M,2.00,WABB 131600Z VRB02KT 9999 SCT018 27/26 Q1010 NOSIG
WABB,2023-10-13 16:30,6.21,M,20.00,4.00,WABB 131630Z 02004KT 020V260 9999 SCT018 27/26 Q1010 NOSIG
WABB,2023-10-13 17:00,6.21,VCTS,M,2.00,WABB 131700Z VRB02KT 9999 VCTS FEW017CB SCT018 27/26 Q1010 NOSIG RMK CB AT SE
WABB,2023-10-13 17:30,6.21,VCTS,20.00,4.00,WABB 131730Z 02004KT 020V250 9999 VCTS FEW017CB SCT018 27/26 Q1009 NOSIG RMK CB AT SE
WABB,2023-10-13 18:00,6.21,VCTS,50.00,3.00,WABB 131800Z 05003KT 220V050 9999 VCTS FEW017CB SCT018 28/26 Q1010 NOSIG RMK CB AT SE
WABB,2023-10-13 18:30,6.21,VCTS,M,2.00,WABB 131830Z VRB02KT 9999 VCTS FEW017CB SCT018 27/26 Q1010 NOSIG RMK CB AT SE
WABB,2023-10-13 19:00,6.21,VCTS,120.00,13.00,WABB 131900Z 12013KT 160V100 9999 VCTS FEW017CB SCT018 27/25 Q1010 NOSIG RMK CB AT SE
WABB,2023-10-13 19:30,3.73,-RA,110.00,14.00,WABB 131930Z 11014KT 170V110 6000 -RA FEW017CB SCT018 26/25 Q1010 NOSIG RMK CB AT SE
WABB,2023-10-13 20:00,3.73,-RA,60.00,6.00,WABB 132000Z 06006KT 220V060 6000 -RA FEW017CB SCT018 26/24 Q1010 NOSIG RMK CB AT SE
WABB,2023-10-13 20:30,5.59,-RA,100.00,7.00,WABB 132030Z 10007KT 160V100 9000 -RA FEW017CB SCT018 26/24 Q1011 NOSIG RMK CB AT W
WABB,2023-10-13 21:00,5.59,M,110.00,9.00,WABB 132100Z 11009KT 160V100 9000 SCT018 26/24 Q1012 RERA NOSIG
WABB,2023-10-13 21:30,5.59,M,140.00,4.00,WABB 132130Z 14004KT 130V190 9000 SCT018 27/25 Q1012 NOSIG
WABB,2023-10-13 22:00,5.59,M,120.00,2.00,WABB 132200Z 12002KT 9000 SCT018 27/25 Q1013 NOSIG
WABB,2023-10-13 22:30,5.59,M,M,2.00,WABB 132230Z VRB02KT 9000 SCT018 28/25 Q1013 NOSIG
WABB,2023-10-13 23:00,6.21,M,260.00,3.00,WABB 132300Z 26003KT 260V040 9999 SCT018 27/24 Q1013 NOSIG
WABB,2023-10-13 23:30,6.21,M,190.00,3.00,WABB 132330Z 19003KT 020V190 9999 SCT018 28/24 Q1014 NOSIG
WABB,2023-10-14 00:00,6.21,M,M,2.00,WABB 140000Z VRB02KT 9999 SCT018 28/24 Q1014 NOSIG
WABB,2023-10-14 00:30,6.21,M,240.00,4.00,WABB 140030Z 24004KT 040V240 9999 SCT018 29/24 Q1014 NOSIG
WABB,2023-10-14 01:00,6.21,M,260.00,11.00,WABB 140100Z 26011KT 060V260 9999 SCT018 28/24 Q1013 NOSIG
WABB,2023-10-14 01:30,6.21,M,260.00,7.00,WABB 140130Z 26007KT 090V260 9999 SCT018 28/24 Q1013 NOSIG
WABB,2023-10-14 02:00,6.21,M,260.00,11.00,WABB 140200Z 26011KT 080V260 9999 SCT018 28/24 Q1013 NOSIG
WABB,2023-10-14 02:30,6.21,M,270.00,9.00,WABB 140230Z 27009KT 080V270 9999 SCT018 28/24 Q1013 NOSIG
WABB,2023-10-14 03:00,6.21,M,250.00,8.00,WABB 140300Z 25008KT 090V250 9999 SCT018 28/23 Q1012 NOSIG
WABB,2023-10-14 03:30,6.21,M,270.00,5.00,WABB 140330Z 27005KT 080V270 9999 SCT018 30/23 Q1011 NOSIG
WABB,2023-10-14 04:00,6.21,M,190.00,6.00,WABB 140400Z 19006KT 040V190 9999 SCT018 30/24 Q1010 NOSIG
WABB,2023-10-14 04:30,6.21,M,M,2.00,WABB 140430Z VRB02KT 9999 SCT018 30/24 Q1010 NOSIG
WABB,2023-10-14 05:00,6.21,M,190.00,4.00,WABB 140500Z 19004KT 110V190 9999 SCT018 30/24 Q1009 NOSIG
WABB,2023-10-14 05:30,6.21,M,180.00,4.00,WABB 140530Z 18004KT 090V180 9999 SCT018 30/24 Q1009 NOSIG
WABB,2023-10-14 06:00,6.21,M,170.00,4.00,WABB 140600Z 17004KT 110V170 9999 SCT018 30/24 Q1009 NOSIG
WABB,2023-10-14 06:30,6.21,M,200.00,4.00,WABB 140630Z 20004KT 090V200 9999 SCT018 30/24 Q1009 NOSIG
WABB,2023-10-14 07:00,6.21,M,220.00,4.00,WABB 140700Z 22004KT 020V220 9999 SCT018 30/24 Q1009 NOSIG
WABB,2023-10-14 16:30,6.21,M,M,2.00,WABB 141630Z VRB02KT 9999 SCT018 25/24 Q1011 NOSIG
WABB,2023-10-14 17:00,6.21,M,M,2.00,WABB 141700Z VRB02KT 9999 SCT018 26/24 Q1010 NOSIG
WABB,2023-10-14 17:30,6.21,M,M,2.00,WABB 141730Z VRB02KT 9999 SCT018 26/23 Q1010 NOSIG
WABB,2023-10-14 18:00,6.21,VCTS,310.00,5.00,WABB 141800Z 31005KT 130V310 9999 VCTS FEW017CB SCT018 26/24 Q1010 NOSIG RMK CB AT NW
WABB,2023-10-14 18:30,6.21,VCTS,M,2.00,WABB 141830Z VRB02KT 9999 VCTS FEW017CB SCT018 26/24 Q1010 NOSIG RMK CB AT NW
WABB,2023-10-14 19:00,6.21,VCTS,330.00,4.00,WABB 141900Z 33004KT 150V330 9999 VCTS FEW017CB SCT018 26/24 Q1011 NOSIG RMK CB AT NW
WABB,2023-10-14 19:30,6.21,VCTS,M,2.00,WABB 141930Z VRB02KT 9999 VCTS FEW017CB SCT018 26/24 Q1010 NOSIG RMK CB AT NW
WABB,2023-10-14 20:00,6.21,VCTS,50.00,4.00,WABB 142000Z 05004KT 210V050 9999 VCTS FEW017CB SCT018 26/24 Q1011 NOSIG RMK CB AT NW
WABB,2023-10-14 20:30,6.21,M,300.00,4.00,WABB 142030Z 30004KT 130V300 9999 SCT018 25/24 Q1011 NOSIG
WABB,2023-10-14 21:00,6.21,M,M,2.00,WABB 142100Z VRB02KT 9999 SCT018 26/24 Q1011 NOSIG
WABB,2023-10-14 21:30,6.21,M,M,2.00,WABB 142130Z VRB02KT 9999 SCT018 27/24 Q1012 NOSIG
WABB,2023-10-14 22:00,6.21,M,M,2.00,WABB 142200Z VRB02KT 9999 SCT018 28/25 Q1012 NOSIG
WABB,2023-10-14 22:30,6.21,M,M,2.00,WABB 142230Z VRB02KT 9999 SCT018 29/25 Q1012 NOSIG
WABB,2023-10-14 23:00,6.21,M,M,2.00,WABB 142300Z VRB02KT 9999 SCT018 29/25 Q1012 NOSIG
WABB,2023-10-14 23:30,6.21,M,M,2.00,WABB 142330Z VRB02KT 9999 SCT018 28/25 Q1013 NOSIG
WABB,2023-10-15 00:00,6.21,M,M,2.00,WABB 150000Z VRB02KT 9999 SCT018 29/26 Q1012 NOSIG
WABB,2023-10-15 00:30,6.21,M,M,2.00,WABB 150030Z VRB02KT 9999 SCT018 29/25 Q1012 NOSIG
WABB,2023-10-15 01:00,6.21,M,120.00,4.00,WABB 150100Z 12004KT 160V100 9999 SCT018 30/25 Q1012 NOSIG
WABB,2023-10-15 01:30,6.21,M,130.00,5.00,WABB 150130Z 13005KT 9999 SCT018 30/26 Q1012 NOSIG
WABB,2023-10-15 02:00,5.59,-RA,80.00,13.00,WABB 150200Z 08013KT 190V080 9000 -RA SCT018 26/24 Q1012 NOSIG
WABB,2023-10-15 02:30,5.59,-TSRA,100.00,5.00,WABB 150230Z 10005KT 170V100 9000 -TSRA FEW017CB SCT018 27/24 Q1011 NOSIG RMK CB AT S
WABB,2023-10-15 03:00,6.21,M,60.00,6.00,WABB 150300Z 06006KT 200V060 9999 SCT018 28/25 Q1010 RETSRA NOSIG
WABB,2023-10-15 03:30,6.21,M,130.00,5.00,WABB 150330Z 13005KT 9999 SCT018 30/25 Q1009 NOSIG
WABB,2023-10-15 04:00,6.21,M,130.00,3.00,WABB 150400Z 13003KT 110V170 9999 FEW018 30/25 Q1010 NOSIG
WABB,2023-10-15 04:30,6.21,M,160.00,4.00,WABB 150430Z 16004KT 9999 FEW018 30/26 Q1009 NOSIG
WABB,2023-10-15 05:00,6.21,M,190.00,5.00,WABB 150500Z 19005KT 010V180 9999 FEW018 31/26 Q1009 NOSIG
WABB,2023-10-15 05:30,6.21,M,160.00,3.00,WABB 150530Z 16003KT 090V160 9999 FEW018 30/26 Q1009 NOSIG
WABB,2023-10-15 13:30,6.21,M,M,2.00,WABB 151330Z VRB02KT 9999 FEW017CB SCT018 25/25 Q1012 NOSIG RMK CB AT SE
WABB,2023-10-15 14:00,6.21,M,M,2.00,WABB 151400Z VRB02KT 9999 FEW017CB SCT018 25/25 Q1012 NOSIG RMK CB AT SE
WABB,2023-10-15 14:30,6.21,M,330.00,3.00,WABB 151430Z 33003KT 140V330 9999 FEW017CB SCT018 25/25 Q1011 NOSIG RMK CB AT SE
WABB,2023-10-15 22:30,4.97,M,50.00,3.00,WABB 152230Z 05003KT 220V050 8000 FEW017CB FEW018 26/25 Q1013 NOSIG RMK CB AT E
WABB,2023-10-15 23:00,5.59,M,50.00,4.00,WABB 152300Z 05004KT 220V050 9000 SCT018 BKN100 27/25 Q1013 NOSIG
WABB,2023-10-15 23:30,5.59,M,80.00,6.00,WABB 152330Z 08006KT 190V080 9000 SCT018 BKN100 28/25 Q1013 NOSIG
WABB,2023-10-16 00:00,5.59,M,100.00,8.00,WABB 160000Z 10008KT 180V100 9000 SCT018 BKN100 28/26 Q1012 NOSIG
WABB,2023-10-16 00:30,5.59,M,60.00,10.00,WABB 160030Z 06010KT 210V060 9000 SCT018 BKN100 28/26 Q1012 NOSIG
WABB,2023-10-16 01:00,5.59,M,60.00,5.00,WABB 160100Z 06005KT 210V060 9000 SCT018 BKN100 29/26 Q1012 NOSIG
WABB,2023-10-16 01:30,6.21,M,360.00,6.00,WABB 160130Z 36006KT 170V360 9999 SCT018 SCT100 29/26 Q1012 NOSIG
WABB,2023-10-16 02:00,6.21,M,320.00,3.00,WABB 160200Z 32003KT 140V320 9999 SCT018 SCT100 29/26 Q1012 NOSIG
WABB,2023-10-16 02:30,6.21,M,180.00,3.00,WABB 160230Z 18003KT 090V180 9999 SCT018 SCT100 29/26 Q1012 NOSIG
WABB,2023-10-16 03:00,6.21,M,120.00,5.00,WABB 160300Z 12005KT 9999 SCT018 BKN100 29/26 Q1011 NOSIG
WABB,2023-10-16 03:30,6.21,M,100.00,7.00,WABB 160330Z 10007KT 170V100 9999 BKN018 29/26 Q1011 RERA NOSIG
WABB,2023-10-16 04:00,6.21,M,40.00,4.00,WABB 160400Z 04004KT 210V040 9999 BKN018 29/26 Q1010 NOSIG
WABB,2023-10-16 04:30,6.21,M,110.00,4.00,WABB 160430Z 11004KT 160V100 9999 SCT018 30/25 Q1009 NOSIG
WABB,2023-10-16 05:00,6.21,M,130.00,7.00,WABB 160500Z 13007KT 9999 SCT018 30/26 Q1009 NOSIG
WABB,2023-10-16 05:30,6.21,M,110.00,8.00,WABB 160530Z 11008KT 9999 SCT018 30/26 Q1009 NOSIG
WABB,2023-10-16 06:00,6.21,M,110.00,11.00,WABB 160600Z 11011KT 160V100 9999 SCT018 29/26 Q1009 NOSIG
WABB,2023-10-16 06:30,6.21,-RA,110.00,10.00,WABB 160630Z 11010KT 160V100 9999 -RA SCT018 29/26 Q1009 NOSIG
WABB,2023-10-16 07:00,6.21,-RA,40.00,6.00,WABB 160700Z 04006KT 190V040 9999 -RA SCT018 29/24 Q1009 NOSIG
WABB,2023-10-16 07:30,6.21,M,50.00,8.00,WABB 160730Z 05008KT 210V050 9999 SCT018 30/25 Q1009 NOSIG
WABB,2023-10-16 08:00,6.21,M,80.00,5.00,WABB 160800Z 08005KT 210V080 9999 SCT018 30/25 Q1009 NOSIG
WABB,2023-10-16 08:30,6.21,M,60.00,6.00,WABB 160830Z 06006KT 220V060 9999 SCT018 29/24 Q1010 NOSIG
WABB,2023-10-16 09:00,6.21,M,90.00,5.00,WABB 160900Z 09005KT 190V090 9999 SCT018 28/24 Q1010 NOSIG
WABB,2023-10-16 09:30,6.21,M,60.00,5.00,WABB 160930Z 06005KT 210V060 9999 SCT018 28/25 Q1010 NOSIG
WABB,2023-10-16 10:00,6.21,M,50.00,3.00,WABB 161000Z 05003KT 210V050 9999 SCT018 27/25 Q1011 NOSIG
WABB,2023-10-16 10:30,6.21,M,M,2.00,WABB 161030Z VRB02KT 9999 SCT018 27/25 Q1011 NOSIG
WABB,2023-10-16 11:00,6.21,M,M,2.00,WABB 161100Z VRB02KT 9999 SCT018 27/25 Q1012 NOSIG
WABB,2023-10-16 11:30,6.21,M,40.00,3.00,WABB 161130Z 04003KT 230V040 9999 SCT018 26/25 Q1012 NOSIG
WABB,2023-10-16 12:00,6.21,M,50.00,4.00,WABB 161200Z 05004KT 220V050 9999 SCT018 26/25 Q1012 NOSIG
WABB,2023-10-16 12:30,6.21,M,20.00,3.00,WABB 161230Z 02003KT 020V250 9999 SCT018 26/25 Q1013 NOSIG
WABB,2023-10-16 13:00,6.21,M,M,2.00,WABB 161300Z VRB02KT 9999 SCT018 26/25 Q1013 NOSIG
WABB,2023-10-16 13:30,6.21,M,320.00,3.00,WABB 161330Z 32003KT 140V320 9999 SCT018 26/25 Q1013 NOSIG
WABB,2023-10-16 14:00,6.21,M,M,2.00,WABB 161400Z VRB02KT 9999 SCT018 26/24 Q1012 NOSIG
WABB,2023-10-16 14:30,4.97,-RA,0.00,0.00,WABB 161430Z 00000KT 8000 -RA SCT018 BKN100 26/25 Q1012 NOSIG
WABB,2023-10-16 15:00,4.97,-RA,40.00,7.00,WABB 161500Z 04007KT 230V040 8000 -RA SCT018 BKN100 26/25 Q1012 NOSIG
WABB,2023-10-16 15:30,4.35,-RA,30.00,7.00,WABB 161530Z 03007KT 030V240 7000 -RA SCT018 BKN100 24/24 Q1012 NOSIG
WABB,2023-10-16 16:00,4.35,-RA,70.00,6.00,WABB 161600Z 07006KT 200V070 7000 -RA SCT018 BKN100 25/24 Q1011 NOSIG
WABB,2023-10-16 16:30,4.35,-RA,M,2.00,WABB 161630Z VRB02KT 7000 -RA SCT018 BKN100 25/24 Q1011 NOSIG
WABB,2023-10-16 17:00,4.35,-RA,M,2.00,WABB 161700Z VRB02KT 7000 -RA SCT018 BKN100 24/24 Q1012 NOSIG
WABB,2023-10-16 17:30,4.35,-RA,M,2.00,WABB 161730Z VRB02KT 7000 -RA SCT018 BKN100 24/24 Q1012 NOSIG
WABB,2023-10-16 18:00,5.59,M,350.00,4.00,WABB 161800Z 35004KT 170V350 9000 SCT018 BKN100 24/24 Q1012 RERA NOSIG
WABB,2023-10-16 18:30,5.59,M,M,2.00,WABB 161830Z VRB02KT 9000 SCT018 BKN100 24/24 Q1012 NOSIG
WABB,2023-10-16 19:00,4.97,-RA,330.00,3.00,WABB 161900Z 33003KT 140V330 8000 -RA SCT018 BKN100 24/24 Q1012 NOSIG
WABB,2023-10-16 19:30,4.97,-RA,M,2.00,WABB 161930Z VRB02KT 8000 -RA SCT018 BKN100 24/24 Q1012 NOSIG
WABB,2023-10-16 20:00,4.97,-RA,30.00,3.00,WABB 162000Z 03003KT 230V030 8000 -RA SCT018 BKN100 24/24 Q1012 NOSIG
WABB,2023-10-16 20:30,4.97,-RA,M,2.00,WABB 162030Z VRB02KT 8000 -RA SCT018 OVC100 24/24 Q1013 NOSIG
WABB,2023-10-16 21:00,5.59,M,310.00,6.00,WABB 162100Z 31006KT 130V310 9000 SCT018 BKN100 24/24 Q1013 RERA NOSIG
WABB,2023-10-16 21:30,5.59,M,340.00,3.00,WABB 162130Z 34003KT 160V340 9000 SCT018 BKN100 24/24 Q1013 NOSIG
WABB,2023-10-16 22:00,4.97,M,30.00,3.00,WABB 162200Z 03003KT 230V030 8000 SCT018 BKN100 25/24 Q1013 RERA NOSIG
WABB,2023-10-16 22:30,4.97,-RA,80.00,3.00,WABB 162230Z 08003KT 180V080 8000 -RA SCT018 BKN100 26/24 Q1013 NOSIG
WABB,2023-10-16 23:00,4.97,-RA,120.00,4.00,WABB 162300Z 12004KT 8000 -RA SCT018 BKN100 27/25 Q1014 NOSIG
WABB,2023-10-16 23:30,5.59,M,130.00,4.00,WABB 162330Z 13004KT 9000 SCT018 BKN100 27/24 Q1014 RERA NOSIG
WABB,2023-10-17 00:00,5.59,M,220.00,3.00,WABB 170000Z 22003KT 020V220 9000 SCT018 BKN100 28/25 Q1014 NOSIG
WABB,2023-10-17 00:30,5.59,M,M,2.00,WABB 170030Z VRB02KT 9000 SCT018 BKN100 28/25 Q1014 NOSIG
WABB,2023-10-17 01:00,6.21,M,180.00,3.00,WABB 170100Z 18003KT 090V180 9999 SCT018 BKN100 28/24 Q1013 NOSIG
WABB,2023-10-17 01:30,6.21,M,120.00,4.00,WABB 170130Z 12004KT 9999 SCT018 BKN100 28/24 Q1013 NOSIG
WABB,2023-10-17 02:00,6.21,M,M,2.00,WABB 170200Z VRB02KT 9999 SCT018 BKN100 28/24 Q1013 NOSIG
WABB,2023-10-17 02:30,6.21,M,140.00,3.00,WABB 170230Z 14003KT 010V140 9999 SCT018 BKN100 28/24 Q1012 NOSIG
WABB,2023-10-17 03:00,6.21,M,90.00,4.00,WABB 170300Z 09004KT 180V090 9999 SCT018 BKN100 29/25 Q1012 NOSIG
WABB,2023-10-17 03:30,6.21,M,360.00,3.00,WABB 170330Z 36003KT 250V360 9999 SCT018 BKN100 28/25 Q1011 NOSIG
WABB,2023-10-17 04:00,6.21,M,200.00,3.00,WABB 170400Z 20003KT 020V200 9999 SCT018 BKN100 29/25 Q1010 NOSIG
WABB,2023-10-17 04:30,6.21,M,M,2.00,WABB 170430Z VRB02KT 9999 SCT018 BKN100 30/25 Q1010 NOSIG
WABB,2023-10-17 05:00,6.21,M,M,2.00,WABB 170500Z VRB02KT 9999 SCT018 BKN100 30/25 Q1010 NOSIG
WABB,2023-10-17 05:30,6.21,M,M,2.00,WABB 170530Z VRB02KT 9999 SCT018 BKN100 30/25 Q1010 NOSIG
WABB,2023-10-17 06:00,6.21,M,M,2.00,WABB 170600Z VRB02KT 9999 FEW018 SCT100 30/25 Q1009 NOSIG
WABB,2023-10-17 06:30,6.21,M,120.00,5.00,WABB 170630Z 12005KT 9999 FEW018 SCT100 30/25 Q1009 NOSIG
WABB,2023-10-17 07:00,6.21,M,340.00,6.00,WABB 170700Z 34006KT 170V340 9999 FEW018 SCT100 30/25 Q1009 NOSIG
WABB,2023-10-17 07:30,6.21,M,40.00,4.00,WABB 170730Z 04004KT 230V040 9999 FEW018 SCT100 30/26 Q1010 NOSIG
WABB,2023-10-17 08:00,6.21,M,20.00,3.00,WABB 170800Z 02003KT 020V250 9999 FEW018 SCT100 30/25 Q1010 NOSIG
WABB,2023-10-17 08:30,6.21,M,360.00,3.00,WABB 170830Z 36003KT 180V360 9999 FEW018 SCT100 29/26 Q1010 NOSIG
WABB,2023-10-17 09:00,6.21,M,350.00,3.00,WABB 170900Z 35003KT 180V350 9999 FEW018 SCT100 28/25 Q1010 NOSIG
WABB,2023-10-17 09:30,6.21,M,M,2.00,WABB 170930Z VRB02KT 9999 FEW018 SCT100 27/25 Q1011 NOSIG
WABB,2023-10-17 10:00,6.21,M,M,2.00,WABB 171000Z VRB02KT 9999 FEW018 SCT100 27/25 Q1011 NOSIG
WABB,2023-10-17 10:30,6.21,M,300.00,3.00,WABB 171030Z 30003KT 120V300 9999 FEW018 SCT100 26/25 Q1011 NOSIG
WABB,2023-10-17 11:00,6.21,M,M,2.00,WABB 171100Z VRB02KT 9999 FEW018 SCT100 26/24 Q1012 NOSIG
WABB,2023-10-17 11:30,6.21,M,M,2.00,WABB 171130Z VRB02KT 9999 FEW018 SCT100 26/24 Q1012 NOSIG
WABB,2023-10-17 12:00,6.21,M,M,2.00,WABB 171200Z VRB02KT 9999 FEW018 SCT100 26/24 Q1012 NOSIG
WABB,2023-10-17 12:30,6.21,M,0.00,0.00,WABB 171230Z 00000KT 9999 FEW018 SCT100 25/24 Q1013 NOSIG
WABB,2023-10-17 13:00,6.21,M,320.00,3.00,WABB 171300Z 32003KT 140V320 9999 FEW018 SCT100 25/24 Q1013 NOSIG
WABB,2023-10-17 13:30,6.21,M,30.00,3.00,WABB 171330Z 03003KT 030V240 9999 FEW018 SCT100 25/24 Q1013 NOSIG
WABB,2023-10-17 14:00,6.21,M,M,2.00,WABB 171400Z VRB02KT 9999 FEW018 SCT100 25/24 Q1012 NOSIG
WABB,2023-10-17 14:30,6.21,M,M,2.00,WABB 171430Z VRB02KT 9999 FEW018 SCT100 25/24 Q1012 NOSIG
WABB,2023-10-17 15:00,6.21,M,360.00,3.00,WABB 171500Z 36003KT 270V360 9999 FEW018 SCT100 25/24 Q1012 NOSIG
WABB,2023-10-17 15:30,6.21,M,10.00,4.00,WABB 171530Z 01004KT 010V260 9999 FEW018 SCT100 25/24 Q1012 NOSIG
WABB,2023-10-17 16:00,6.21,M,30.00,4.00,WABB 171600Z 03004KT 030V240 9999 FEW018 SCT100 25/24 Q1012 NOSIG
WABB,2023-10-17 16:30,6.21,M,20.00,3.00,WABB 171630Z 02003KT 020V240 9999 FEW018 SCT100 25/24 Q1012 NOSIG
WABB,2023-10-17 17:00,6.21,M,20.00,4.00,WABB 171700Z 02004KT 020V240 9999 FEW018 SCT100 25/24 Q1011 NOSIG
WABB,2023-10-17 17:30,6.21,M,30.00,3.00,WABB 171730Z 03003KT 030V240 9999 FEW018 SCT100 25/24 Q1011 NOSIG
WABB,2023-10-17 18:00,6.21,M,10.00,4.00,WABB 171800Z 01004KT 010V250 9999 FEW018 SCT100 25/24 Q1011 NOSIG
WABB,2023-10-17 18:30,6.21,M,M,2.00,WABB 171830Z VRB02KT 9999 FEW018 SCT100 25/24 Q1011 NOSIG
WABB,2023-10-17 19:00,6.21,M,M,2.00,WABB 171900Z VRB02KT 9999 FEW018 SCT100 24/24 Q1011 NOSIG
WABB,2023-10-17 19:30,6.21,M,M,2.00,WABB 171930Z VRB02KT 9999 FEW018 SCT100 24/24 Q1012 NOSIG
WABB,2023-10-17 20:00,6.21,M,0.00,0.00,WABB 172000Z 00000KT 9999 FEW018 SCT100 24/24 Q1012 NOSIG
WABB,2023-10-17 20:30,6.21,M,M,2.00,WABB 172030Z VRB02KT 9999 FEW018 SCT100 24/24 Q1012 NOSIG
WABB,2023-10-17 21:00,6.21,M,50.00,4.00,WABB 172100Z 05004KT 220V050 9999 FEW018 SCT100 24/24 Q1012 NOSIG
WABB,2023-10-17 21:30,6.21,M,M,2.00,WABB 172130Z VRB02KT 9999 FEW018 SCT100 26/25 Q1013 NOSIG
WABB,2023-10-17 22:00,6.21,M,20.00,3.00,WABB 172200Z 02003KT 020V240 9999 FEW018 SCT100 27/26 Q1013 NOSIG
WABB,2023-10-17 22:30,6.21,M,360.00,3.00,WABB 172230Z 36003KT 180V360 9999 FEW018 28/26 Q1013 NOSIG
WABB,2023-10-17 23:00,6.21,M,50.00,3.00,WABB 172300Z 05003KT 220V050 9999 SCT018 29/25 Q1014 NOSIG
WABB,2023-10-17 23:30,6.21,M,M,2.00,WABB 172330Z VRB02KT 9999 SCT018 29/25 Q1014 NOSIG
WABB,2023-10-18 00:00,6.21,M,130.00,6.00,WABB 180000Z 13006KT 9999 SCT018 30/26 Q1014 NOSIG
WABB,2023-10-18 00:30,6.21,M,120.00,5.00,WABB 180030Z 12005KT 9999 SCT018 30/26 Q1014 NOSIG
WABB,2023-10-18 01:00,6.21,M,140.00,8.00,WABB 180100Z 14008KT 9999 SCT018 30/26 Q1014 NOSIG
WABB,2023-10-18 01:30,6.21,M,100.00,4.00,WABB 180130Z 10004KT 130V070 9999 SCT018 30/26 Q1013 NOSIG
WABB,2023-10-18 02:00,6.21,M,170.00,2.00,WABB 180200Z 17002KT 9999 SCT018 30/26 Q1013 NOSIG
WABB,2023-10-18 02:30,5.59,VCSH,140.00,7.00,WABB 180230Z 14007KT 9000 VCSH SCT018 30/26 Q1013 NOSIG
WABB,2023-10-18 03:00,4.97,VCSH,290.00,6.00,WABB 180300Z 29006KT 110V290 8000 VCSH FEW017CB SCT018 29/25 Q1013 NOSIG RMK CB AT W
WABB,2023-10-18 04:00,4.35,VCSH,240.00,4.00,WABB 180400Z 24004KT 090V240 7000 VCSH FEW017CB BKN018 28/25 Q1012 NOSIG RMK CB AT W
WABB,2023-10-18 04:30,4.35,-RA,270.00,7.00,WABB 180430Z 27007KT 100V270 7000 -RA BKN018 27/25 Q1011 TEMPO -RA
WABB,2023-10-18 05:00,3.73,-RA,270.00,5.00,WABB 180500Z 27005KT 100V270 6000 -RA BKN018 26/26 Q1010 TEMPO -RA
WABB,2023-10-18 05:30,6.21,M,280.00,4.00,WABB 180530Z 28004KT 120V280 9999 SCT018 28/25 Q1010 RERA NOSIG
WABB,2023-10-18 06:00,6.21,M,240.00,5.00,WABB 180600Z 24005KT 050V240 9999 SCT018 29/26 Q1010 NOSIG
WABB,2023-10-18 06:30,6.21,M,250.00,4.00,WABB 180630Z 25004KT 090V250 9999 SCT018 29/25 Q1010 NOSIG
WABB,2023-10-18 07:00,6.21,M,200.00,4.00,WABB 180700Z 20004KT 080V200 9999 SCT018 28/25 Q1009 NOSIG
WABB,2023-10-18 07:30,6.21,M,260.00,3.00,WABB 180730Z 26003KT 260V050 9999 SCT018 29/25 Q1009 NOSIG
WABB,2023-10-18 08:00,6.21,M,240.00,3.00,WABB 180800Z 24003KT 070V240 9999 SCT018 29/25 Q1009 NOSIG
WABB,2023-10-18 08:30,6.21,M,M,2.00,WABB 180830Z VRB02KT 9999 SCT018 28/25 Q1010 NOSIG
WABB,2023-10-18 09:00,6.21,M,M,2.00,WABB 180900Z VRB02KT 9999 FEW018 28/25 Q1010 NOSIG
WABB,2023-10-18 09:30,6.21,M,M,2.00,WABB 180930Z VRB02KT 9999 FEW018 28/25 Q1011 NOSIG
WABB,2023-10-18 10:00,6.21,M,M,2.00,WABB 181000Z VRB02KT 9999 FEW018 27/25 Q1011 NOSIG
WABB,2023-10-18 10:30,6.21,M,320.00,3.00,WABB 181030Z 32003KT 150V320 9999 FEW018 26/25 Q1011 NOSIG
WABB,2023-10-18 11:00,6.21,M,310.00,4.00,WABB 181100Z 31004KT 130V310 9999 FEW018 26/25 Q1011 NOSIG
WABB,2023-10-18 11:30,6.21,M,330.00,3.00,WABB 181130Z 33003KT 140V330 9999 FEW018 26/25 Q1012 NOSIG
WABB,2023-10-18 12:00,6.21,M,320.00,3.00,WABB 181200Z 32003KT 140V320 9999 FEW018 26/25 Q1012 NOSIG
WABB,2023-10-18 12:30,6.21,M,M,2.00,WABB 181230Z VRB02KT 9999 FEW018 26/25 Q1012 NOSIG
WABB,2023-10-18 13:00,6.21,M,M,2.00,WABB 181300Z VRB02KT 9999 FEW018 26/25 Q1012 NOSIG
WABB,2023-10-18 13:30,6.21,M,330.00,3.00,WABB 181330Z 33003KT 150V330 9999 FEW018 25/25 Q1012 NOSIG
WABB,2023-10-18 14:00,6.21,M,350.00,3.00,WABB 181400Z 35003KT 170V350 9999 FEW018 26/25 Q1012 NOSIG
WABB,2023-10-18 14:30,6.21,M,M,2.00,WABB 181430Z VRB02KT 9999 FEW018 26/24 Q1012 NOSIG
WABB,2023-10-18 15:00,6.21,M,330.00,3.00,WABB 181500Z 33003KT 160V330 9999 FEW018 25/24 Q1011 NOSIG
WABB,2023-10-18 15:30,6.21,M,M,2.00,WABB 181530Z VRB02KT 9999 FEW018 25/24 Q1011 NOSIG
WABB,2023-10-18 16:00,6.21,M,M,2.00,WABB 181600Z VRB02KT 9999 FEW018 26/24 Q1011 NOSIG
WABB,2023-10-18 16:30,6.21,M,M,2.00,WABB 181630Z VRB02KT 9999 FEW018 25/24 Q1010 NOSIG
WABB,2023-10-18 17:00,6.21,M,M,2.00,WABB 181700Z VRB02KT 9999 FEW018 25/24 Q1010 NOSIG
WABB,2023-10-18 17:30,6.21,M,M,2.00,WABB 181730Z VRB02KT 9999 FEW018 25/24 Q1010 NOSIG
WABB,2023-10-18 18:00,6.21,M,20.00,3.00,WABB 181800Z 02003KT 020V250 9999 FEW018 25/24 Q1010 NOSIG
WABB,2023-10-18 18:30,6.21,M,M,2.00,WABB 181830Z VRB02KT 9999 FEW018 25/24 Q1010 NOSIG
WABB,2023-10-18 19:00,6.21,M,M,2.00,WABB 181900Z VRB02KT 9999 FEW018 25/24 Q1010 NOSIG
WABB,2023-10-18 19:30,6.21,M,M,2.00,WABB 181930Z VRB02KT 9999 FEW018 25/24 Q1010 NOSIG
WABB,2023-10-18 20:00,6.21,M,M,2.00,WABB 182000Z VRB02KT 9999 FEW018 24/24 Q1011 NOSIG
WABB,2023-10-18 20:30,6.21,M,M,2.00,WABB 182030Z VRB02KT 9999 FEW018 25/24 Q1011 NOSIG
WABB,2023-10-18 21:00,6.21,M,30.00,4.00,WABB 182100Z 03004KT 030V240 9999 FEW018 25/24 Q1011 NOSIG
WABB,2023-10-18 21:30,6.21,M,30.00,4.00,WABB 182130Z 03004KT 230V030 9999 FEW018 26/25 Q1012 NOSIG
WABB,2023-10-18 22:00,6.21,M,50.00,4.00,WABB 182200Z 05004KT 210V050 9999 FEW018 28/25 Q1012 NOSIG
WABB,2023-10-18 22:30,6.21,M,70.00,4.00,WABB 182230Z 07004KT 200V070 9999 FEW018 28/25 Q1012 NOSIG
WABB,2023-10-18 23:00,6.21,M,40.00,4.00,WABB 182300Z 04004KT 220V040 9999 FEW018 29/25 Q1012 NOSIG
WABB,2023-10-18 23:30,6.21,M,120.00,5.00,WABB 182330Z 12005KT 160V100 9999 FEW018 30/25 Q1012 NOSIG
WABB,2023-10-19 00:00,6.21,M,120.00,5.00,WABB 190000Z 12005KT 9999 FEW018 30/26 Q1012 NOSIG
WABB,2023-10-19 00:30,6.21,M,140.00,5.00,WABB 190030Z 14005KT 9999 FEW018 31/26 Q1012 NOSIG
WABB,2023-10-19 01:00,6.21,M,130.00,5.00,WABB 190100Z 13005KT 9999 FEW018 31/26 Q1012 NOSIG
WABB,2023-10-19 01:30,6.21,M,110.00,4.00,WABB 190130Z 11004KT 9999 FEW018 31/26 Q1012 NOSIG
WABB,2023-10-19 02:00,6.21,M,130.00,10.00,WABB 190200Z 13010KT 9999 FEW018 31/26 Q1011 NOSIG
WABB,2023-10-19 02:30,6.21,M,120.00,8.00,WABB 190230Z 12008KT 160V100 9999 FEW018 31/26 Q1011 NOSIG
WABB,2023-10-19 03:00,6.21,M,120.00,9.00,WABB 190300Z 12009KT 9999 FEW018 31/26 Q1010 NOSIG
WABB,2023-10-19 03:30,6.21,M,120.00,7.00,WABB 190330Z 12007KT 160V100 9999 FEW018 31/26 Q1010 NOSIG
WABB,2023-10-19 04:00,6.21,M,120.00,4.00,WABB 190400Z 12004KT 110V180 9999 FEW018 30/26 Q1010 NOSIG
WABB,2023-10-19 04:30,6.21,M,280.00,6.00,WABB 190430Z 28006KT 090V280 9999 FEW017CB FEW018 29/25 Q1009 NOSIG RMK CB AT W METAR WIDD 190430Z 08009KT 9999 SCT014 32/24 Q1014 NOSIG
WABB,2023-10-19 05:00,6.21,M,340.00,9.00,WABB 190500Z 34009KT 150V340 9999 FEW017CB FEW018 27/24 Q1009 NOSIG RMK CB AT W
WABB,2023-10-19 05:30,6.21,-RA,260.00,3.00,WABB 190530Z 26003KT 090V260 9999 -RA FEW017CB FEW018 28/25 Q1008 NOSIG RMK CB AT W METAR WIII 190530Z 07016KT 9999 FEW020 35/24 Q1011 NOSIG
WABB,2023-10-19 06:00,6.21,M,0.00,0.00,WABB 190600Z 00000KT 9999 FEW018 29/25 Q1008 RERA NOSIG
WABB,2023-10-19 06:30,6.21,M,200.00,3.00,WABB 190630Z 20003KT 010V200 9999 FEW018 29/25 Q1008 NOSIG
WABB,2023-10-19 07:00,6.21,M,M,2.00,WABB 190700Z VRB02KT 9999 FEW018 29/25 Q1008 NOSIG
WABB,2023-10-19 07:30,6.21,M,200.00,3.00,WABB 190730Z 20003KT 010V200 9999 FEW018 30/25 Q1009 NOSIG
WABB,2023-10-19 08:00,6.21,M,190.00,3.00,WABB 190800Z 19003KT 090V180 9999 FEW018 30/25 Q1009 NOSIG
WABB,2023-10-19 08:30,6.21,M,0.00,0.00,WABB 190830Z 00000KT 9999 FEW018 29/25 Q1009 NOSIG
WABB,2023-10-19 09:00,6.21,M,360.00,3.00,WABB 190900Z 36003KT 270V360 9999 FEW018 28/26 Q1009 NOSIG
WABB,2023-10-19 09:30,6.21,M,M,2.00,WABB 190930Z VRB02KT 9999 FEW018 27/26 Q1010 NOSIG
WABB,2023-10-19 10:00,6.21,M,290.00,3.00,WABB 191000Z 29003KT 110V290 9999 FEW018 27/26 Q1010 NOSIG
WABB,2023-10-19 10:30,6.21,M,M,2.00,WABB 191030Z VRB02KT 9999 FEW018 27/25 Q1011 NOSIG
WABB,2023-10-19 11:00,6.21,M,0.00,0.00,WABB 191100Z 00000KT 9999 FEW018 27/25 Q1011 NOSIG
WABB,2023-10-19 11:30,6.21,M,M,2.00,WABB 191130Z VRB02KT 9999 FEW018 26/25 Q1011 NOSIG
WABB,2023-10-19 12:00,6.21,M,10.00,4.00,WABB 191200Z 01004KT 010V260 9999 FEW018 26/24 Q1012 NOSIG
WABB,2023-10-19 12:30,6.21,M,M,2.00,WABB 191230Z VRB02KT 9999 FEW018 26/25 Q1012 NOSIG
WABB,2023-10-19 13:00,6.21,M,M,2.00,WABB 191300Z VRB02KT 9999 FEW018 26/24 Q1012 NOSIG
WABB,2023-10-19 13:30,6.21,M,M,2.00,WABB 191330Z VRB02KT 9999 FEW018 26/24 Q1011 NOSIG
WABB,2023-10-19 14:00,6.21,M,300.00,3.00,WABB 191400Z 30003KT 120V300 9999 FEW018 26/24 Q1011 NOSIG
WABB,2023-10-19 14:30,6.21,M,M,2.00,WABB 191430Z VRB02KT 9999 FEW018 26/24 Q1011 NOSIG
WABB,2023-10-19 15:00,6.21,M,M,2.00,WABB 191500Z VRB02KT 9999 FEW018 25/24 Q1011 NOSIG
WABB,2023-10-19 15:30,6.21,M,0.00,0.00,WABB 191530Z 00000KT 9999 FEW018 25/24 Q1011 NOSIG
WABB,2023-10-19 16:00,6.21,M,0.00,0.00,WABB 191600Z 00000KT 9999 FEW018 25/24 Q1010 NOSIG
WABB,2023-10-19 16:30,6.21,M,M,2.00,WABB 191630Z VRB02KT 9999 FEW018 25/24 Q1010 NOSIG
WABB,2023-10-19 17:00,6.21,M,0.00,0.00,WABB 191700Z 00000KT 9999 FEW018 25/24 Q1010 NOSIG
WABB,2023-10-19 17:30,6.21,M,M,2.00,WABB 191730Z VRB02KT 9999 FEW018 24/23 Q1010 NOSIG
WABB,2023-10-19 18:00,6.21,M,0.00,0.00,WABB 191800Z 00000KT 9999 FEW018 25/23 Q1010 NOSIG
WABB,2023-10-19 18:30,6.21,M,M,2.00,WABB 191830Z VRB02KT 9999 FEW018 24/23 Q1010 NOSIG
WABB,2023-10-19 19:00,6.21,M,M,2.00,WABB 191900Z VRB02KT 9999 FEW018 24/23 Q1010 NOSIG
WABB,2023-10-19 19:30,6.21,M,M,2.00,WABB 191930Z VRB02KT 9999 FEW018 24/23 Q1010 NOSIG
WABB,2023-10-19 20:00,6.21,M,20.00,3.00,WABB 192000Z 02003KT 020V240 9999 FEW018 24/24 Q1011 NOSIG
WABB,2023-10-19 20:30,6.21,M,320.00,3.00,WABB 192030Z 32003KT 140V320 9999 FEW018 24/24 Q1011 NOSIG
WABB,2023-10-19 21:00,6.21,M,M,2.00,WABB 192100Z VRB02KT 9999 SCT018 24/24 Q1011 NOSIG
WABB,2023-10-19 21:30,6.21,M,M,2.00,WABB 192130Z VRB02KT 9999 SCT018 25/24 Q1012 NOSIG
WABB,2023-10-19 22:00,6.21,M,M,2.00,WABB 192200Z VRB02KT 9999 SCT018 26/25 Q1012 NOSIG
WABB,2023-10-19 22:30,6.21,M,290.00,3.00,WABB 192230Z 29003KT 110V290 9999 SCT018 SCT100 27/25 Q1013 NOSIG
WABB,2023-10-19 23:00,6.21,M,280.00,4.00,WABB 192300Z 28004KT 110V280 9999 SCT018 SCT100 29/26 Q1013 NOSIG
WABB,2023-10-19 23:30,6.21,M,240.00,4.00,WABB 192330Z 24004KT 070V240 9999 SCT018 30/25 Q1013 NOSIG
WABB,2023-10-20 00:00,6.21,M,260.00,4.00,WABB 200000Z 26004KT 070V260 9999 SCT018 29/25 Q1013 NOSIG
WABB,2023-10-20 00:30,6.21,M,240.00,4.00,WABB 200030Z 24004KT 080V240 9999 SCT018 29/25 Q1013 NOSIG
WABB,2023-10-20 01:00,6.21,M,210.00,5.00,WABB 200100Z 21005KT 040V210 9999 SCT018 30/25 Q1013 NOSIG
WABB,2023-10-20 01:30,6.21,M,230.00,7.00,WABB 200130Z 23007KT 040V230 9999 SCT018 30/26 Q1012 NOSIG
WABB,2023-10-20 02:00,6.21,M,240.00,10.00,WABB 200200Z 24010KT 040V240 9999 SCT018 30/26 Q1012 NOSIG
WABB,2023-10-20 02:30,6.21,M,280.00,3.00,WABB 200230Z 28003KT 280V060 9999 SCT018 30/26 Q1011 NOSIG
WABB,2023-10-20 03:00,6.21,M,250.00,6.00,WABB 200300Z 25006KT 050V250 9999 SCT018 30/26 Q1011 NOSIG
WABB,2023-10-20 03:30,5.59,M,270.00,8.00,WABB 200330Z 27008KT 080V270 9000 FEW018CB SCT018 30/25 Q1011 NOSIG RMK CB AT N
WABB,2023-10-20 04:00,5.59,TS,360.00,6.00,WABB 200400Z 36006KT 250V360 9000 TS FEW018CB SCT018 SCT100 27/24 Q1010 NOSIG RMK CB AT N
WABB,2023-10-20 04:30,5.59,TS,360.00,7.00,WABB 200430Z 36007KT 270V360 9000 TS FEW018CB SCT018 SCT100 26/24 Q1009 NOSIG RMK CB AT N
WABB,2023-10-20 05:00,6.21,M,20.00,3.00,WABB 200500Z 02003KT 020V260 9999 SCT018 SCT100 27/23 Q1009 NOSIG
WABB,2023-10-20 05:30,6.21,M,290.00,5.00,WABB 200530Z 29005KT 110V290 9999 SCT018 SCT100 28/24 Q1009 NOSIG
WABB,2023-10-20 06:00,6.21,M,300.00,5.00,WABB 200600Z 30005KT 130V300 9999 SCT018 SCT100 28/24 Q1009 NOSIG
WABB,2023-10-20 06:30,6.21,M,320.00,4.00,WABB 200630Z 32004KT 120V320 9999 SCT018 SCT100 28/25 Q1009 NOSIG
WABB,2023-10-20 07:00,6.21,M,M,2.00,WABB 200700Z VRB02KT 9999 SCT018 SCT100 29/25 Q1009 NOSIG
WABB,2023-10-20 07:30,6.21,M,210.00,3.00,WABB 200730Z 21003KT 040V210 9999 SCT018 SCT100 28/25 Q1009 NOSIG
WABB,2023-10-20 08:00,6.21,M,M,2.00,WABB 200800Z VRB02KT 9999 SCT018 SCT100 29/24 Q1010 NOSIG
WABB,2023-10-20 08:30,6.21,M,M,2.00,WABB 200830Z VRB02KT 9999 SCT018 SCT100 28/24 Q1010 NOSIG
WABB,2023-10-20 09:00,6.21,M,0.00,0.00,WABB 200900Z 00000KT 9999 SCT018 SCT100 27/25 Q1010 NOSIG
WABB,2023-10-20 09:30,6.21,M,M,2.00,WABB 200930Z VRB02KT 9999 SCT018 27/25 Q1011 NOSIG
WABB,2023-10-20 10:00,6.21,M,M,2.00,WABB 201000Z VRB02KT 9999 SCT018 26/25 Q1012 NOSIG
WABB,2023-10-20 10:30,6.21,M,230.00,3.00,WABB 201030Z 23003KT 080V230 9999 SCT018 27/25 Q1012 NOSIG
WABB,2023-10-20 11:00,6.21,M,290.00,5.00,WABB 201100Z 29005KT 100V290 9999 SCT018 27/25 Q1012 NOSIG
WABB,2023-10-20 11:30,6.21,M,M,2.00,WABB 201130Z VRB02KT 9999 SCT018 27/25 Q1013 NOSIG
WABB,2023-10-20 12:00,6.21,M,320.00,4.00,WABB 201200Z 32004KT 140V320 9999 SCT018 26/25 Q1013 NOSIG
WABB,2023-10-20 12:30,6.21,M,M,2.00,WABB 201230Z VRB02KT 9999 SCT018 26/25 Q1013 NOSIG
WABB,2023-10-20 13:00,6.21,M,330.00,3.00,WABB 201300Z 33003KT 150V330 9999 SCT018 26/25 Q1012 NOSIG
WABB,2023-10-20 13:30,6.21,M,310.00,5.00,WABB 201330Z 31005KT 130V310 9999 SCT018 26/24 Q1012 NOSIG
WABB,2023-10-20 14:00,6.21,M,310.00,5.00,WABB 201400Z 31005KT 130V310 9999 SCT018 26/25 Q1012 NOSIG
WABB,2023-10-20 14:30,6.21,M,320.00,4.00,WABB 201430Z 32004KT 140V320 9999 SCT018 26/24 Q1012 NOSIG
WABB,2023-10-20 15:00,6.21,M,330.00,3.00,WABB 201500Z 33003KT 150V330 9999 SCT018 26/24 Q1012 NOSIG
WABB,2023-10-20 15:30,6.21,M,300.00,3.00,WABB 201530Z 30003KT 130V300 9999 SCT018 26/24 Q1011 NOSIG
WABB,2023-10-20 16:00,6.21,M,320.00,3.00,WABB 201600Z 32003KT 130V320 9999 SCT018 26/24 Q1011 NOSIG
WABB,2023-10-20 16:30,6.21,M,M,2.00,WABB 201630Z VRB02KT 9999 SCT018 26/24 Q1011 NOSIG
WABB,2023-10-20 17:00,6.21,M,M,2.00,WABB 201700Z VRB02KT 9999 SCT018 25/24 Q1011 NOSIG
WABB,2023-10-20 17:30,6.21,M,320.00,3.00,WABB 201730Z 32003KT 140V320 9999 SCT018 25/24 Q1010 NOSIG
WABB,2023-10-20 18:00,6.21,M,320.00,3.00,WABB 201800Z 32003KT 140V320 9999 SCT018 25/24 Q1010 NOSIG
WABB,2023-10-20 18:30,6.21,M,M,2.00,WABB 201830Z VRB02KT 9999 SCT018 25/24 Q1010 NOSIG
WABB,2023-10-20 19:00,6.21,M,330.00,3.00,WABB 201900Z 33003KT 150V330 9999 SCT018 25/24 Q1010 NOSIG
WABB,2023-10-20 19:30,6.21,M,M,2.00,WABB 201930Z VRB02KT 9999 SCT018 25/24 Q1011 NOSIG
WABB,2023-10-20 20:00,6.21,M,290.00,4.00,WABB 202000Z 29004KT 100V290 9999 SCT018 26/24 Q1011 NOSIG
WABB,2023-10-20 20:30,6.21,M,270.00,8.00,WABB 202030Z 27008KT 070V270 9999 SCT018 26/24 Q1011 NOSIG
WABB,2023-10-20 21:00,6.21,M,280.00,7.00,WABB 202100Z 28007KT 100V280 9999 SCT018 25/23 Q1011 NOSIG
WABB,2023-10-20 21:30,5.59,-RA,0.00,0.00,WABB 202130Z 00000KT 9000 -RA SCT018 25/24 Q1012 NOSIG
WABB,2023-10-20 22:00,6.21,M,330.00,4.00,WABB 202200Z 33004KT 150V330 9999 SCT018 26/24 Q1011 RERA NOSIG
WABB,2023-10-20 22:30,6.21,M,300.00,5.00,WABB 202230Z 30005KT 120V300 9999 SCT018 27/24 Q1012 NOSIG
WABB,2023-10-20 23:00,6.21,M,290.00,3.00,WABB 202300Z 29003KT 120V290 9999 SCT018 28/25 Q1012 NOSIG
WABB,2023-10-20 23:30,6.21,M,290.00,5.00,WABB 202330Z 29005KT 110V290 9999 SCT018 28/26 Q1012 NOSIG
WABB,2023-10-21 00:00,6.21,M,300.00,6.00,WABB 210000Z 30006KT 130V300 9999 SCT018 30/26 Q1013 NOSIG
WABB,2023-10-21 00:30,6.21,M,280.00,6.00,WABB 210030Z 28006KT 100V280 9999 SCT018 30/25 Q1013 NOSIG
WABB,2023-10-21 01:00,6.21,M,220.00,4.00,WABB 210100Z 22004KT 050V220 9999 SCT018 30/26 Q1013 NOSIG
WABB,2023-10-21 01:30,6.21,VCSH,250.00,5.00,WABB 210130Z 25005KT 050V250 9999 VCSH SCT018 30/26 Q1012 NOSIG
WABB,2023-10-21 02:00,5.59,-RA,300.00,7.00,WABB 210200Z 30007KT 100V300 9000 -RA SCT018 28/25 Q1012 NOSIG
WABB,2023-10-21 02:30,5.59,-TSRA,40.00,5.00,WABB 210230Z 04005KT 230V040 9000 -TSRA FEW018CB SCT018 28/25 Q1012 NOSIG RMK CB AT N
WABB,2023-10-21 03:00,5.59,-TSRA,10.00,5.00,WABB 210300Z 01005KT 180V010 9000 -TSRA FEW018CB SCT018 27/24 Q1011 NOSIG RMK CB AT N
WABB,2023-10-21 03:30,3.11,-TSRA,320.00,16.00,WABB 210330Z 32016KT 140V320 5000 -TSRA FEW018CB SCT018 26/24 Q1011 NOSIG RMK CB AT N AND S
WABB,2023-10-21 04:00,0.62,-TSRA,330.00,5.00,WABB 210400Z 33005KT 150V330 1000 -TSRA FEW018CB SCT018 24/24 Q1011 NOSIG RMK CB AT N AND S
WABB,2023-10-21 04:30,4.97,-TSRA,330.00,5.00,WABB 210430Z 33005KT 160V330 8000 -TSRA FEW018CB SCT018 24/24 Q1010 NOSIG RMK CB AT N AND S
WABB,2023-10-21 05:00,4.97,-TSRA,320.00,3.00,WABB 210500Z 32003KT 140V320 8000 -TSRA FEW018CB SCT018 24/24 Q1010 NOSIG RMK CB AT N AND S
WABB,2023-10-21 05:30,4.97,-RA,350.00,5.00,WABB 210530Z 35005KT 160V350 8000 -RA FEW018CB SCT018 24/24 Q1010 RETS NOSIG RMK CB AT N AND S
WABB,2023-10-21 06:00,5.59,-RA,M,2.00,WABB 210600Z VRB02KT 9000 -RA FEW018CB SCT018 25/24 Q1010 NOSIG RMK CB AT N AND S
WABB,2023-10-21 06:30,5.59,-RA,70.00,3.00,WABB 210630Z 07003KT 200V070 9000 -RA FEW018CB SCT018 25/24 Q1010 NOSIG RMK CB AT N AND S
WABB,2023-10-21 07:00,5.59,-RA,10.00,3.00,WABB 210700Z 01003KT 010V250 9000 -RA FEW018CB SCT018 25/24 Q1010 NOSIG RMK CB AT N AND S
WABB,2023-10-21 07:30,5.59,-RA,M,2.00,WABB 210730Z VRB02KT 9000 -RA FEW018CB SCT018 26/25 Q1010 NOSIG RMK CB AT N AND S
WABB,2023-10-21 08:00,6.21,M,340.00,5.00,WABB 210800Z 34005KT 160V340 9999 FEW018CB SCT018 25/25 Q1010 NOSIG RMK CB AT N AND S
WABB,2023-10-21 08:30,6.21,M,M,2.00,WABB 210830Z VRB02KT 9999 FEW018CB SCT018 25/25 Q1010 NOSIG RMK CB AT N AND S
WABB,2023-10-21 09:00,6.21,M,270.00,3.00,WABB 210900Z 27003KT 100V270 9999 FEW018CB SCT018 26/24 Q1010 NOSIG RMK CB AT N AND S
WABB,2023-10-21 09:30,6.21,M,M,2.00,WABB 210930Z VRB02KT 9999 FEW018CB SCT018 25/25 Q1010 NOSIG RMK CB AT N AND S
WABB,2023-10-21 10:00,6.21,M,M,2.00,WABB 211000Z VRB02KT 9999 FEW018CB SCT018 26/24 Q1011 NOSIG RMK CB AT N AND S
WABB,2023-10-21 10:30,6.21,M,M,2.00,WABB 211030Z VRB02KT 9999 FEW018CB SCT018 25/24 Q1011 NOSIG RMK CB AT N AND S
WABB,2023-10-21 11:00,6.21,M,310.00,3.00,WABB 211100Z 31003KT 140V310 9999 SCT018 25/24 Q1012 NOSIG
WABB,2023-10-21 12:00,6.21,M,350.00,3.00,WABB 211200Z 35003KT 170V350 9999 SCT018 25/24 Q1013 NOSIG
WABB,2023-10-21 12:30,6.21,M,360.00,3.00,WABB 211230Z 36003KT 180V360 9999 SCT018 25/25 Q1013 NOSIG
WABB,2023-10-21 13:00,6.21,M,M,2.00,WABB 211300Z VRB02KT 9999 SCT018 26/25 Q1013 NOSIG
WABB,2023-10-21 13:30,6.21,M,M,2.00,WABB 211330Z VRB02KT 9999 SCT018 25/25 Q1013 NOSIG
WABB,2023-10-21 14:00,6.21,M,310.00,4.00,WABB 211400Z 31004KT 130V310 9999 SCT018 25/25 Q1012 NOSIG
WABB,2023-10-21 14:30,6.21,M,M,2.00,WABB 211430Z VRB02KT 9999 SCT018 25/25 Q1013 NOSIG
WABB,2023-10-21 15:00,6.21,M,M,2.00,WABB 211500Z VRB02KT 9999 SCT018 25/24 Q1012 NOSIG
WABB,2023-10-21 15:30,6.21,M,320.00,4.00,WABB 211530Z 32004KT 140V320 9999 SCT018 25/24 Q1012 NOSIG
WABB,2023-10-21 16:00,6.21,M,M,2.00,WABB 211600Z VRB02KT 9999 SCT018 25/24 Q1012 NOSIG
WABB,2023-10-21 16:30,6.21,M,0.00,0.00,WABB 211630Z 00000KT 9999 SCT018 25/24 Q1011 NOSIG
WABB,2023-10-21 17:00,6.21,M,0.00,0.00,WABB 211700Z 00000KT 9999 SCT018 25/24 Q1011 NOSIG
WABB,2023-10-21 17:30,6.21,M,310.00,3.00,WABB 211730Z 31003KT 130V310 9999 SCT018 24/24 Q1011 NOSIG
WABB,2023-10-21 18:00,6.21,M,310.00,4.00,WABB 211800Z 31004KT 130V310 9999 SCT018 24/24 Q1011 NOSIG
WABB,2023-10-21 18:30,6.21,M,320.00,3.00,WABB 211830Z 32003KT 140V320 9999 SCT018 25/24 Q1011 NOSIG
WABB,2023-10-21 19:00,6.21,M,0.00,0.00,WABB 211900Z 00000KT 9999 SCT018 26/24 Q1012 NOSIG
WABB,2023-10-21 19:30,6.21,M,320.00,6.00,WABB 211930Z 32006KT 140V320 9999 SCT018 26/24 Q1012 NOSIG
WABB,2023-10-21 20:00,6.21,M,20.00,4.00,WABB 212000Z 02004KT 220V020 9999 SCT018 26/24 Q1011 NOSIG
WABB,2023-10-21 20:30,6.21,VCTS,320.00,3.00,WABB 212030Z 32003KT 140V320 9999 VCTS FEW017CB FEW018 24/24 Q1012 NOSIG RMK CB AT W
WABB,2023-10-21 21:00,6.21,VCTS,320.00,3.00,WABB 212100Z 32003KT 140V320 9999 VCTS FEW017CB FEW018 24/24 Q1012 NOSIG RMK CB AT W
WABB,2023-10-21 21:30,6.21,M,M,2.00,WABB 212130Z VRB02KT 9999 FEW017CB FEW018 25/25 Q1013 NOSIG RMK CB AT W
WABB,2023-10-21 22:00,6.21,M,300.00,4.00,WABB 212200Z 30004KT 100V300 9999 FEW017CB FEW018 27/25 Q1013 NOSIG RMK CB AT W
WABB,2023-10-21 22:30,6.21,M,290.00,6.00,WABB 212230Z 29006KT 100V290 9999 SCT018 27/24 Q1013 NOSIG
WABB,2023-10-21 23:00,6.21,M,290.00,3.00,WABB 212300Z 29003KT 130V290 9999 SCT018 28/24 Q1013 NOSIG
WABB,2023-10-21 23:30,6.21,M,270.00,7.00,WABB 212330Z 27007KT 070V270 9999 SCT018 28/24 Q1013 NOSIG
WABB,2023-10-22 00:00,6.21,M,270.00,6.00,WABB 220000Z 27006KT 090V270 9999 FEW018 28/24 Q1013 NOSIG
WABB,2023-10-22 00:30,6.21,M,280.00,10.00,WABB 220030Z 28010KT 110V280 9999 FEW018 29/25 Q1012 NOSIG
WABB,2023-10-22 01:00,6.21,M,240.00,6.00,WABB 220100Z 24006KT 060V240 9999 FEW018 29/26 Q1012 NOSIG
WABB,2023-10-22 01:30,6.21,M,250.00,10.00,WABB 220130Z 25010KT 080V250 9999 FEW018 29/25 Q1012 NOSIG
WABB,2023-10-22 02:00,6.21,M,260.00,6.00,WABB 220200Z 26006KT 080V260 9999 FEW018 30/25 Q1011 NOSIG
WABB,2023-10-22 02:30,6.21,M,250.00,12.00,WABB 220230Z 25012KT 070V250 9999 FEW018 31/25 Q1011 NOSIG
WABB,2023-10-22 03:00,6.21,M,260.00,8.00,WABB 220300Z 26008KT 070V260 9999 FEW018 30/25 Q1010 NOSIG
WABB,2023-10-22 03:30,6.21,M,240.00,11.00,WABB 220330Z 24011KT 050V240 9999 FEW018 30/26 Q1010 NOSIG
WABB,2023-10-22 04:00,6.21,M,230.00,9.00,WABB 220400Z 23009KT 070V230 9999 FEW018 30/25 Q1010 NOSIG
WABB,2023-10-22 04:30,6.21,M,240.00,9.00,WABB 220430Z 24009KT 070V240 9999 FEW018 30/26 Q1010 NOSIG
WABB,2023-10-22 05:00,6.21,M,250.00,8.00,WABB 220500Z 25008KT 080V250 9999 FEW018 30/25 Q1009 NOSIG
WABB,2023-10-22 05:30,6.21,M,220.00,8.00,WABB 220530Z 22008KT 060V220 9999 FEW018 30/26 Q1009 NOSIG
WABB,2023-10-22 06:00,6.21,M,250.00,9.00,WABB 220600Z 25009KT 080V250 9999 FEW018 30/26 Q1009 NOSIG
WABB,2023-10-22 06:30,6.21,M,260.00,5.00,WABB 220630Z 26005KT 080V260 9999 FEW018 30/26 Q1009 NOSIG
WABB,2023-10-22 07:00,6.21,M,260.00,7.00,WABB 220700Z 26007KT 070V260 9999 FEW018 30/25 Q1008 NOSIG
WABB,2023-10-22 07:30,6.21,M,250.00,5.00,WABB 220730Z 25005KT 060V250 9999 FEW018 30/25 Q1009 NOSIG
WABB,2023-10-22 08:00,6.21,M,280.00,6.00,WABB 220800Z 28006KT 280V070 9999 FEW018 30/26 Q1009 NOSIG
WABB,2023-10-22 08:30,6.21,M,240.00,7.00,WABB 220830Z 24007KT 070V240 9999 FEW018 29/26 Q1009 NOSIG
WABB,2023-10-22 10:00,6.21,M,M,2.00,WABB 221000Z VRB02KT 9999 FEW018 28/26 Q1011 NOSIG
WABB,2023-10-22 10:30,6.21,M,290.00,3.00,WABB 221030Z 29003KT 120V290 9999 FEW018 27/25 Q1011 NOSIG
WABB,2023-10-22 11:00,6.21,M,310.00,3.00,WABB 221100Z 31003KT 120V310 9999 FEW018 27/25 Q1011 NOSIG
WABB,2023-10-22 11:30,6.21,M,320.00,3.00,WABB 221130Z 32003KT 140V320 9999 FEW018 27/25 Q1011 NOSIG
WABB,2023-10-22 12:00,6.21,M,M,2.00,WABB 221200Z VRB02KT 9999 FEW018 26/25 Q1012 NOSIG
WABB,2023-10-22 12:30,6.21,M,340.00,3.00,WABB 221230Z 34003KT 160V340 9999 FEW018 26/25 Q1012 NOSIG
WABB,2023-10-22 13:00,6.21,M,M,2.00,WABB 221300Z VRB02KT 9999 FEW018 26/25 Q1012 NOSIG
WABB,2023-10-22 13:30,6.21,M,M,2.00,WABB 221330Z VRB02KT 9999 FEW018 26/25 Q1012 NOSIG
WABB,2023-10-22 14:00,6.21,M,M,2.00,WABB 221400Z VRB02KT 9999 FEW018 26/25 Q1011 NOSIG
WABB,2023-10-22 14:30,6.21,M,340.00,3.00,WABB 221430Z 34003KT 160V340 9999 FEW018 26/25 Q1011 NOSIG
WABB,2023-10-22 15:00,6.21,M,330.00,5.00,WABB 221500Z 33005KT 150V330 9999 FEW018 25/24 Q1011 NOSIG
WABB,2023-10-22 15:30,6.21,M,340.00,3.00,WABB 221530Z 34003KT 160V340 9999 FEW018 26/24 Q1010 NOSIG
WABB,2023-10-22 16:00,6.21,M,330.00,3.00,WABB 221600Z 33003KT 150V330 9999 FEW018 26/25 Q1010 NOSIG
WABB,2023-10-22 16:30,6.21,M,320.00,3.00,WABB 221630Z 32003KT 140V320 9999 FEW018 26/24 Q1009 NOSIG
WABB,2023-10-22 17:00,6.21,M,M,2.00,WABB 221700Z VRB02KT 9999 FEW018 26/24 Q1009 NOSIG
WABB,2023-10-22 17:30,6.21,M,300.00,4.00,WABB 221730Z 30004KT 140V300 9999 FEW018 26/25 Q1009 NOSIG
WABB,2023-10-22 18:00,6.21,-RA,290.00,6.00,WABB 221800Z 29006KT 110V290 9999 -RA FEW017CB SCT018 25/24 Q1010 NOSIG RMK CB AT S
WABB,2023-10-22 18:30,6.21,M,320.00,3.00,WABB 221830Z 32003KT 140V320 9999 FEW017CB SCT018 25/24 Q1009 RERA NOSIG RMK CB AT S
WABB,2023-10-22 19:00,6.21,M,320.00,5.00,WABB 221900Z 32005KT 140V320 9999 FEW017CB SCT018 25/23 Q1009 NOSIG RMK CB AT S
WABB,2023-10-22 19:30,6.21,TS,320.00,4.00,WABB 221930Z 32004KT 140V320 9999 TS FEW017CB SCT018 24/23 Q1010 NOSIG RMK CB AT S
WABB,2023-10-22 20:00,6.21,TS,260.00,6.00,WABB 222000Z 26006KT 080V260 9999 TS FEW017CB SCT018 24/23 Q1011 NOSIG RMK CB AT S
WABB,2023-10-22 20:30,6.21,-TSRA,320.00,6.00,WABB 222030Z 32006KT 140V320 9999 -TSRA FEW017CB SCT018 25/23 Q1011 NOSIG RMK CB AT S
WABB,2023-10-22 21:00,6.21,M,340.00,4.00,WABB 222100Z 34004KT 160V340 9999 FEW018 24/23 Q1011 NOSIG
WABB,2023-10-22 21:30,6.21,M,340.00,4.00,WABB 222130Z 34004KT 160V340 9999 FEW018 26/23 Q1011 NOSIG
WABB,2023-10-22 22:00,6.21,M,330.00,3.00,WABB 222200Z 33003KT 150V330 9999 FEW018 27/25 Q1012 NOSIG
WABB,2023-10-22 22:30,6.21,TS,280.00,5.00,WABB 222230Z 28005KT 110V280 9999 TS FEW017CB FEW018 28/26 Q1012 NOSIG RMK CB AT SW
WABB,2023-10-22 23:00,6.21,VCTS,300.00,7.00,WABB 222300Z 30007KT 120V300 9999 VCTS FEW017CB SCT018 28/26 Q1012 NOSIG RMK CB AT SW
WABB,2023-10-22 23:30,5.59,VCSH,330.00,9.00,WABB 222330Z 33009KT 140V330 9000 VCSH FEW017CB SCT018 28/24 Q1012 NOSIG RMK CB AT SW
WABB,2023-10-23 00:00,6.21,M,280.00,3.00,WABB 230000Z 28003KT 280V060 9999 SCT018 29/24 Q1012 NOSIG
WABB,2023-10-23 00:30,6.21,M,220.00,4.00,WABB 230030Z 22004KT 050V220 9999 SCT018 28/25 Q1012 NOSIG
WABB,2023-10-23 01:00,6.21,M,250.00,4.00,WABB 230100Z 25004KT 090V250 9999 SCT018 30/26 Q1011 NOSIG
WABB,2023-10-23 01:30,6.21,TS,250.00,7.00,WABB 230130Z 25007KT 070V250 9999 TS FEW017CB SCT018 30/26 Q1011 NOSIG RMK CB AT S
WABB,2023-10-23 02:00,6.21,M,240.00,9.00,WABB 230200Z 24009KT 090V240 9999 SCT018 SCT100 31/26 Q1010 RETS NOSIG
WABB,2023-10-23 02:30,6.21,M,260.00,9.00,WABB 230230Z 26009KT 080V260 9999 SCT018 BKN100 30/26 Q1010 NOSIG
WABB,2023-10-23 03:00,6.21,M,260.00,10.00,WABB 230300Z 26010KT 060V260 9999 SCT018 BKN100 30/25 Q1010 NOSIG
WABB,2023-10-23 03:30,6.21,M,240.00,12.00,WABB 230330Z 24012KT 080V240 9999 SCT018 30/26 Q1009 NOSIG
WABB,2023-10-23 04:00,6.21,M,260.00,10.00,WABB 230400Z 26010KT 080V260 9999 SCT018 31/26 Q1009 NOSIG
WABB,2023-10-23 04:30,6.21,M,260.00,11.00,WABB 230430Z 26011KT 070V260 9999 SCT018 30/26 Q1008 NOSIG
WABB,2023-10-23 05:00,6.21,M,260.00,10.00,WABB 230500Z 26010KT 070V260 9999 SCT018 30/26 Q1008 NOSIG
WABB,2023-10-23 05:30,6.21,M,240.00,11.00,WABB 230530Z 24011KT 070V240 9999 SCT018 31/26 Q1008 NOSIG
WABB,2023-10-23 06:00,6.21,M,270.00,10.00,WABB 230600Z 27010KT 070V270 9999 SCT018 31/26 Q1008 NOSIG
WABB,2023-10-23 06:30,6.21,M,260.00,16.00,WABB 230630Z 26016KT 080V260 9999 SCT018 30/26 Q1008 NOSIG
WABB,2023-10-23 07:00,6.21,M,270.00,7.00,WABB 230700Z 27007KT 070V270 9999 SCT018 30/25 Q1008 NOSIG
WABB,2023-10-23 07:30,6.21,M,250.00,7.00,WABB 230730Z 25007KT 080V250 9999 SCT018 30/26 Q1008 NOSIG
WABB,2023-10-23 08:00,6.21,M,290.00,9.00,WABB 230800Z 29009KT 100V290 9999 SCT018 30/25 Q1008 NOSIG
WABB,2023-10-23 08:30,6.21,M,290.00,6.00,WABB 230830Z 29006KT 110V290 9999 FEW018 29/25 Q1008 NOSIG
WABB,2023-10-23 09:00,6.21,M,300.00,7.00,WABB 230900Z 30007KT 120V300 9999 FEW018 28/25 Q1009 NOSIG
WABB,2023-10-23 09:30,6.21,M,300.00,4.00,WABB 230930Z 30004KT 120V300 9999 FEW018 28/25 Q1009 NOSIG
WABB,2023-10-23 10:00,6.21,M,330.00,4.00,WABB 231000Z 33004KT 150V330 9999 FEW018 28/25 Q1009 NOSIG
WABB,2023-10-23 10:30,6.21,M,320.00,3.00,WABB 231030Z 32003KT 130V320 9999 FEW018 28/26 Q1010 NOSIG
WABB,2023-10-23 11:00,6.21,M,320.00,3.00,WABB 231100Z 32003KT 150V320 9999 FEW018 27/26 Q1011 NOSIG
WABB,2023-10-23 11:30,6.21,M,300.00,3.00,WABB 231130Z 30003KT 130V300 9999 FEW018 27/26 Q1011 NOSIG
WABB,2023-10-23 12:00,6.21,M,330.00,6.00,WABB 231200Z 33006KT 150V330 9999 FEW018 28/25 Q1011 NOSIG
WABB,2023-10-23 12:30,6.21,M,320.00,7.00,WABB 231230Z 32007KT 150V320 9999 FEW018 27/25 Q1011 NOSIG
WABB,2023-10-23 13:00,6.21,M,330.00,7.00,WABB 231300Z 33007KT 150V330 9999 FEW018 27/25 Q1011 NOSIG
WABB,2023-10-23 13:30,6.21,M,290.00,3.00,WABB 231330Z 29003KT 110V290 9999 FEW018 27/25 Q1011 NOSIG
WABB,2023-10-23 14:00,6.21,M,290.00,5.00,WABB 231400Z 29005KT 110V290 9999 FEW018 27/25 Q1011 NOSIG
WABB,2023-10-23 14:30,6.21,M,310.00,4.00,WABB 231430Z 31004KT 120V310 9999 FEW018 27/25 Q1010 NOSIG
WABB,2023-10-23 15:00,6.21,M,300.00,3.00,WABB 231500Z 30003KT 120V300 9999 FEW018CB 27/25 Q1010 NOSIG RMK CB AT S
WABB,2023-10-23 15:30,6.21,M,310.00,5.00,WABB 231530Z 31005KT 140V310 9999 FEW018CB 26/25 Q1010 NOSIG RMK CB AT S
WABB,2023-10-23 16:00,6.21,M,300.00,4.00,WABB 231600Z 30004KT 120V300 9999 FEW018CB 26/25 Q1009 NOSIG RMK CB AT S
WABB,2023-10-23 16:30,6.21,M,0.00,0.00,WABB 231630Z 00000KT 9999 FEW018CB 26/25 Q1009 NOSIG RMK CB AT S
WABB,2023-10-23 17:00,6.21,M,20.00,3.00,WABB 231700Z 02003KT 020V260 9999 FEW018CB 26/25 Q1009 NOSIG RMK CB AT S
WABB,2023-10-23 17:30,6.21,M,0.00,0.00,WABB 231730Z 00000KT 9999 FEW018CB 25/25 Q1009 NOSIG RMK CB AT S
WABB,2023-10-23 18:00,6.21,M,M,2.00,WABB 231800Z VRB02KT 9999 FEW018CB 26/25 Q1009 NOSIG RMK CB AT S
WABB,2023-10-23 18:30,6.21,M,10.00,3.00,WABB 231830Z 01003KT 010V260 9999 FEW018CB 26/25 Q1009 NOSIG RMK CB AT S
WABB,2023-10-23 19:00,6.21,M,0.00,0.00,WABB 231900Z 00000KT 9999 FEW018CB 25/25 Q1010 NOSIG RMK CB AT S
WABB,2023-10-23 19:30,6.21,M,30.00,3.00,WABB 231930Z 03003KT 230V030 9999 FEW018CB 25/24 Q1010 NOSIG RMK CB AT S
WABB,2023-10-23 20:00,6.21,M,340.00,3.00,WABB 232000Z 34003KT 170V340 9999 FEW018CB 25/25 Q1010 NOSIG RMK CB AT S
WABB,2023-10-23 20:30,6.21,M,330.00,4.00,WABB 232030Z 33004KT 150V330 9999 FEW018CB 25/25 Q1010 NOSIG RMK CB AT S
WABB,2023-10-23 21:00,6.21,M,M,2.00,WABB 232100Z VRB02KT 9999 FEW018 25/25 Q1010 NOSIG
WABB,2023-10-23 21:30,6.21,M,320.00,4.00,WABB 232130Z 32004KT 130V320 9999 FEW018 26/25 Q1011 NOSIG
WABB,2023-10-23 22:00,6.21,M,320.00,6.00,WABB 232200Z 32006KT 140V320 9999 FEW018 27/26 Q1011 NOSIG
WABB,2023-10-23 22:30,6.21,M,310.00,4.00,WABB 232230Z 31004KT 130V310 9999 FEW018 28/25 Q1011 NOSIG
WABB,2023-10-23 23:00,6.21,M,320.00,7.00,WABB 232300Z 32007KT 130V320 9999 FEW018 29/25 Q1011 NOSIG
WABB,2023-10-23 23:30,6.21,M,300.00,6.00,WABB 232330Z 30006KT 9999 FEW018 29/25 Q1011 NOSIG
WABB,2023-10-24 00:00,6.21,M,300.00,6.00,WABB 240000Z 30006KT 9999 FEW018 29/25 Q1011 NOSIG
WABB,2023-10-24 00:30,6.21,M,300.00,6.00,WABB 240030Z 30006KT 9999 FEW018 29/25 Q1011 NOSIG
WABB,2023-10-24 01:00,6.21,M,300.00,6.00,WABB 240100Z 30006KT 9999 FEW018 29/25 Q1011 NOSIG
WABB,2023-10-24 01:30,6.21,M,300.00,6.00,WABB 240130Z 30006KT 9999 FEW018 29/25 Q1011 NOSIG
WABB,2023-10-24 02:00,6.21,M,300.00,6.00,WABB 240200Z 30006KT 9999 FEW018 29/25 Q1011 NOSIG
WABB,2023-10-24 02:30,6.21,M,300.00,6.00,WABB 240230Z 30006KT 9999 FEW018 29/25 Q1011 NOSIG
WABB,2023-10-24 03:00,6.21,M,300.00,6.00,WABB 240300Z 30006KT 9999 FEW018 29/25 Q1011 NOSIG
WABB,2023-10-24 03:30,6.21,M,300.00,6.00,WABB 240330Z 30006KT 9999 FEW018 29/25 Q1011 NOSIG
WABB,2023-10-24 04:00,6.21,M,300.00,6.00,WABB 240400Z 30006KT 9999 FEW018 29/25 Q1011 NOSIG
WABB,2023-10-24 04:30,6.21,M,300.00,6.00,WABB 240430Z 30006KT 9999 FEW018 29/25 Q1011 NOSIG
WABB,2023-10-24 05:00,6.21,M,300.00,6.00,WABB 240500Z 30006KT 9999 SCT018 29/25 Q1011 NOSIG
WABB,2023-10-24 05:30,6.21,M,300.00,6.00,WABB 240530Z 30006KT 9999 SCT018 29/25 Q1011 NOSIG
WABB,2023-10-24 06:00,6.21,M,300.00,6.00,WABB 240600Z 30006KT 9999 SCT018 29/25 Q1011 NOSIG
WABB,2023-10-24 06:30,6.21,M,300.00,6.00,WABB 240630Z 30006KT 9999 SCT018 29/25 Q1011 NOSIG
WABB,2023-10-24 07:00,6.21,M,300.00,6.00,WABB 240700Z 30006KT 9999 SCT018 29/25 Q1011 NOSIG
WABB,2023-10-24 07:30,6.21,M,300.00,6.00,WABB 240730Z 30006KT 9999 SCT018 29/25 Q1011 NOSIG
WABB,2023-10-24 08:00,6.21,M,300.00,6.00,WABB 240800Z 30006KT 9999 SCT018 29/25 Q1011 NOSIG
WABB,2023-10-24 08:30,6.21,M,300.00,6.00,WABB 240830Z 30006KT 9999 SCT018 29/25 Q1011 NOSIG
WABB,2023-10-24 09:00,6.21,M,300.00,6.00,WABB 240900Z 30006KT 9999 SCT018 29/25 Q1011 NOSIG
WABB,2023-10-24 09:30,6.21,M,300.00,6.00,WABB 240930Z 30006KT 9999 SCT018 29/25 Q1011 NOSIG
WABB,2023-10-24 10:00,6.21,M,300.00,6.00,WABB 241000Z 30006KT 9999 SCT018 29/25 Q1011 NOSIG
WABB,2023-10-24 10:30,6.21,M,300.00,6.00,WABB 241030Z 30006KT 9999 SCT018 29/25 Q1011 NOSIG
WABB,2023-10-24 11:00,6.21,M,300.00,6.00,WABB 241100Z 30006KT 9999 SCT018 29/25 Q1011 NOSIG
WABB,2023-10-24 11:30,6.21,M,300.00,6.00,WABB 241130Z 30006KT 9999 SCT018 29/25 Q1011 NOSIG
WABB,2023-10-24 12:00,6.21,M,300.00,6.00,WABB 241200Z 30006KT 9999 SCT018 29/25 Q1011 NOSIG
WABB,2023-10-24 12:30,6.21,M,300.00,6.00,WABB 241230Z 30006KT 9999 SCT018 29/25 Q1011 NOSIG
WABB,2023-10-24 13:30,6.21,M,300.00,6.00,WABB 241330Z 30006KT 9999 SCT018 29/25 Q1011 NOSIG
WABB,2023-10-24 14:00,6.21,M,300.00,6.00,WABB 241400Z 30006KT 9999 SCT018 29/25 Q1011 NOSIG
WABB,2023-10-24 14:30,6.21,M,300.00,6.00,WABB 241430Z 30006KT 9999 SCT018 29/25 Q1011 NOSIG
WABB,2023-10-24 15:00,6.21,M,300.00,6.00,WABB 241500Z 30006KT 9999 SCT018 29/25 Q1011 NOSIG
WABB,2023-10-24 15:30,6.21,M,300.00,6.00,WABB 241530Z 30006KT 9999 SCT018 29/25 Q1011 NOSIG
WABB,2023-10-24 16:00,6.21,M,300.00,6.00,WABB 241600Z 30006KT 9999 SCT018 29/25 Q1011 NOSIG
WABB,2023-10-24 16:30,6.21,M,300.00,6.00,WABB 241630Z 30006KT 9999 SCT018 29/25 Q1011 NOSIG
WABB,2023-10-24 17:00,6.21,M,300.00,6.00,WABB 241700Z 30006KT 9999 SCT018 29/25 Q1011 NOSIG
WABB,2023-10-24 17:30,6.21,M,300.00,6.00,WABB 241730Z 30006KT 9999 SCT018 29/25 Q1011 NOSIG
WABB,2023-10-24 18:00,6.21,M,300.00,6.00,WABB 241800Z 30006KT 9999 SCT018 29/25 Q1011 NOSIG
WABB,2023-10-24 18:30,6.21,M,300.00,6.00,WABB 241830Z 30006KT 9999 SCT018 29/25 Q1011 NOSIG
WABB,2023-10-24 19:00,6.21,M,300.00,6.00,WABB 241900Z 30006KT 9999 SCT018 29/25 Q1011 NOSIG
WABB,2023-10-24 19:30,6.21,M,300.00,6.00,WABB 241930Z 30006KT 9999 SCT018 29/25 Q1011 NOSIG
WABB,2023-10-24 20:00,6.21,M,300.00,6.00,WABB 242000Z 30006KT 9999 SCT018 29/25 Q1011 NOSIG
WABB,2023-10-24 20:30,6.21,M,300.00,6.00,WABB 242030Z 30006KT 9999 FEW018 29/25 Q1011 NOSIG
WABB,2023-10-24 21:00,6.21,M,300.00,6.00,WABB 242100Z 30006KT 9999 FEW018 29/25 Q1011 NOSIG
WABB,2023-10-24 21:30,6.21,M,300.00,6.00,WABB 242130Z 30006KT 9999 FEW018 29/25 Q1011 NOSIG
WABB,2023-10-24 22:00,6.21,M,300.00,6.00,WABB 242200Z 30006KT 9999 FEW018 29/25 Q1011 NOSIG
WABB,2023-10-24 22:30,6.21,M,300.00,6.00,WABB 242230Z 30006KT 9999 FEW018 29/25 Q1011 NOSIG
WABB,2023-10-24 23:00,6.21,M,300.00,6.00,WABB 242300Z 30006KT 9999 FEW018 29/25 Q1011 NOSIG
WABB,2023-10-24 23:30,6.21,M,300.00,6.00,WABB 242330Z 30006KT 9999 FEW018 29/25 Q1011 NOSIG
WABB,2023-10-25 00:00,5.59,M,300.00,6.00,WABB 250000Z 30006KT 9000 BKN018 29/25 Q1011 RERA NOSIG
WABB,2023-10-25 00:30,5.59,M,300.00,6.00,WABB 250030Z 30006KT 9000 BKN018 29/25 Q1011 NOSIG
WABB,2023-10-25 01:00,5.59,M,300.00,6.00,WABB 250100Z 30006KT 9000 BKN018 29/25 Q1011 NOSIG
WABB,2023-10-25 01:30,5.59,M,300.00,6.00,WABB 250130Z 30006KT 9000 BKN018 29/25 Q1011 NOSIG
WABB,2023-10-25 02:00,6.21,M,300.00,6.00,WABB 250200Z 30006KT 9999 SCT018 29/25 Q1011 NOSIG
WABB,2023-10-25 02:30,6.21,M,300.00,6.00,WABB 250230Z 30006KT 9999 SCT018 29/25 Q1011 NOSIG
WABB,2023-10-25 03:00,6.21,M,300.00,6.00,WABB 250300Z 30006KT 9999 SCT018 29/25 Q1011 NOSIG
WABB,2023-10-25 03:30,6.21,M,300.00,6.00,WABB 250330Z 30006KT 9999 SCT018 29/25 Q1011 NOSIG
WABB,2023-10-25 04:00,6.21,M,300.00,6.00,WABB 250400Z 30006KT 9999 SCT018 29/25 Q1011 NOSIG
WABB,2023-10-25 04:30,6.21,M,300.00,6.00,WABB 250430Z 30006KT 9999 SCT018 29/25 Q1011 NOSIG
WABB,2023-10-25 05:00,6.21,M,360.00,5.00,WABB 250500Z 36005KT 9999 SCT018 29/25 Q1011 NOSIG
WABB,2023-10-25 06:00,6.21,M,240.00,6.00,WABB 250600Z 24006KT 050V240 9999 SCT018 30/25 Q1007 NOSIG
WABB,2023-10-25 06:30,6.21,M,260.00,11.00,WABB 250630Z 26011KT 070V260 9999 SCT018 30/25 Q1007 NOSIG
WABB,2023-10-25 07:00,6.21,M,260.00,7.00,WABB 250700Z 26007KT 080V260 9999 SCT018 30/24 Q1008 NOSIG
WABB,2023-10-25 07:30,6.21,M,260.00,7.00,WABB 250730Z 26007KT 080V260 9999 SCT018 30/25 Q1008 NOSIG
WABB,2023-10-25 08:00,6.21,M,290.00,9.00,WABB 250800Z 29009KT 100V290 9999 SCT018 30/25 Q1008 NOSIG
WABB,2023-10-25 09:00,6.21,M,260.00,6.00,WABB 250900Z 26006KT 080V260 9999 FEW018 30/24 Q1009 NOSIG
WABB,2023-10-25 09:30,6.21,M,290.00,5.00,WABB 250930Z 29005KT 100V290 9999 FEW018 28/24 Q1009 NOSIG
WABB,2023-10-25 10:00,6.21,M,340.00,3.00,WABB 251000Z 34003KT 160V340 9999 FEW018 28/24 Q1010 NOSIG
WABB,2023-10-25 10:30,6.21,M,340.00,4.00,WABB 251030Z 34004KT 160V340 9999 FEW018 27/24 Q1010 NOSIG
WABB,2023-10-25 11:00,6.21,M,M,2.00,WABB 251100Z VRB02KT 9999 FEW018 27/24 Q1010 NOSIG
WABB,2023-10-25 11:30,6.21,M,340.00,4.00,WABB 251130Z 34004KT 160V340 9999 FEW018 27/24 Q1011 NOSIG
WABB,2023-10-25 12:00,6.21,M,340.00,5.00,WABB 251200Z 34005KT 150V340 9999 FEW018 27/25 Q1011 NOSIG
WABB,2023-10-25 12:30,6.21,M,320.00,3.00,WABB 251230Z 32003KT 140V320 9999 FEW018 27/25 Q1011 NOSIG
WABB,2023-10-25 13:00,6.21,M,320.00,4.00,WABB 251300Z 32004KT 140V320 9999 FEW018 26/25 Q1011 NOSIG
WABB,2023-10-25 13:30,6.21,M,320.00,4.00,WABB 251330Z 32004KT 140V320 9999 FEW018 26/24 Q1011 NOSIG
WABB,2023-10-25 14:00,6.21,M,310.00,4.00,WABB 251400Z 31004KT 130V310 9999 FEW018 26/24 Q1010 NOSIG
WABB,2023-10-25 14:30,6.21,M,M,2.00,WABB 251430Z VRB02KT 9999 FEW018 26/24 Q1011 NOSIG
WABB,2023-10-25 15:00,6.21,M,310.00,4.00,WABB 251500Z 31004KT 140V310 9999 FEW018 26/24 Q1010 NOSIG
WABB,2023-10-25 15:30,6.21,M,310.00,7.00,WABB 251530Z 31007KT 140V310 9999 FEW018 26/24 Q1010 NOSIG
WABB,2023-10-25 16:00,6.21,M,340.00,3.00,WABB 251600Z 34003KT 150V340 9999 FEW018 26/24 Q1010 NOSIG
WABB,2023-10-25 16:30,6.21,M,360.00,3.00,WABB 251630Z 36003KT 260V360 9999 FEW018 26/24 Q1010 NOSIG
WABB,2023-10-25 17:00,6.21,M,350.00,6.00,WABB 251700Z 35006KT 170V350 9999 FEW018 26/24 Q1009 NOSIG
WABB,2023-10-25 17:30,6.21,M,340.00,5.00,WABB 251730Z 34005KT 170V340 9999 FEW018 26/24 Q1009 NOSIG
WABB,2023-10-25 18:00,6.21,M,340.00,10.00,WABB 251800Z 34010KT 160V340 9999 FEW018 27/24 Q1009 NOSIG
WABB,2023-10-25 18:30,6.21,M,320.00,5.00,WABB 251830Z 32005KT 140V320 9999 FEW018 26/24 Q1009 NOSIG
WABB,2023-10-25 19:00,6.21,M,340.00,4.00,WABB 251900Z 34004KT 160V340 9999 FEW018 26/24 Q1009 NOSIG
WABB,2023-10-25 19:30,6.21,M,320.00,4.00,WABB 251930Z 32004KT 140V320 9999 FEW018 26/24 Q1010 NOSIG
WABB,2023-10-25 20:00,6.21,M,320.00,4.00,WABB 252000Z 32004KT 140V320 9999 FEW018 26/24 Q1010 NOSIG
WABB,2023-10-25 20:30,6.21,M,290.00,3.00,WABB 252030Z 29003KT 110V290 9999 FEW018 26/24 Q1010 NOSIG
WABB,2023-10-25 21:00,6.21,M,260.00,4.00,WABB 252100Z 26004KT 080V260 9999 FEW018 26/24 Q1010 NOSIG
WABB,2023-10-25 21:30,6.21,M,330.00,3.00,WABB 252130Z 33003KT 150V330 9999 FEW018 26/24 Q1010 NOSIG
WABB,2023-10-25 22:00,6.21,M,340.00,4.00,WABB 252200Z 34004KT 160V340 9999 FEW018 27/24 Q1010 NOSIG
WABB,2023-10-25 22:30,6.21,M,310.00,6.00,WABB 252230Z 31006KT 130V310 9999 FEW018 28/25 Q1011 NOSIG
WABB,2023-10-25 23:00,6.21,M,M,2.00,WABB 252300Z VRB02KT 9999 FEW018 28/25 Q1011 NOSIG
WABB,2023-10-25 23:30,6.21,M,220.00,3.00,WABB 252330Z 22003KT 050V220 9999 FEW018 29/25 Q1012 NOSIG
WABB,2023-10-26 00:00,6.21,M,260.00,4.00,WABB 260000Z 26004KT 080V260 9999 FEW018 29/25 Q1011 NOSIG
WABB,2023-10-26 00:30,6.21,M,M,2.00,WABB 260030Z VRB02KT 9999 FEW018 30/25 Q1011 NOSIG
WABB,2023-10-26 01:00,6.21,M,M,2.00,WABB 260100Z VRB02KT 9999 FEW018 30/25 Q1011 NOSIG
WABB,2023-10-26 01:30,6.21,M,M,2.00,WABB 260130Z VRB02KT 9999 FEW018 30/25 Q1011 NOSIG
WABB,2023-10-26 02:00,6.21,M,200.00,3.00,WABB 260200Z 20003KT 020V200 9999 FEW018 30/26 Q1010 NOSIG
WABB,2023-10-26 04:30,6.21,M,260.00,10.00,WABB 260430Z 26010KT 080V260 9999 FEW018 31/26 Q1008 NOSIG
WABB,2023-10-26 05:00,6.21,M,240.00,10.00,WABB 260500Z 24010KT 060V240 9999 FEW018 31/26 Q1008 NOSIG
WABB,2023-10-26 05:30,6.21,M,260.00,8.00,WABB 260530Z 26008KT 080V260 9999 FEW018 31/25 Q1008 NOSIG
WABB,2023-10-26 06:00,6.21,M,250.00,8.00,WABB 260600Z 25008KT 080V250 9999 FEW018 31/25 Q1008 NOSIG
WABB,2023-10-26 06:30,6.21,M,250.00,10.00,WABB 260630Z 25010KT 070V250 9999 FEW018 30/26 Q1008 NOSIG
WABB,2023-10-26 07:00,6.21,M,280.00,6.00,WABB 260700Z 28006KT 090V280 9999 FEW018 30/25 Q1008 NOSIG
WABB,2023-10-26 07:30,6.21,M,270.00,7.00,WABB 260730Z 27007KT 080V270 9999 FEW018 30/25 Q1008 NOSIG
WABB,2023-10-26 08:00,6.21,M,240.00,9.00,WABB 260800Z 24009KT 080V240 9999 FEW018 30/25 Q1008 NOSIG
WABB,2023-10-26 08:30,6.21,M,280.00,8.00,WABB 260830Z 28008KT 100V280 9999 FEW018 29/24 Q1009 NOSIG
WABB,2023-10-26 09:00,6.21,M,290.00,5.00,WABB 260900Z 29005KT 100V290 9999 FEW018 29/24 Q1009 NOSIG
WABB,2023-10-26 09:30,6.21,M,350.00,3.00,WABB 260930Z 35003KT 170V350 9999 FEW018 28/25 Q1010 NOSIG
WABB,2023-10-26 10:00,6.21,M,0.00,0.00,WABB 261000Z 00000KT 9999 FEW018 28/25 Q1010 NOSIG
WABB,2023-10-26 10:30,6.21,M,320.00,3.00,WABB 261030Z 32003KT 130V320 9999 FEW018 27/25 Q1011 NOSIG
WABB,2023-10-26 11:00,6.21,M,320.00,4.00,WABB 261100Z 32004KT 140V320 9999 FEW018 27/25 Q1011 NOSIG
WABB,2023-10-26 11:30,6.21,M,320.00,5.00,WABB 261130Z 32005KT 140V320 9999 FEW018 27/25 Q1011 NOSIG
WABB,2023-10-26 12:00,6.21,M,320.00,5.00,WABB 261200Z 32005KT 140V320 9999 FEW018 27/25 Q1011 NOSIG
WABB,2023-10-26 12:30,6.21,M,310.00,4.00,WABB 261230Z 31004KT 130V310 9999 FEW018 27/25 Q1011 NOSIG
WABB,2023-10-26 13:00,6.21,M,320.00,5.00,WABB 261300Z 32005KT 140V320 9999 FEW018 27/25 Q1011 NOSIG
WABB,2023-10-26 13:30,6.21,M,320.00,5.00,WABB 261330Z 32005KT 140V320 9999 FEW018 26/25 Q1011 NOSIG
WABB,2023-10-26 14:00,6.21,M,320.00,4.00,WABB 261400Z 32004KT 140V320 9999 FEW018 26/25 Q1011 NOSIG
WABB,2023-10-26 14:30,6.21,M,330.00,4.00,WABB 261430Z 33004KT 140V330 9999 FEW018 26/25 Q1011 NOSIG
WABB,2023-10-26 15:00,6.21,M,340.00,3.00,WABB 261500Z 34003KT 160V340 9999 FEW018 26/25 Q1010 NOSIG
WABB,2023-10-26 15:30,6.21,M,M,2.00,WABB 261530Z VRB02KT 9999 FEW018 26/25 Q1010 NOSIG
WABB,2023-10-26 16:00,6.21,M,30.00,3.00,WABB 261600Z 03003KT 030V250 9999 FEW018 26/25 Q1010 NOSIG
WABB,2023-10-26 16:30,6.21,M,340.00,3.00,WABB 261630Z 34003KT 160V340 9999 FEW018 26/24 Q1010 NOSIG
WABB,2023-10-26 17:00,6.21,M,360.00,5.00,WABB 261700Z 36005KT 170V360 9999 FEW018 26/24 Q1009 NOSIG
WABB,2023-10-26 17:30,6.21,M,M,2.00,WABB 261730Z VRB02KT 9999 FEW018 26/24 Q1009 NOSIG
WABB,2023-10-26 18:00,6.21,M,M,2.00,WABB 261800Z VRB02KT 9999 FEW018 26/25 Q1009 NOSIG
WABB,2023-10-26 18:30,6.21,M,0.00,0.00,WABB 261830Z 00000KT 9999 FEW018 26/24 Q1009 NOSIG
WABB,2023-10-26 19:00,6.21,M,M,2.00,WABB 261900Z VRB02KT 9999 FEW018 25/24 Q1009 NOSIG
WABB,2023-10-26 19:30,6.21,M,20.00,4.00,WABB 261930Z 02004KT 020V250 9999 FEW018 25/24 Q1010 NOSIG
WABB,2023-10-26 20:00,6.21,M,M,2.00,WABB 262000Z VRB02KT 9999 FEW018 26/24 Q1010 NOSIG
WABB,2023-10-26 20:30,6.21,M,0.00,0.00,WABB 262030Z 00000KT 9999 FEW018 25/24 Q1010 NOSIG
WABB,2023-10-26 21:00,6.21,M,M,2.00,WABB 262100Z VRB02KT 9999 FEW018 25/24 Q1011 NOSIG
WABB,2023-10-26 21:30,6.21,M,M,2.00,WABB 262130Z VRB02KT 9999 FEW018 25/24 Q1011 NOSIG
WABB,2023-10-26 22:00,6.21,M,M,2.00,WABB 262200Z VRB02KT 9999 FEW018 28/25 Q1011 NOSIG
WABB,2023-10-26 22:30,6.21,M,60.00,3.00,WABB 262230Z 06003KT 210V060 9999 FEW018 30/25 Q1012 NOSIG
WABB,2023-10-26 23:00,6.21,M,140.00,3.00,WABB 262300Z 14003KT 9999 FEW018 29/25 Q1012 NOSIG
WABB,2023-10-26 23:30,6.21,M,M,2.00,WABB 262330Z VRB02KT 9999 FEW018 30/24 Q1012 NOSIG
WABB,2023-10-27 00:00,6.21,M,150.00,2.00,WABB 270000Z 15002KT 9999 FEW018 31/26 Q1012 NOSIG
WABB,2023-10-27 00:30,6.21,M,140.00,5.00,WABB 270030Z 14005KT 100V160 9999 FEW018 31/24 Q1012 NOSIG
WABB,2023-10-27 01:00,6.21,M,130.00,3.00,WABB 270100Z 13003KT 9999 FEW018 31/25 Q1012 NOSIG
WABB,2023-10-27 01:30,6.21,M,170.00,5.00,WABB 270130Z 17005KT 110V170 9999 FEW018 31/25 Q1012 NOSIG
WABB,2023-10-27 02:00,6.21,M,160.00,4.00,WABB 270200Z 16004KT 100V160 9999 FEW018 31/25 Q1011 NOSIG
WABB,2023-10-27 02:30,6.21,M,150.00,6.00,WABB 270230Z 15006KT 110V170 9999 FEW018 31/26 Q1011 NOSIG
WABB,2023-10-27 03:00,6.21,M,140.00,3.00,WABB 270300Z 14003KT 090V160 9999 SCT018 31/26 Q1011 NOSIG
WABB,2023-10-27 03:30,6.21,M,M,2.00,WABB 270330Z VRB02KT 9999 SCT018 31/26 Q1010 NOSIG
WABB,2023-10-27 04:00,6.21,M,160.00,6.00,WABB 270400Z 16006KT 100V160 9999 SCT018 31/26 Q1010 NOSIG
WABB,2023-10-27 04:30,6.21,M,170.00,5.00,WABB 270430Z 17005KT 110V170 9999 SCT018 31/25 Q1010 NOSIG
WABB,2023-10-27 05:00,3.11,M,10.00,8.00,WABB 270500Z 01008KT 010V260 5000 SCT018 29/25 Q1010 NOSIG
WABB,2023-10-27 05:30,3.11,RA,300.00,5.00,WABB 270530Z 30005KT 120V300 5000 RA FEW017CB SCT018 24/23 Q1010 NOSIG RMK CB OVER THE FIELD
WABB,2023-10-27 06:00,4.97,RA,M,2.00,WABB 270600Z VRB02KT 8000 RA FEW017CB SCT018 25/24 Q1009 NOSIG RMK CB OVER THE FIELD
WABB,2023-10-27 06:30,6.21,M,M,2.00,WABB 270630Z VRB02KT 9999 SCT018 26/25 Q1009 NOSIG
WABB,2023-10-27 07:00,6.21,M,M,2.00,WABB 270700Z VRB02KT 9999 SCT018 27/25 Q1009 NOSIG
WABB,2023-10-27 07:30,6.21,M,330.00,5.00,WABB 270730Z 33005KT 150V330 9999 SCT018 28/24 Q1009 NOSIG
WABB,2023-10-27 08:00,6.21,M,310.00,3.00,WABB 270800Z 31003KT 130V310 9999 SCT018 28/24 Q1009 NOSIG
WABB,2023-10-27 08:30,6.21,M,340.00,3.00,WABB 270830Z 34003KT 160V340 9999 SCT018 27/24 Q1009 NOSIG
WABB,2023-10-27 09:00,6.21,M,M,2.00,WABB 270900Z VRB02KT 9999 SCT018 27/25 Q1009 NOSIG
WABB,2023-10-27 09:30,6.21,M,M,2.00,WABB 270930Z VRB02KT 9999 SCT018 26/25 Q1010 NOSIG
WABB,2023-10-27 10:00,6.21,M,M,2.00,WABB 271000Z VRB02KT 9999 SCT018 26/25 Q1010 NOSIG
WABB,2023-10-27 10:30,6.21,M,0.00,0.00,WABB 271030Z 00000KT 9999 SCT018 26/24 Q1010 NOSIG
WABB,2023-10-27 11:00,6.21,M,0.00,0.00,WABB 271100Z 00000KT 9999 SCT018 26/24 Q1011 NOSIG
WABB,2023-10-27 11:30,6.21,M,M,2.00,WABB 271130Z VRB02KT 9999 SCT018 25/24 Q1011 NOSIG
WABB,2023-10-27 12:00,6.21,M,50.00,3.00,WABB 271200Z 05003KT 220V050 9999 SCT018 25/24 Q1011 NOSIG
WABB,2023-10-27 12:30,6.21,M,M,2.00,WABB 271230Z VRB02KT 9999 SCT018 25/25 Q1011 NOSIG
WABB,2023-10-27 13:00,6.21,M,M,2.00,WABB 271300Z VRB02KT 9999 SCT018 25/24 Q1011 NOSIG
WABB,2023-10-27 13:30,6.21,M,0.00,0.00,WABB 271330Z 00000KT 9999 SCT018 25/24 Q1011 NOSIG
WABB,2023-10-27 14:00,6.21,M,M,2.00,WABB 271400Z VRB02KT 9999 SCT018 25/24 Q1010 NOSIG
WABB,2023-10-27 14:30,6.21,M,0.00,0.00,WABB 271430Z 00000KT 9999 SCT018 25/24 Q1010 NOSIG
WABB,2023-10-27 15:00,6.21,M,M,2.00,WABB 271500Z VRB02KT 9999 SCT018 25/24 Q1010 NOSIG
WABB,2023-10-27 15:30,6.21,M,M,2.00,WABB 271530Z VRB02KT 9999 SCT018 25/25 Q1010 NOSIG
WABB,2023-10-27 16:00,6.21,M,300.00,3.00,WABB 271600Z 30003KT 120V300 9999 SCT018 26/24 Q1009 NOSIG
WABB,2023-10-27 16:30,6.21,M,M,2.00,WABB 271630Z VRB02KT 9999 SCT018 26/24 Q1009 NOSIG
WABB,2023-10-27 17:00,6.21,M,300.00,4.00,WABB 271700Z 30004KT 120V300 9999 SCT018 26/24 Q1009 NOSIG
WABB,2023-10-27 17:30,6.21,M,0.00,0.00,WABB 271730Z 00000KT 9999 SCT018 25/24 Q1009 NOSIG
WABB,2023-10-27 18:00,6.21,M,0.00,0.00,WABB 271800Z 00000KT 9999 SCT018 25/24 Q1008 NOSIG
WABB,2023-10-27 18:30,6.21,M,320.00,4.00,WABB 271830Z 32004KT 140V320 9999 SCT018 26/24 Q1008 NOSIG
WABB,2023-10-27 19:00,6.21,M,M,2.00,WABB 271900Z VRB02KT 9999 SCT018 26/24 Q1008 NOSIG
WABB,2023-10-27 19:30,6.21,M,M,2.00,WABB 271930Z VRB02KT 9999 SCT018 26/25 Q1008 NOSIG
WABB,2023-10-27 20:00,6.21,M,M,2.00,WABB 272000Z VRB02KT 9999 SCT018 25/25 Q1008 NOSIG
WABB,2023-10-27 20:30,6.21,M,M,2.00,WABB 272030Z VRB02KT 9999 SCT018 26/25 Q1009 NOSIG
WABB,2023-10-27 21:00,6.21,M,M,2.00,WABB 272100Z VRB02KT 9999 SCT018 25/25 Q1009 NOSIG
WABB,2023-10-27 21:30,6.21,M,M,2.00,WABB 272130Z VRB02KT 9999 SCT018 26/25 Q1009 NOSIG
WABB,2023-10-27 22:00,6.21,M,240.00,5.00,WABB 272200Z 24005KT 070V240 9999 SCT018 29/25 Q1009 NOSIG
WABB,2023-10-27 22:30,6.21,M,210.00,3.00,WABB 272230Z 21003KT 050V210 9999 SCT018 29/26 Q1010 NOSIG
WABB,2023-10-27 23:00,6.21,M,250.00,3.00,WABB 272300Z 25003KT 050V250 9999 SCT018 29/26 Q1010 NOSIG
WABB,2023-10-27 23:30,6.21,M,250.00,5.00,WABB 272330Z 25005KT 080V250 9999 SCT018 29/25 Q1011 NOSIG
WABB,2023-10-28 00:00,6.21,M,230.00,3.00,WABB 280000Z 23003KT 050V230 9999 SCT018 30/26 Q1011 NOSIG
WABB,2023-10-28 00:30,6.21,M,260.00,3.00,WABB 280030Z 26003KT 070V260 9999 SCT018 30/25 Q1011 NOSIG
WABB,2023-10-28 01:00,6.21,M,240.00,7.00,WABB 280100Z 24007KT 070V240 9999 SCT018 30/25 Q1011 NOSIG
WABB,2023-10-28 01:30,6.21,M,250.00,5.00,WABB 280130Z 25005KT 080V250 9999 SCT018 30/25 Q1011 NOSIG
WABB,2023-10-28 02:00,6.21,M,280.00,5.00,WABB 280200Z 28005KT 100V280 9999 SCT018 32/26 Q1011 NOSIG
WABB,2023-10-28 02:30,6.21,M,220.00,6.00,WABB 280230Z 22006KT 050V220 9999 SCT018 31/26 Q1010 NOSIG
WABB,2023-10-28 03:00,6.21,M,220.00,7.00,WABB 280300Z 22007KT 040V220 9999 SCT018 31/26 Q1010 NOSIG
WABB,2023-10-28 03:30,6.21,M,230.00,4.00,WABB 280330Z 23004KT 040V230 9999 SCT018 31/25 Q1010 NOSIG
WABB,2023-10-28 04:00,6.21,M,220.00,7.00,WABB 280400Z 22007KT 050V220 9999 SCT018 31/25 Q1009 NOSIG
WABB,2023-10-28 04:30,6.21,M,240.00,6.00,WABB 280430Z 24006KT 060V240 9999 SCT018 31/25 Q1009 NOSIG
WABB,2023-10-28 05:00,6.21,TS,250.00,3.00,WABB 280500Z 25003KT 060V250 9999 TS FEW018CB SCT018 30/25 Q1009 NOSIG RMK CB AT N
WABB,2023-10-28 05:30,6.21,TS,250.00,4.00,WABB 280530Z 25004KT 070V250 9999 TS FEW018CB SCT018 30/25 Q1009 NOSIG RMK CB AT N
WABB,2023-10-28 06:00,6.21,TS,360.00,6.00,WABB 280600Z 36006KT 260V360 9999 TS FEW018CB SCT018 29/25 Q1009 NOSIG RMK CB AT N
WABB,2023-10-28 06:30,6.21,TS,310.00,5.00,WABB 280630Z 31005KT 140V310 9999 TS FEW018CB SCT018 29/24 Q1009 NOSIG RMK CB AT N
WABB,2023-10-28 07:00,6.21,TS,20.00,4.00,WABB 280700Z 02004KT 020V250 9999 TS FEW018CB SCT018 29/24 Q1009 NOSIG RMK CB AT N
WABB,2023-10-28 07:30,6.21,M,10.00,4.00,WABB 280730Z 01004KT 010V260 9999 FEW018CB SCT018 29/24 Q1009 NOSIG RMK CB AT N
WABB,2023-10-28 08:00,6.21,M,M,2.00,WABB 280800Z VRB02KT 9999 FEW018CB SCT018 28/24 Q1009 NOSIG RMK CB AT N
WABB,2023-10-28 08:30,6.21,M,M,2.00,WABB 280830Z VRB02KT 9999 FEW018CB SCT018 27/24 Q1009 NOSIG RMK CB AT N
WABB,2023-10-28 09:00,6.21,M,M,2.00,WABB 280900Z VRB02KT 9999 FEW018CB SCT018 27/24 Q1009 NOSIG RMK CB AT N
WABB,2023-10-28 09:30,6.21,M,0.00,0.00,WABB 280930Z 00000KT 9999 FEW018CB SCT018 27/24 Q1010 NOSIG RMK CB AT N
WABB,2023-10-28 10:00,6.21,M,M,2.00,WABB 281000Z VRB02KT 9999 FEW018CB SCT018 26/25 Q1010 NOSIG RMK CB AT N
WABB,2023-10-28 10:30,6.21,M,320.00,3.00,WABB 281030Z 32003KT 130V320 9999 FEW018CB SCT018 27/24 Q1010 NOSIG RMK CB AT N
WABB,2023-10-28 11:00,6.21,M,M,2.00,WABB 281100Z VRB02KT 9999 SCT018 26/24 Q1011 NOSIG
WABB,2023-10-28 11:30,6.21,M,M,2.00,WABB 281130Z VRB02KT 9999 SCT018 27/25 Q1011 NOSIG
WABB,2023-10-28 12:00,6.21,M,M,2.00,WABB 281200Z VRB02KT 9999 SCT018 27/25 Q1011 NOSIG
WABB,2023-10-28 12:30,6.21,M,M,2.00,WABB 281230Z VRB02KT 9999 SCT018 27/25 Q1011 NOSIG
WABB,2023-10-28 13:00,6.21,M,M,2.00,WABB 281300Z VRB02KT 9999 SCT018 26/25 Q1011 NOSIG
WABB,2023-10-28 13:30,6.21,M,M,2.00,WABB 281330Z VRB02KT 9999 SCT018 27/25 Q1011 NOSIG
WABB,2023-10-28 14:00,6.21,M,M,2.00,WABB 281400Z VRB02KT 9999 SCT018 26/25 Q1011 NOSIG
WABB,2023-10-28 14:30,6.21,M,20.00,3.00,WABB 281430Z 02003KT 020V250 9999 SCT018 26/25 Q1011 NOSIG
WABB,2023-10-28 15:00,6.21,M,40.00,4.00,WABB 281500Z 04004KT 230V040 9999 SCT018 27/24 Q1011 NOSIG
WABB,2023-10-28 15:30,6.21,M,50.00,3.00,WABB 281530Z 05003KT 230V050 9999 SCT018 26/25 Q1010 NOSIG
WABB,2023-10-28 16:00,6.21,M,10.00,5.00,WABB 281600Z 01005KT 010V260 9999 SCT018 26/25 Q1010 NOSIG
WABB,2023-10-28 16:30,6.21,M,50.00,3.00,WABB 281630Z 05003KT 220V050 9999 SCT018 27/25 Q1010 NOSIG
WABB,2023-10-28 17:00,6.21,M,40.00,4.00,WABB 281700Z 04004KT 230V040 9999 FEW018 26/25 Q1009 NOSIG
WABB,2023-10-28 17:30,6.21,M,20.00,4.00,WABB 281730Z 02004KT 020V250 9999 FEW018 26/25 Q1009 NOSIG
WABB,2023-10-28 18:00,6.21,M,40.00,4.00,WABB 281800Z 04004KT 240V040 9999 FEW018 26/25 Q1009 NOSIG
WABB,2023-10-28 18:30,6.21,M,20.00,3.00,WABB 281830Z 02003KT 020V240 9999 FEW018 27/25 Q1009 NOSIG
WABB,2023-10-28 19:00,6.21,M,40.00,3.00,WABB 281900Z 04003KT 230V040 9999 FEW018 27/25 Q1009 NOSIG
WABB,2023-10-28 19:30,6.21,M,M,2.00,WABB 281930Z VRB02KT 9999 FEW018 27/25 Q1009 NOSIG
WABB,2023-10-28 20:00,6.21,M,M,2.00,WABB 282000Z VRB02KT 9999 FEW018 27/26 Q1009 NOSIG
WABB,2023-10-28 20:30,6.21,M,30.00,3.00,WABB 282030Z 03003KT 030V240 9999 FEW018 27/26 Q1010 NOSIG
WABB,2023-10-28 21:00,6.21,M,10.00,3.00,WABB 282100Z 01003KT 010V260 9999 FEW018 26/25 Q1010 NOSIG
WABB,2023-10-28 21:30,6.21,M,40.00,4.00,WABB 282130Z 04004KT 240V040 9999 FEW018 27/26 Q1010 NOSIG
WABB,2023-10-28 22:00,6.21,M,70.00,4.00,WABB 282200Z 07004KT 200V070 9999 FEW018 28/26 Q1010 NOSIG
WABB,2023-10-28 22:30,6.21,M,100.00,8.00,WABB 282230Z 10008KT 170V100 9999 FEW018 29/26 Q1011 NOSIG
WABB,2023-10-28 23:00,6.21,M,120.00,8.00,WABB 282300Z 12008KT 160V100 9999 FEW018 30/26 Q1011 NOSIG
WABB,2023-10-28 23:30,6.21,M,110.00,11.00,WABB 282330Z 11011KT 170V110 9999 FEW018 30/26 Q1010 NOSIG
WABB,2023-10-29 00:00,6.21,M,90.00,13.00,WABB 290000Z 09013KT 180V090 9999 FEW018 31/25 Q1011 NOSIG
WABB,2023-10-29 00:30,6.21,M,120.00,9.00,WABB 290030Z 12009KT 170V110 9999 FEW018 30/26 Q1011 NOSIG
WABB,2023-10-29 01:00,6.21,M,100.00,8.00,WABB 290100Z 10008KT 160V100 9999 FEW018 30/26 Q1011 NOSIG
WABB,2023-10-29 01:30,6.21,M,110.00,7.00,WABB 290130Z 11007KT 170V110 9999 FEW018 31/26 Q1011 NOSIG
WABB,2023-10-29 02:00,6.21,M,140.00,8.00,WABB 290200Z 14008KT 9999 FEW018 31/26 Q1010 NOSIG
WABB,2023-10-29 02:30,6.21,M,120.00,10.00,WABB 290230Z 12010KT 170V110 9999 FEW018 31/26 Q1010 NOSIG
WABB,2023-10-29 03:00,6.21,M,120.00,8.00,WABB 290300Z 12008KT 9999 FEW018 32/26 Q1009 NOSIG
WABB,2023-10-29 03:30,6.21,M,110.00,11.00,WABB 290330Z 11011KT 160V100 9999 FEW018 31/26 Q1008 NOSIG
WABB,2023-10-29 04:00,6.21,M,120.00,11.00,WABB 290400Z 12011KT 160V100 9999 FEW018 31/26 Q1008 NOSIG
WABB,2023-10-29 04:30,6.21,M,100.00,13.00,WABB 290430Z 10013KT 170V100 9999 FEW018 32/26 Q1007 NOSIG
WABB,2023-10-29 05:00,6.21,TS,90.00,12.00,WABB 290500Z 09012KT 170V090 9999 TS FEW017CB FEW018 32/26 Q1007 NOSIG RMK CB AT W
WABB,2023-10-29 05:30,6.21,TS,80.00,12.00,WABB 290530Z 08012KT 180V080 9999 TS FEW017CB FEW018 31/26 Q1007 NOSIG RMK CB AT W
WABB,2023-10-29 06:00,6.21,TS,90.00,12.00,WABB 290600Z 09012KT 190V090 9999 TS FEW017CB FEW018 31/26 Q1007 NOSIG RMK CB AT W
WABB,2023-10-29 06:30,6.21,TS,M,2.00,WABB 290630Z VRB02KT 9999 TS FEW017CB FEW018 30/25 Q1007 NOSIG RMK CB AT W
WABB,2023-10-29 07:00,6.21,M,340.00,7.00,WABB 290700Z 34007KT 9999 FEW018 29/24 Q1007 RETS NOSIG
WABB,2023-10-29 07:30,6.21,M,10.00,5.00,WABB 290730Z 01005KT 010V260 9999 FEW018 29/25 Q1007 NOSIG
WABB,2023-10-29 08:00,6.21,M,10.00,4.00,WABB 290800Z 01004KT 010V250 9999 FEW018 29/25 Q1008 NOSIG
WABB,2023-10-29 08:30,6.21,M,M,2.00,WABB 290830Z VRB02KT 9999 FEW018 28/25 Q1008 NOSIG
WABB,2023-10-29 09:00,6.21,M,M,2.00,WABB 290900Z VRB02KT 9999 FEW018 28/26 Q1008 NOSIG
WABB,2023-10-29 09:30,6.21,M,20.00,3.00,WABB 290930Z 02003KT 020V250 9999 FEW018 28/26 Q1009 NOSIG
WABB,2023-10-29 10:00,6.21,M,70.00,4.00,WABB 291000Z 07004KT 200V070 9999 FEW018 28/26 Q1009 NOSIG
WABB,2023-10-29 10:30,6.21,M,40.00,4.00,WABB 291030Z 04004KT 240V040 9999 FEW018 28/25 Q1010 NOSIG
WABB,2023-10-29 11:00,6.21,M,M,2.00,WABB 291100Z VRB02KT 9999 FEW018 28/26 Q1011 NOSIG
WABB,2023-10-29 11:30,6.21,M,M,2.00,WABB 291130Z VRB02KT 9999 FEW018 28/26 Q1011 NOSIG
WABB,2023-10-29 12:00,6.21,M,M,2.00,WABB 291200Z VRB02KT 9999 FEW018 28/26 Q1011 NOSIG
WABB,2023-10-29 12:30,6.21,M,M,2.00,WABB 291230Z VRB02KT 9999 FEW018 28/26 Q1011 NOSIG
WABB,2023-10-29 13:00,6.21,M,M,2.00,WABB 291300Z VRB02KT 9999 FEW018 28/26 Q1011 NOSIG
WABB,2023-10-29 13:30,6.21,M,70.00,4.00,WABB 291330Z 07004KT 190V070 9999 FEW018 28/26 Q1011 NOSIG
WABB,2023-10-29 14:00,6.21,M,50.00,7.00,WABB 291400Z 05007KT 220V050 9999 FEW018 28/26 Q1011 NOSIG
WABB,2023-10-29 14:30,6.21,M,60.00,6.00,WABB 291430Z 06006KT 210V060 9999 FEW018 28/26 Q1011 NOSIG
WABB,2023-10-29 15:00,6.21,VCTS,60.00,5.00,WABB 291500Z 06005KT 210V060 9999 VCTS FEW017CB FEW018 28/25 Q1010 NOSIG RMK CB AT E
WABB,2023-10-29 15:30,6.21,VCTS,80.00,11.00,WABB 291530Z 08011KT 180V080 9999 VCTS FEW017CB FEW018 28/25 Q1010 NOSIG RMK CB AT E
WABB,2023-10-29 16:00,6.21,VCTS,80.00,6.00,WABB 291600Z 08006KT 190V080 9999 VCTS FEW017CB FEW018 27/25 Q1009 NOSIG RMK CB AT E
WABB,2023-10-29 16:30,6.21,VCTS,80.00,4.00,WABB 291630Z 08004KT 190V080 9999 VCTS FEW017CB FEW018 27/25 Q1009 NOSIG RMK CB AT E
WABB,2023-10-29 17:00,6.21,VCTS,60.00,4.00,WABB 291700Z 06004KT 210V060 9999 VCTS FEW017CB FEW018 28/25 Q1009 NOSIG RMK CB AT E
WABB,2023-10-29 17:30,6.21,VCTS,60.00,5.00,WABB 291730Z 06005KT 210V060 9999 VCTS FEW017CB FEW018 28/25 Q1009 NOSIG RMK CB AT E
WABB,2023-10-29 18:00,6.21,VCTS,100.00,6.00,WABB 291800Z 10006KT 170V100 9999 VCTS FEW017CB FEW018 28/26 Q1009 NOSIG RMK CB AT W
WABB,2023-10-29 18:30,6.21,VCTS,M,2.00,WABB 291830Z VRB02KT 9999 VCTS FEW017CB FEW018 27/25 Q1009 NOSIG RMK CB AT W
WABB,2023-10-29 19:00,6.21,VCTS,80.00,4.00,WABB 291900Z 08004KT 200V080 9999 VCTS FEW017CB FEW018 27/26 Q1009 NOSIG RMK CB AT W
WABB,2023-10-29 19:30,6.21,VCTS,50.00,3.00,WABB 291930Z 05003KT 210V050 9999 VCTS FEW017CB FEW018 27/25 Q1009 NOSIG RMK CB AT W
WABB,2023-10-29 20:00,6.21,TS,60.00,3.00,WABB 292000Z 06003KT 210V060 9999 TS FEW017CB FEW018 27/25 Q1010 NOSIG RMK CB AT NW
WABB,2023-10-29 20:30,6.21,TS,M,2.00,WABB 292030Z VRB02KT 9999 TS FEW017CB FEW018 26/25 Q1010 NOSIG RMK CB AT NW
WABB,2023-10-29 21:00,6.21,TS,300.00,4.00,WABB 292100Z 30004KT 120V300 9999 TS FEW017CB FEW018 26/25 Q1010 NOSIG RMK CB AT NW
WABB,2023-10-29 21:30,6.21,M,270.00,9.00,WABB 292130Z 27009KT 100V270 9999 FEW017CB FEW018 26/24 Q1011 NOSIG RMK CB AT W
WABB,2023-10-29 22:00,6.21,M,290.00,8.00,WABB 292200Z 29008KT 100V290 9999 FEW017CB FEW018 26/23 Q1012 NOSIG RMK CB AT W
WABB,2023-10-29 22:30,6.21,M,300.00,9.00,WABB 292230Z 30009KT 110V300 9999 FEW017CB FEW018 26/23 Q1012 NOSIG RMK CB AT W
WABB,2023-10-29 23:00,6.21,M,30.00,7.00,WABB 292300Z 03007KT 030V250 9999 SCT018 SCT100 26/22 Q1012 NOSIG
WABB,2023-10-29 23:30,6.21,M,360.00,9.00,WABB 292330Z 36009KT 260V360 9999 SCT018 SCT100 28/23 Q1012 NOSIG
WABB,2023-10-30 00:00,6.21,M,340.00,8.00,WABB 300000Z 34008KT 160V340 9999 SCT018 30/23 Q1012 NOSIG
WABB,2023-10-30 00:30,6.21,M,340.00,6.00,WABB 300030Z 34006KT 160V340 9999 SCT018 30/23 Q1012 NOSIG
WABB,2023-10-30 01:00,6.21,M,M,2.00,WABB 300100Z VRB02KT 9999 SCT018 31/23 Q1011 NOSIG
WABB,2023-10-30 01:30,6.21,M,130.00,6.00,WABB 300130Z 13006KT 160V100 9999 SCT018 31/24 Q1011 NOSIG
WABB,2023-10-30 02:00,6.21,M,110.00,7.00,WABB 300200Z 11007KT 160V100 9999 SCT018 31/25 Q1011 NOSIG
WABB,2023-10-30 02:30,6.21,M,110.00,10.00,WABB 300230Z 11010KT 160V100 9999 SCT018 30/24 Q1010 NOSIG
WABB,2023-10-30 03:00,6.21,M,110.00,9.00,WABB 300300Z 11009KT 160V100 9999 SCT018 31/26 Q1009 NOSIG
WABB,2023-10-30 03:30,6.21,M,110.00,14.00,WABB 300330Z 11014KT 170V110 9999 SCT018 31/25 Q1009 NOSIG
WABB,2023-10-30 04:00,6.21,M,100.00,10.00,WABB 300400Z 10010KT 160V100 9999 SCT018 31/26 Q1009 NOSIG
WABB,2023-10-30 04:30,6.21,M,120.00,8.00,WABB 300430Z 12008KT 160V100 9999 SCT018 31/26 Q1008 NOSIG
WABB,2023-10-30 05:00,6.21,M,100.00,12.00,WABB 300500Z 10012KT 170V100 9999 SCT018 31/25 Q1008 NOSIG
WABB,2023-10-30 05:30,6.21,M,110.00,10.00,WABB 300530Z 11010KT 170V110 9999 SCT018 31/25 Q1007 NOSIG
WABB,2023-10-30 06:00,6.21,M,90.00,12.00,WABB 300600Z 09012KT 180V090 9999 SCT018 31/25 Q1007 NOSIG
WABB,2023-10-30 06:30,6.21,M,110.00,8.00,WABB 300630Z 11008KT 160V100 9999 SCT018 31/25 Q1007 NOSIG
WABB,2023-10-30 07:00,6.21,M,90.00,10.00,WABB 300700Z 09010KT 170V090 9999 SCT018 31/25 Q1007 NOSIG
WABB,2023-10-30 07:30,6.21,M,100.00,7.00,WABB 300730Z 10007KT 170V100 9999 SCT018 31/25 Q1007 NOSIG
WABB,2023-10-30 08:00,6.21,M,60.00,3.00,WABB 300800Z 06003KT 210V060 9999 SCT018 30/24 Q1007 NOSIG
WABB,2023-10-30 08:30,6.21,M,360.00,4.00,WABB 300830Z 36004KT 180V360 9999 SCT018 29/25 Q1007 NOSIG
WABB,2023-10-30 09:00,6.21,M,20.00,3.00,WABB 300900Z 02003KT 020V250 9999 SCT018 28/25 Q1008 NOSIG
WABB,2023-10-30 09:30,6.21,M,300.00,5.00,WABB 300930Z 30005KT 110V300 9999 SCT018 28/25 Q1009 NOSIG
WABB,2023-10-30 10:00,6.21,M,340.00,3.00,WABB 301000Z 34003KT 160V340 9999 SCT018 27/25 Q1009 NOSIG
WABB,2023-10-30 10:30,6.21,M,310.00,3.00,WABB 301030Z 31003KT 120V310 9999 SCT018 27/25 Q1010 NOSIG
WABB,2023-10-30 11:00,6.21,M,330.00,5.00,WABB 301100Z 33005KT 150V330 9999 SCT018 27/25 Q1010 NOSIG
WABB,2023-10-30 11:30,6.21,M,20.00,3.00,WABB 301130Z 02003KT 020V260 9999 SCT018 26/25 Q1011 NOSIG
WABB,2023-10-30 12:00,6.21,M,340.00,3.00,WABB 301200Z 34003KT 160V340 9999 SCT018 26/25 Q1011 NOSIG
WABB,2023-10-30 12:30,6.21,M,0.00,0.00,WABB 301230Z 00000KT 9999 SCT018 26/25 Q1011 NOSIG
WABB,2023-10-30 13:00,6.21,M,0.00,0.00,WABB 301300Z 00000KT 9999 SCT018 26/25 Q1011 NOSIG
WABB,2023-10-30 13:30,6.21,M,310.00,4.00,WABB 301330Z 31004KT 140V310 9999 SCT018 27/25 Q1011 NOSIG
WABB,2023-10-30 14:00,6.21,M,280.00,6.00,WABB 301400Z 28006KT 100V280 9999 SCT018 27/25 Q1011 NOSIG
WABB,2023-10-30 14:30,6.21,M,310.00,5.00,WABB 301430Z 31005KT 130V310 9999 SCT018 26/25 Q1011 NOSIG
WABB,2023-10-30 15:00,6.21,M,350.00,3.00,WABB 301500Z 35003KT 170V350 9999 SCT018 26/25 Q1011 NOSIG
WABB,2023-10-30 15:30,6.21,TS,M,2.00,WABB 301530Z VRB02KT 9999 TS FEW018CB SCT018 26/25 Q1010 NOSIG RMK CB AT N
WABB,2023-10-30 16:00,4.97,-TSRA,M,2.00,WABB 301600Z VRB02KT 8000 -TSRA FEW018CB SCT018 BKN100 26/24 Q1010 NOSIG RMK CB AT N
WABB,2023-10-30 16:30,4.97,-TSRA,270.00,4.00,WABB 301630Z 27004KT 090V270 8000 -TSRA FEW018CB SCT018 BKN100 25/24 Q1010 NOSIG RMK CB AT N
WABB,2023-10-30 17:00,4.97,-TSRA,M,2.00,WABB 301700Z VRB02KT 8000 -TSRA FEW018CB SCT018 BKN100 25/24 Q1009 NOSIG RMK CB AT N
WABB,2023-10-30 18:00,6.21,M,M,2.00,WABB 301800Z VRB02KT 9999 SCT018 BKN100 25/24 Q1009 NOSIG
WABB,2023-10-30 18:30,6.21,M,20.00,3.00,WABB 301830Z 02003KT 020V250 9999 SCT018 BKN100 25/24 Q1009 NOSIG
WABB,2023-10-30 19:00,6.21,M,M,2.00,WABB 301900Z VRB02KT 9999 SCT018 BKN100 25/24 Q1009 NOSIG
WABB,2023-10-30 19:30,6.21,M,M,2.00,WABB 301930Z VRB02KT 9999 SCT018 BKN100 25/24 Q1009 NOSIG
WABB,2023-10-30 20:00,6.21,M,M,2.00,WABB 302000Z VRB02KT 9999 SCT018 BKN100 25/25 Q1010 NOSIG
WABB,2023-10-30 20:30,5.59,-RA,M,2.00,WABB 302030Z VRB02KT 9000 -RA SCT018 BKN100 26/25 Q1010 NOSIG
WABB,2023-10-30 21:00,6.21,M,M,2.00,WABB 302100Z VRB02KT 9999 SCT018 BKN100 26/25 Q1011 NOSIG
WABB,2023-10-30 21:30,6.21,M,M,2.00,WABB 302130Z VRB02KT 9999 SCT018 BKN100 26/25 Q1011 NOSIG
WABB,2023-10-30 22:00,6.21,M,320.00,3.00,WABB 302200Z 32003KT 140V320 9999 SCT018 BKN100 26/26 Q1011 NOSIG
WABB,2023-10-30 22:30,6.21,M,M,2.00,WABB 302230Z VRB02KT 9999 SCT018 SCT100 27/26 Q1012 NOSIG
WABB,2023-10-30 23:00,5.59,M,M,2.00,WABB 302300Z VRB02KT 9000 SCT018 SCT100 27/26 Q1012 NOSIG
WABB,2023-10-30 23:30,5.59,M,M,2.00,WABB 302330Z VRB02KT 9000 BKN018 SCT100 27/26 Q1012 NOSIG
WABB,2023-10-31 00:00,5.59,M,30.00,4.00,WABB 310000Z 03004KT 030V240 9000 BKN018 BKN100 28/26 Q1012 NOSIG
WABB,2023-10-31 00:30,5.59,-RA,60.00,10.00,WABB 310030Z 06010KT 200V060 9000 -RA BKN018 BKN100 27/26 Q1013 NOSIG
WABB,2023-10-31 01:00,5.59,-RA,40.00,4.00,WABB 310100Z 04004KT 220V040 9000 -RA SCT018 BKN100 28/26 Q1012 NOSIG
WABB,2023-10-31 01:30,5.59,-RA,20.00,4.00,WABB 310130Z 02004KT 020V250 9000 -RA SCT018 BKN100 28/26 Q1012 NOSIG
WABB,2023-10-31 02:00,5.59,-RA,30.00,8.00,WABB 310200Z 03008KT 030V240 9000 -RA BKN018 OVC100 26/24 Q1012 NOSIG
WABB,2023-10-31 02:30,5.59,-RA,50.00,7.00,WABB 310230Z 05007KT 220V050 9000 -RA BKN018 OVC100 27/25 Q1011 NOSIG
WABB,2023-10-31 03:00,5.59,M,70.00,8.00,WABB 310300Z 07008KT 200V070 9000 SCT018 OVC100 28/26 Q1010 RERA NOSIG
WABB,2023-10-31 03:30,5.59,M,40.00,8.00,WABB 310330Z 04008KT 230V040 9000 SCT018 OVC100 28/26 Q1009 NOSIG
WABB,2023-10-31 04:00,5.59,M,110.00,4.00,WABB 310400Z 11004KT 180V110 9000 SCT018 OVC100 30/26 Q1009 NOSIG
WABB,2023-10-31 04:30,M,RA,90.00,11.00,WABB 310430Z 09011KT 180V0 RA SCT018 OVC100 28/26 Q1009 NOSIG
WABB,2023-10-31 05:00,3.11,-RA,50.00,5.00,WABB 310500Z 05005KT 220V050 5000 -RA SCT018 OVC100 26/25 Q1009 NOSIG
WABB,2023-10-31 05:30,4.97,M,50.00,7.00,WABB 310530Z 05007KT 220V050 8000 SCT018 OVC100 27/26 Q1009 RERA NOSIG
WABB,2023-10-31 06:00,6.21,M,90.00,8.00,WABB 310600Z TAF WABB 310500Z 3106/0112 09008KT 9999 SCT018TEMPO 3106/3108 RA
WABB,2023-10-31 06:30,5.59,-RA,80.00,14.00,WABB 310630Z 08014KT 190V080 9000 -RA SCT018 BKN100 27/24 Q1009 NOSIG
WABB,2023-10-31 07:00,5.59,-RA,70.00,10.00,WABB 310700Z 07010KT 200V070 9000 -RA SCT018 OVC100 26/24 Q1010 NOSIG
WABB,2023-10-31 07:30,5.59,-RA,50.00,7.00,WABB 310730Z 05007KT 210V050 9000 -RA SCT018 OVC100 26/24 Q1009 NOSIG
WABB,2023-10-31 08:00,5.59,M,M,2.00,WABB 310800Z VRB02KT 9000 SCT018 OVC100 26/25 Q1009 RERA NOSIG
WABB,2023-10-31 08:30,5.59,M,60.00,5.00,WABB 310830Z 06005KT 210V060 9000 SCT018 OVC100 26/24 Q1009 NOSIG
WABB,2023-10-31 09:00,5.59,M,M,2.00,WABB 310900Z VRB02KT 9000 SCT018 OVC100 26/24 Q1009 NOSIG
WABB,2023-10-31 09:30,5.59,M,80.00,3.00,WABB 310930Z 08003KT 200V080 9000 SCT018 OVC100 25/24 Q1010 NOSIG
WABB,2023-10-31 10:00,5.59,M,M,2.00,WABB 311000Z VRB02KT 9000 SCT018 OVC100 25/24 Q1010 NOSIG
WABB,2023-10-31 10:30,5.59,M,70.00,3.00,WABB 311030Z 07003KT 210V070 9000 SCT018 BKN100 25/24 Q1010 NOSIG
WABB,2023-10-31 11:00,5.59,M,40.00,4.00,WABB 311100Z 04004KT 230V040 9000 SCT018 BKN100 25/24 Q1011 NOSIG
WABB,2023-10-31 11:30,5.59,M,M,2.00,WABB 311130Z VRB02KT 9000 SCT018 BKN100 26/25 Q1011 NOSIG
WABB,2023-10-31 12:00,5.59,M,20.00,3.00,WABB 311200Z 02003KT 020V250 9000 SCT018 BKN100 25/25 Q1011 NOSIG
WABB,2023-10-31 12:30,5.59,M,M,2.00,WABB 311230Z VRB02KT 9000 SCT018 BKN100 25/25 Q1012 NOSIG
WABB,2023-10-31 13:00,5.59,M,M,2.00,WABB 311300Z VRB02KT 9000 SCT018 BKN100 26/25 Q1012 NOSIG
WABB,2023-10-31 13:30,5.59,M,M,2.00,WABB 311330Z VRB02KT 9000 SCT018 BKN100 26/25 Q1012 NOSIG
WABB,2023-10-31 14:00,5.59,M,M,2.00,WABB 311400Z VRB02KT 9000 SCT018 BKN100 26/25 Q1012 NOSIG
WABB,2023-10-31 14:30,5.59,M,20.00,4.00,WABB 311430Z 02004KT 020V250 9000 SCT018 BKN100 26/25 Q1011 NOSIG
WABB,2023-10-31 15:00,5.59,M,0.00,0.00,WABB 311500Z 00000KT 9000 SCT018 BKN100 26/25 Q1011 NOSIG
WABB,2023-10-31 15:30,5.59,M,0.00,0.00,WABB 311530Z 00000KT 9000 SCT018 BKN100 26/25 Q1011 NOSIG
WABB,2023-10-31 16:00,5.59,M,40.00,3.00,WABB 311600Z 04003KT 230V040 9000 SCT018 BKN100 26/25 Q1010 NOSIG
WABB,2023-10-31 16:30,5.59,M,80.00,4.00,WABB 311630Z 08004KT 190V080 9000 SCT018 BKN100 27/25 Q1010 NOSIG
WABB,2023-10-31 17:00,5.59,M,30.00,3.00,WABB 311700Z 03003KT 030V240 9000 SCT018 BKN100 26/25 Q1010 NOSIG
WABB,2023-10-31 17:30,5.59,M,360.00,3.00,WABB 311730Z 36003KT 180V360 9000 SCT018 BKN100 25/25 Q1010 NOSIG
WABB,2023-10-31 18:00,5.59,M,360.00,3.00,WABB 311800Z 36003KT 180V360 9000 SCT018 BKN100 25/25 Q1009 NOSIG
WABB,2023-10-31 18:30,5.59,M,360.00,4.00,WABB 311830Z 36004KT 180V360 9000 SCT018 BKN100 25/24 Q1010 NOSIG
WABB,2023-10-31 19:00,5.59,M,30.00,4.00,WABB 311900Z 03004KT 030V240 9000 SCT018 BKN Q1010 NOSIG
WABB,2023-10-31 19:30,5.59,M,10.00,9.00,WABB 311930Z 01009KT 010V260 9000 SCT018 BKN100 25/24 Q1010 NOSIG
WABB,2023-10-31 20:00,5.59,M,20.00,5.00,WABB 312000Z 02005KT 020V250 9000 SCT018 BKN100 25/23 Q1010 NOSIG
WABB,2023-10-31 20:30,5.59,M,30.00,7.00,WABB 312030Z 03007KT 030V240 9000 SCT018 BKN100 24/23 Q1011 NOSIG
WABB,2023-10-31 21:00,5.59,M,40.00,7.00,WABB 312100Z 04007KT 240V040 9000 FEW018 BKN100 25/24 Q1011 NOSIG
WABB,2023-10-31 21:30,5.59,M,20.00,5.00,WABB 312130Z 02005KT 020V240 9000 FEW018 BKN100 25/24 Q1011 NOSIG
WABB,2023-10-31 22:00,5.59,M,80.00,3.00,WABB 312200Z 08003KT 210V080 9000 FEW018 BKN100 27/25 Q1012 NOSIG
WABB,2023-10-31 22:30,5.59,M,60.00,4.00,WABB 312230Z 06004KT 230V060 9000 FEW018 BKN100 27/25 Q1012 NOSIG
WABB,2023-10-31 23:00,6.21,M,50.00,7.00,WABB 312300Z 05007KT 220V050 9999 FEW018 SCT100 28/25 Q1012 NOSIG
WABB,2023-10-31 23:30,6.21,M,60.00,8.00,WABB 312330Z 06008KT 210V060 9999 FEW018 SCT100 29/25 Q1012 NOSIG
WABB,2023-11-01 00:00,6.21,M,70.00,12.00,WABB 010000Z 07012KT 200V070 9999 FEW018 SCT100 30/25 Q1012 NOSIG
WABB,2023-11-01 00:30,6.21,M,60.00,6.00,WABB 010030Z 06006KT 210V060 9999 FEW018 SCT100 30/25 Q1012 NOSIG
WABB,2023-11-01 01:00,6.21,M,40.00,7.00,WABB 010100Z 04007KT 220V040 9999 SCT018 SCT100 29/24 Q1012 NOSIG
WABB,2023-11-01 01:30,6.21,M,50.00,5.00,WABB 010130Z 05005KT 200V050 9999 SCT018 SCT100 30/24 Q1012 NOSIG
WABB,2023-11-01 02:00,6.21,M,110.00,6.00,WABB 010200Z 11006KT 170V110 9999 SCT018 SCT100 29/26 Q1011 NOSIG
WABB,2023-11-01 02:30,6.21,M,120.00,6.00,WABB 010230Z 12006KT 9999 SCT018 SCT100 29/25 Q1011 NOSIG
WABB,2023-11-01 03:00,4.97,-RA,140.00,5.00,WABB 010300Z 14005KT 110V170 8000 -RA SCT018 28/25 Q1010 NOSIG
WABB,2023-11-01 03:30,4.97,-RA,120.00,5.00,WABB 010330Z 12005KT 160V100 8000 -RA BKN018 BKN100 26/24 Q1010 NOSIG
WABB,2023-11-01 04:00,4.97,-RA,100.00,8.00,WABB 010400Z 10008KT 180V100 8000 -RA BKN018 BKN100 26/25 Q1010 NOSIG
WABB,2023-11-01 04:30,4.97,-RA,110.00,7.00,WABB 010430Z 11007KT 160V100 8000 -RA SCT018 SCT100 27/25 Q1009 TEMPO RA
WABB,2023-11-01 05:00,6.21,M,140.00,3.00,WABB 010500Z 14003KT 160V100 9999 SCT018 SCT100 28/24 Q1009 NOSIG
WABB,2023-11-01 05:30,6.21,M,140.00,4.00,WABB 010530Z 14004KT 100V160 9999 SCT018 SCT100 28/24 Q1008 NOSIG
WABB,2023-11-01 06:00,6.21,M,120.00,4.00,WABB 010600Z 12004KT 9999 SCT018 SCT100 28/25 Q1008 NOSIG
WABB,2023-11-01 06:30,6.21,M,100.00,6.00,WABB 010630Z 10006KT 160V100 9999 SCT018 SCT100 28/25 Q1008 NOSIG
WABB,2023-11-01 07:00,6.21,M,100.00,3.00,WABB 010700Z 10003KT 160V100 9999 SCT018 SCT100 29/25 Q1008 NOSIG
WABB,2023-11-01 07:30,6.21,M,70.00,3.00,WABB 010730Z 07003KT 210V070 9999 SCT018 SCT100 28/25 Q1008 NOSIG
WABB,2023-11-01 08:00,6.21,M,20.00,4.00,WABB 010800Z 02004KT 020V250 9999 SCT018 SCT100 28/25 Q1008 NOSIG
WABB,2023-11-01 08:30,6.21,M,10.00,4.00,WABB 010830Z 01004KT 010V260 9999 SCT018 SCT100 28/24 Q1009 NOSIG
WABB,2023-11-01 09:00,6.21,M,M,2.00,WABB 010900Z VRB02KT 9999 SCT018 SCT100 27/24 Q1009 NOSIG
WABB,2023-11-01 09:30,6.21,M,M,2.00,WABB 010930Z VRB02KT 9999 SCT018 SCT100 27/24 Q1010 NOSIG
WABB,2023-11-01 10:00,6.21,M,0.00,0.00,WABB 011000Z 00000KT 9999 SCT018 SCT100 27/24 Q1010 NOSIG
WABB,2023-11-01 10:30,6.21,M,M,2.00,WABB 011030Z VRB02KT 9999 SCT018 SCT100 26/24 Q1011 NOSIG
WABB,2023-11-01 11:00,6.21,M,M,2.00,WABB 011100Z VRB02KT 9999 SCT018 SCT100 25/24 Q1011 NOSIG
WABB,2023-11-01 11:30,6.21,M,20.00,3.00,WABB 011130Z 02003KT 020V250 9999 SCT018 SCT100 25/24 Q1011 NOSIG
WABB,2023-11-01 12:00,6.21,M,0.00,0.00,WABB 011200Z 00000KT 9999 SCT018 SCT100 25/24 Q1011 NOSIG
WABB,2023-11-01 12:30,6.21,M,M,2.00,WABB 011230Z VRB02KT 9999 SCT018 SCT100 25/24 Q1011 NOSIG
WABB,2023-11-01 13:00,6.21,M,M,2.00,WABB 011300Z VRB02KT 9999 SCT018 SCT100 24/24 Q1011 NOSIG
WABB,2023-11-01 13:30,6.21,M,M,2.00,WABB 011330Z VRB02KT 9999 SCT018 SCT100 24/24 Q1011 NOSIG
WABB,2023-11-01 14:00,6.21,M,M,2.00,WABB 011400Z VRB02KT 9999 SCT018 SCT100 24/24 Q1011 NOSIG
WABB,2023-11-01 14:30,6.21,M,0.00,0.00,WABB 011430Z 00000KT 9999 SCT018 SCT100 24/24 Q1011 NOSIG
WABB,2023-11-01 15:00,M,M,0.00,0.00,WABB 011500Z 00000KT 99 SCT018 SCT100 24/24 Q1011 NOSIG
WABB,2023-11-01 15:30,6.21,M,10.00,3.00,WABB 011530Z 01003KT 9999 SCT018 SCT100 24/24 Q1011 NOSIG
WABB,2023-11-01 16:00,6.21,M,30.00,64.00,WABB 011600Z 03064KT 9999 SCT018 SCT100 24/24 Q1011 NOSIG
WABB,2023-11-01 16:30,6.21,M,30.00,64.00,WABB 011630Z 03064KT 9999 SCT018 SCT100 24/24 Q1011 NOSIG
WABB,2023-11-01 17:00,6.21,M,30.00,64.00,WABB 011700Z 03064KT 9999 SCT018 SCT100 24/24 Q1011 NOSIG
WABB,2023-11-01 17:30,6.21,M,30.00,64.00,WABB 011730Z 03064KT 9999 SCT018 SCT100 24/24 Q1011 NOSIG
WABB,2023-11-01 18:00,6.21,M,0.00,0.00,WABB 011800Z 00000KT 9999 FEW018 SCT100 24/24 Q1011 NOSIG
WABB,2023-11-01 18:30,6.21,M,350.00,2.00,WABB 011830Z 35002KT 9999 FEW018 SCT100 24/23 Q1009 NOSIG
WABB,2023-11-01 19:00,6.21,M,0.00,0.00,WABB 011900Z 00000KT 9999 FEW018 SCT100 24/23 Q1009 NOSIG
WABB,2023-11-01 19:30,6.21,M,0.00,0.00,WABB 011930Z 00000KT 9999 FEW018 SCT100 24/23 Q1009 NOSIG
WABB,2023-11-01 20:00,6.21,M,0.00,0.00,WABB 012000Z 00000KT 9999 FEW018 SCT100 24/23 Q1009 NOSIG
WABB,2023-11-01 20:30,6.21,M,0.00,0.00,WABB 012030Z 00000KT 9999 FEW018 SCT100 24/23 Q1009 NOSIG
WABB,2023-11-01 21:00,6.21,M,0.00,0.00,WABB 012100Z 00000KT 9999 FEW018 SCT100 24/23 Q1009 NOSIG
WABB,2023-11-01 21:30,6.21,M,0.00,0.00,WABB 012130Z 00000KT 9999 FEW018 BKN100 24/23 Q1009 NOSIG
WABB,2023-11-01 22:00,6.21,M,0.00,0.00,WABB 012200Z 00000KT 9999 FEW018 BKN100 24/23 Q1009 NOSIG
WABB,2023-11-01 22:30,6.21,M,0.00,0.00,WABB 012230Z 00000KT 9999 FEW018 BKN100 24/23 Q1009 NOSIG
WABB,2023-11-01 23:00,6.21,M,0.00,0.00,WABB 012300Z 00000KT 9999 FEW018 BKN100 24/23 Q1009 NOSIG
WABB,2023-11-01 23:30,6.21,M,260.00,5.00,WABB 012330Z 26005KT 080V260 9999 FEW018 SCT100 24/// Q1009 NOSIG
WABB,2023-11-02 00:00,6.21,M,250.00,2.00,WABB 020000Z 25002KT 9999 FEW018 SCT100 30/25 Q1009 NOSIG
WABB,2023-11-02 00:30,6.21,M,210.00,9.00,WABB 020030Z 21009KT 9999 FEW018 SCT100 30/25 Q1009 NOSIG
WABB,2023-11-02 01:00,6.21,M,240.00,6.00,WABB 020100Z 24006KT 9999 FEW018 SCT100 30/26 Q1009 NOSIG
WABB,2023-11-02 01:30,6.21,M,240.00,6.00,WABB 020130Z 24006KT 9999 FEW018 SCT100 30/26 Q1009 NOSIG
WABB,2023-11-02 02:00,6.21,M,210.00,7.00,WABB 020200Z 21007KT 040V210 9999 FEW018 SCT100 30/25 Q1010 NOSIG
WABB,2023-11-02 02:30,6.21,M,240.00,11.00,WABB 020230Z 24011KT 060V240 9999 FEW018 SCT100 30/25 Q1010 NOSIG
WABB,2023-11-02 03:00,6.21,M,240.00,5.00,WABB 020300Z 24005KT 050V240 9999 FEW018 SCT100 30/25 Q1009 NOSIG
WABB,2023-11-02 03:30,6.21,M,210.00,7.00,WABB 020330Z 21007KT 070V210 9999 FEW018 SCT100 30/25 Q1008 NOSIG
WABB,2023-11-02 04:00,6.21,M,220.00,10.00,WABB 020400Z 22010KT 040V220 9999 FEW018 SCT100 30/25 Q1008 NOSIG
WABB,2023-11-02 04:30,6.21,M,220.00,6.00,WABB 020430Z 22006KT 060V220 9999 FEW018 SCT100 30/26 Q1008 NOSIG
WABB,2023-11-02 05:00,6.21,M,240.00,6.00,WABB 020500Z 24006KT 060V240 9999 FEW018 SCT100 30/26 Q1007 NOSIG
WABB,2023-11-02 05:30,6.21,M,220.00,7.00,WABB 020530Z 22007KT 060V220 9999 FEW018 SCT100 30/25 Q1007 NOSIG
WABB,2023-11-02 06:00,6.21,M,230.00,8.00,WABB 020600Z 23008KT 050V230 9999 FEW018 SCT100 30/25 Q1007 NOSIG
WABB,2023-11-02 06:30,6.21,M,240.00,5.00,WABB 020630Z 24005KT 9999 FEW018 SCT100 30/25 Q1007 NOSIG
WABB,2023-11-02 07:00,6.21,M,40.00,9.00,WABB 020700Z 04009KT 9999 FEW018 SCT100 30/25 Q1007 NOSIG
WABB,2023-11-02 07:30,6.21,M,40.00,9.00,WABB 020730Z 04009KT 9999 FEW018 SCT100 30/25 Q1007 NOSIG
WABB,2023-11-02 08:00,6.21,M,230.00,5.00,WABB 020800Z 23005KT 060V230 9999 FEW018 SCT100 30/25 Q1007 NOSIG
WABB,2023-11-02 08:30,6.21,M,290.00,4.00,WABB 020830Z 29004KT 090V290 9999 FEW018 SCT100 29/25 Q1007 NOSIG
WABB,2023-11-02 09:00,6.21,M,290.00,5.00,WABB 020900Z 29005KT 110V290 9999 FEW018 SCT100 28/25 Q1007 NOSIG
WABB,2023-11-02 09:30,6.21,M,M,2.00,WABB 020930Z VRB02KT 9999 FEW018 SCT100 28/25 Q1008 NOSIG
WABB,2023-11-02 10:00,6.21,M,300.00,3.00,WABB 021000Z 30003KT 120V300 9999 FEW018 SCT100 28/25 Q1008 NOSIG
WABB,2023-11-02 10:30,6.21,M,310.00,4.00,WABB 021030Z 31004KT 120V310 9999 FEW018 SCT100 27/25 Q1009 NOSIG
WABB,2023-11-02 11:00,6.21,M,320.00,4.00,WABB 021100Z 32004KT 140V320 9999 FEW018 27/25 Q1009 NOSIG
WABB,2023-11-02 11:30,6.21,M,M,2.00,WABB 021130Z VRB02KT 9999 FEW018 27/25 Q1009 NOSIG
WABB,2023-11-02 12:00,6.21,M,M,2.00,WABB 021200Z VRB02KT 9999 FEW018 26/25 Q1009 NOSIG
WABB,2023-11-02 12:30,6.21,M,M,2.00,WABB 021230Z VRB02KT 9999 FEW018 26/24 Q1009 NOSIG
WABB,2023-11-02 13:00,6.21,M,330.00,3.00,WABB 021300Z 33003KT 150V330 9999 FEW018 26/24 Q1010 NOSIG
WABB,2023-11-02 13:30,6.21,M,M,2.00,WABB 021330Z VRB02KT 9999 FEW018 26/24 Q1010 NOSIG
WABB,2023-11-02 14:00,6.21,M,M,2.00,WABB 021400Z VRB02KT 9999 FEW018 26/24 Q1009 NOSIG
WABB,2023-11-02 14:30,6.21,M,M,2.00,WABB 021430Z VRB02KT 9999 FEW018 26/25 Q1009 NOSIG
WABB,2023-11-02 15:00,6.21,M,270.00,3.00,WABB 021500Z 27003KT 090V270 9999 FEW018 26/25 Q1009 NOSIG
WABB,2023-11-02 15:30,6.21,M,310.00,4.00,WABB 021530Z 31004KT 130V310 9999 FEW018 25/24 Q1009 NOSIG
WABB,2023-11-02 16:00,6.21,M,M,2.00,WABB 021600Z VRB02KT 9999 FEW018 25/24 Q1008 NOSIG
WABB,2023-11-02 16:30,6.21,M,M,2.00,WABB 021630Z VRB02KT 9999 FEW018 24/24 Q1008 NOSIG
WABB,2023-11-02 17:00,6.21,M,M,2.00,WABB 021700Z VRB02KT 9999 FEW018 25/24 Q1008 NOSIG
WABB,2023-11-02 17:30,6.21,M,0.00,0.00,WABB 021730Z 00000KT 9999 FEW018 25/24 Q1008 NOSIG
WABB,2023-11-02 18:00,6.21,M,M,2.00,WABB 021800Z VRB02KT 9999 FEW018 24/24 Q1008 NOSIG
WABB,2023-11-02 18:30,6.21,M,M,2.00,WABB 021830Z VRB02KT 9999 FEW018 24/24 Q1007 NOSIG
WABB,2023-11-02 19:00,6.21,M,M,2.00,WABB 021900Z VRB02KT 9999 FEW018 25/24 Q1008 NOSIG
WABB,2023-11-02 19:30,6.21,M,310.00,3.00,WABB 021930Z 31003KT 130V310 9999 FEW018 25/24 Q1008 NOSIG
WABB,2023-11-02 20:00,6.21,M,M,2.00,WABB 022000Z VRB02KT 9999 FEW018 25/24 Q1008 NOSIG
WABB,2023-11-02 20:30,6.21,M,M,2.00,WABB 022030Z VRB02KT 9999 FEW018 25/24 Q1008 NOSIG
WABB,2023-11-02 21:00,6.21,M,M,2.00,WABB 022100Z VRB02KT 9999 FEW018 25/24 Q1009 NOSIG
WABB,2023-11-02 21:30,6.21,M,320.00,3.00,WABB 022130Z 32003KT 140V320 9999 FEW018 27/25 Q1009 NOSIG
WABB,2023-11-02 22:00,6.21,M,320.00,4.00,WABB 022200Z 32004KT 140V320 9999 FEW018 28/25 Q1009 NOSIG
WABB,2023-11-02 22:30,M,M,310.00,3.00,WABB 022230Z 31003KT 120V310 FEW018 29/26 Q1010 NOSIG
WABB,2023-11-02 23:00,6.21,M,260.00,5.00,WABB 022300Z 26005KT 080V260 9999 FEW018 30/26 Q1010 NOSIG
WABB,2023-11-02 23:30,6.21,M,260.00,5.00,WABB 022330Z 26005KT 070V260 9999 FEW018 30/26 Q1010 NOSIG
WABB,2023-11-03 00:00,6.21,M,250.00,3.00,WABB 030000Z 25003KT 090V250 9999 FEW018 30/26 Q1010 NOSIG
WABB,2023-11-03 00:30,6.21,M,250.00,7.00,WABB 030030Z 25007KT 060V250 9999 FEW018 29/25 Q1010 NOSIG
WABB,2023-11-03 01:00,6.21,M,260.00,6.00,WABB 030100Z 26006KT 060V260 9999 FEW018 30/25 Q1009 NOSIG
WABB,2023-11-03 01:30,6.21,M,220.00,6.00,WABB 030130Z 22006KT 040V220 9999 FEW018 29/25 Q1009 NOSIG
WABB,2023-11-03 02:00,6.21,M,220.00,3.00,WABB 030200Z 22003KT 060V220 9999 FEW018 30/26 Q1009 NOSIG
WABB,2023-11-03 02:30,6.21,M,220.00,5.00,WABB 030230Z 22005KT 050V220 9999 FEW018 31/25 Q1008 NOSIG
WABB,2023-11-03 03:00,6.21,M,240.00,7.00,WABB 030300Z 24007KT 060V240 9999 FEW018 31/25 Q1008 NOSIG
WABB,2023-11-03 03:30,6.21,M,270.00,5.00,WABB 030330Z 27005KT 090V270 9999 FEW018 SCT100 30/26 Q1007 NOSIG
WABB,2023-11-03 04:00,6.21,M,250.00,5.00,WABB 030400Z 25005KT 060V250 9999 FEW018 SCT100 31/26 Q1007 NOSIG
WABB,2023-11-03 04:30,6.21,M,270.00,7.00,WABB 030430Z 27007KT 080V270 9999 FEW018 SCT100 31/26 Q1007 NOSIG
WABB,2023-11-03 05:00,6.21,M,260.00,7.00,WABB 030500Z 26007KT 080V260 9999 FEW018 SCT100 31/26 Q1006 NOSIG
WABB,2023-11-03 05:30,6.21,M,260.00,6.00,WABB 030530Z 26006KT 090V260 9999 FEW018 SCT100 30/25 Q1006 NOSIG
WABB,2023-11-03 06:00,6.21,M,250.00,7.00,WABB 030600Z 25007KT 080V250 9999 FEW018 SCT100 30/25 Q1006 NOSIG
WABB,2023-11-03 06:30,6.21,M,230.00,6.00,WABB 030630Z 23006KT 070V230 9999 FEW018 SCT100 31/24 Q1006 NOSIG
WABB,2023-11-03 07:00,6.21,M,260.00,8.00,WABB 030700Z 26008KT 090V260 9999 FEW018 SCT100 31/25 Q1006 NOSIG
WABB,2023-11-03 07:30,6.21,M,250.00,10.00,WABB 030730Z 25010KT 080V250 9999 FEW018 SCT100 30/25 Q1006 NOSIG
WABB,2023-11-03 08:00,6.21,M,240.00,8.00,WABB 030800Z 24008KT 060V240 9999 FEW018 SCT100 30/25 Q1006 NOSIG
WABB,2023-11-03 08:30,6.21,M,270.00,7.00,WABB 030830Z 27007KT 100V270 9999 FEW018 29/25 Q1006 NOSIG
WABB,2023-11-03 09:00,6.21,M,280.00,6.00,WABB 030900Z 28006KT 100V280 9999 FEW018 29/25 Q1006 NOSIG
WABB,2023-11-03 09:30,6.21,M,300.00,5.00,WABB 030930Z 30005KT 120V300 9999 FEW018 28/24 Q1006 NOSIG
WABB,2023-11-03 10:00,6.21,M,320.00,3.00,WABB 031000Z 32003KT 150V320 9999 FEW018 28/24 Q1007 NOSIG
WABB,2023-11-03 10:30,6.21,M,330.00,3.00,WABB 031030Z 33003KT 140V330 9999 FEW018 27/24 Q1007 NOSIG
WABB,2023-11-03 11:00,6.21,M,320.00,4.00,WABB 031100Z 32004KT 140V320 9999 FEW018 27/24 Q1007 NOSIG
WABB,2023-11-03 11:30,6.21,M,330.00,3.00,WABB 031130Z 33003KT 150V330 9999 FEW018 27/25 Q1008 NOSIG
WABB,2023-11-03 12:00,6.21,M,340.00,3.00,WABB 031200Z 34003KT 160V340 9999 FEW018 27/25 Q1008 NOSIG
WABB,2023-11-03 12:30,6.21,M,350.00,3.00,WABB 031230Z 35003KT 170V350 9999 FEW018 27/24 Q1008 NOSIG
WABB,2023-11-03 13:00,6.21,M,340.00,3.00,WABB 031300Z 34003KT 160V340 9999 FEW018 27/25 Q1009 NOSIG
WABB,2023-11-03 13:30,6.21,M,0.00,0.00,WABB 031330Z 00000KT 9999 FEW018 26/25 Q1008 NOSIG
WABB,2023-11-03 14:00,6.21,M,M,2.00,WABB 031400Z VRB02KT 9999 FEW018 26/25 Q1008 NOSIG
WABB,2023-11-03 14:30,6.21,M,M,2.00,WABB 031430Z VRB02KT 9999 FEW018 26/25 Q1008 NOSIG
WABB,2023-11-03 15:00,6.21,M,310.00,3.00,WABB 031500Z 31003KT 130V310 9999 FEW018 26/25 Q1008 NOSIG
WABB,2023-11-03 15:30,6.21,M,330.00,5.00,WABB 031530Z 33005KT 140V330 9999 FEW018 27/25 Q1008 NOSIG
WABB,2023-11-03 16:00,6.21,M,340.00,3.00,WABB 031600Z 34003KT 160V340 9999 FEW018 27/25 Q1008 NOSIG
WABB,2023-11-03 16:30,6.21,M,340.00,5.00,WABB 031630Z 34005KT 160V340 9999 FEW018 27/25 Q1007 NOSIG
WABB,2023-11-03 17:00,6.21,M,340.00,5.00,WABB 031700Z 34005KT 160V340 9999 FEW018 27/24 Q1007 NOSIG
WABB,2023-11-03 17:30,6.21,M,340.00,5.00,WABB 031730Z 34005KT 160V340 9999 FEW018 26/25 Q1007 NOSIG
WABB,2023-11-03 18:00,6.21,M,350.00,3.00,WABB 031800Z 35003KT 180V350 9999 FEW018 26/25 Q1007 NOSIG
WABB,2023-11-03 18:30,6.21,M,M,2.00,WABB 031830Z VRB02KT 9999 FEW018 26/25 Q1007 NOSIG
WABB,2023-11-03 19:00,6.21,M,M,2.00,WABB 031900Z VRB02KT 9999 FEW018 26/25 Q1007 NOSIG
WABB,2023-11-03 19:30,6.21,M,M,2.00,WABB 031930Z VRB02KT 9999 FEW018 26/24 Q1007 NOSIG
WABB,2023-11-03 20:00,6.21,M,30.00,3.00,WABB 032000Z 03003KT 030V240 9999 FEW018 25/24 Q1008 NOSIG
WABB,2023-11-03 20:30,6.21,M,M,2.00,WABB 032030Z VRB02KT 9999 FEW018 25/24 Q1008 NOSIG
WABB,2023-11-03 21:00,6.21,M,M,2.00,WABB 032100Z VRB02KT 9999 FEW018 25/24 Q1009 NOSIG
WABB,2023-11-03 21:30,6.21,M,0.00,0.00,WABB 032130Z 00000KT 9999 FEW018 26/25 Q1009 NOSIG
WABB,2023-11-03 22:00,6.21,M,0.00,0.00,WABB 032200Z 00000KT 9999 FEW018 28/26 Q1010 NOSIG
WABB,2023-11-03 23:00,5.59,-RA,240.00,7.00,WABB 032300Z 24007KT 050V240 9000 -RA FEW017CB FEW018 27/25 Q1011 NOSIG RMK CB AT SW METAR WIHH 032300Z 06003KT 4000 HZ SCT020 26/24 Q1009 RMK RA TO NE
WABB,2023-11-03 23:30,4.97,-RA,250.00,9.00,WABB 032330Z 25009KT 070V250 8000 -RA FEW017CB SCT018 28/26 Q1011 NOSIG RMK CB AT SW
WABB,2023-11-04 00:00,4.97,-RA,240.00,12.00,WABB 040000Z 24012KT 060V240 8000 -RA FEW017CB SCT018 27/24 Q1011 NOSIG RMK CB AT SW METAR WIDD 040000Z 00000KT 9999 SCT014 28/25 Q1011 NOSIG
WABB,2023-11-04 00:30,6.21,M,260.00,11.00,WABB 040030Z 26011KT 080V260 9999 SCT018 27/24 Q1011 RERA NOSIG
WABB,2023-11-04 01:00,6.21,M,230.00,9.00,WABB 040100Z 23009KT 060V230 9999 SCT018 28/24 Q1011 NOSIG
WABB,2023-11-04 01:30,6.21,M,230.00,4.00,WABB 040130Z 23004KT 050V230 9999 SCT Q1010 NOSIG
WABB,2023-11-04 02:00,6.21,M,250.00,8.00,WABB 040200Z 25008KT 080V250 9999 SCT018 29/24 Q1010 NOSIG
WABB,2023-11-04 02:30,6.21,M,230.00,9.00,WABB 040230Z 23009KT 9999 SCT018 29/24 Q1010 NOSIG
WABB,2023-11-04 03:00,6.21,M,230.00,9.00,WABB 040300Z 23009KT 9999 SCT018 29/24 Q1010 NOSIG
WABB,2023-11-04 03:30,6.21,M,230.00,9.00,WABB 040330Z 23009KT 9999 SCT018 29/24 Q1010 NOSIG
WABB,2023-11-04 04:00,6.21,M,230.00,9.00,WABB 040400Z 23009KT 9999 SCT018 29/24 Q1010 NOSIG
WABB,2023-11-04 04:30,6.21,M,230.00,9.00,WABB 040430Z 23009KT 9999 SCT018 29/24 Q1010 NOSIG
WABB,2023-11-04 05:00,6.21,M,230.00,9.00,WABB 040500Z 23009KT 9999 SCT018 29/24 Q1010 NOSIG
WABB,2023-11-04 05:30,6.21,M,230.00,9.00,WABB 040530Z 23009KT 9999 SCT018 29/24 Q1010 NOSIG
WABB,2023-11-04 06:00,6.21,M,230.00,9.00,WABB 040600Z 23009KT 9999 SCT018 29/24 Q1010 NOSIG
WABB,2023-11-04 07:00,6.21,M,230.00,9.00,WABB 040700Z 23009KT 9999 SCT018 29/24 Q1010 NOSIG
WABB,2023-11-04 07:30,6.21,M,230.00,9.00,WABB 040730Z 23009KT 9999 SCT018 29/24 Q1010 NOSIG
WABB,2023-11-04 08:00,6.21,M,230.00,9.00,WABB 040800Z 23009KT 9999 SCT018 29/24 Q1010 NOSIG
WABB,2023-11-04 08:30,6.21,M,230.00,9.00,WABB 040830Z 23009KT 9999 SCT018 29/24 Q1010 NOSIG
WABB,2023-11-04 09:00,6.21,M,230.00,9.00,WABB 040900Z 23009KT 9999 SCT018 29/24 Q1010 NOSIG
WABB,2023-11-04 09:30,6.21,M,230.00,9.00,WABB 040930Z 23009KT 9999 SCT018 29/24 Q1010 NOSIG
WABB,2023-11-04 10:00,6.21,M,230.00,9.00,WABB 041000Z 23009KT 9999 SCT018 29/24 Q1010 NOSIG
WABB,2023-11-04 10:30,6.21,M,300.00,2.00,WABB 041030Z 30002KT 9999 SCT018 29/24 Q1009 NOSIG
WABB,2023-11-04 11:00,6.21,M,0.00,0.00,WABB 041100Z 00000KT 9999 SCT018 26/24 Q1010 NOSIG
WABB,2023-11-04 11:30,6.21,M,M,2.00,WABB 041130Z VRB02KT 9999 SCT018 26/24 Q1010 NOSIG
WABB,2023-11-04 12:00,6.21,M,M,2.00,WABB 041200Z VRB02KT 9999 SCT018 26/24 Q1010 NOSIG
WABB,2023-11-04 21:30,6.21,M,M,2.00,WABB 042130Z VRB02KT 9999 FEW018 26/25 Q1010 NOSIG
WABB,2023-11-04 22:00,6.21,M,330.00,3.00,WABB 042200Z 33003KT 160V330 9999 FEW018 28/25 Q1011 NOSIG
WABB,2023-11-04 22:30,6.21,M,300.00,4.00,WABB 042230Z 30004KT 120V300 9999 FEW018 29/25 Q1011 NOSIG
WABB,2023-11-04 23:00,6.21,M,220.00,5.00,WABB 042300Z 22005KT 040V220 9999 FEW018 30/25 Q1011 NOSIG
WABB,2023-11-04 23:30,6.21,M,230.00,3.00,WABB 042330Z 23003KT 040V230 9999 FEW018 30/25 Q1011 NOSIG
WABB,2023-11-05 00:00,6.21,M,M,2.00,WABB 050000Z VRB02KT 9999 FEW018 30/25 Q1011 NOSIG
WABB,2023-11-05 00:30,6.21,M,210.00,5.00,WABB 050030Z 21005KT 030V210 9999 FEW018 30/25 Q1011 NOSIG
WABB,2023-11-05 01:30,6.21,M,190.00,5.00,WABB 050130Z 19005KT 090V190 9999 FEW018 31/26 Q1011 NOSIG
WABB,2023-11-05 04:00,6.21,M,220.00,4.00,WABB 050400Z 22004KT 030V220 9999 FEW018 31/24 Q1008 NOSIG
WABB,2023-11-05 04:30,6.21,M,250.00,9.00,WABB 050430Z 25009KT 080V250 9999 FEW018 31/25 Q1008 NOSIG
WABB,2023-11-05 05:00,6.21,M,240.00,9.00,WABB 050500Z 24009KT 070V240 9999 FEW018 31/24 Q1007 NOSIG
WABB,2023-11-05 06:30,6.21,M,230.00,8.00,WABB 050630Z 23008KT 9999 SCT018 31/25 Q1007 NOSIG
WABB,2023-11-05 07:00,6.21,M,230.00,8.00,WABB 050700Z 23008KT 9999 SCT018 31/25 Q1007 NOSIG
WABB,2023-11-05 07:30,6.21,M,230.00,8.00,WABB 050730Z 23008KT 9999 SCT018 31/25 Q1007 NOSIG
WABB,2023-11-05 08:00,6.21,M,230.00,8.00,WABB 050800Z 23008KT 9999 SCT018 31/25 Q1007 NOSIG
WABB,2023-11-05 08:30,6.21,M,230.00,8.00,WABB 050830Z 23008KT 9999 SCT018 31/25 Q1007 NOSIG
WABB,2023-11-05 09:00,6.21,M,230.00,8.00,WABB 050900Z 23008KT 9999 SCT018 31/25 Q1007 NOSIG
WABB,2023-11-05 09:30,6.21,TS,230.00,8.00,WABB 050930Z 23008KT 9999 TS FEW017CB SCT018 31/25 Q1007 NOSIG RMK CB AT E
WABB,2023-11-05 10:00,6.21,TS,230.00,8.00,WABB 051000Z 23008KT 9999 TS FEW017CB SCT018 31/25 Q1007 NOSIG RMK CB AT E
WABB,2023-11-05 10:30,6.21,M,300.00,2.00,WABB 051030Z 30002KT 9999 FEW018 28/25 Q1010 RETS NOSIG
WABB,2023-11-05 11:00,6.21,M,300.00,2.00,WABB 051100Z 30002KT 9999 FEW018 28/25 Q1010 NOSIG
WABB,2023-11-05 11:30,6.21,M,300.00,2.00,WABB 051130Z 30002KT 9999 FEW018 28/25 Q1010 NOSIG
WABB,2023-11-05 12:00,6.21,M,300.00,2.00,WABB 051200Z 30002KT 9999 FEW018 28/25 Q1010 NOSIG
WABB,2023-11-05 12:30,6.21,M,300.00,2.00,WABB 051230Z 30002KT 9999 FEW018 28/25 Q1010 NOSIG
WABB,2023-11-05 13:00,6.21,M,300.00,2.00,WABB 051300Z 30002KT 9999 FEW018 28/25 Q1010 NOSIG
WABB,2023-11-05 13:30,6.21,M,340.00,5.00,WABB 051330Z 34005KT 9999 FEW018 28/25 Q1010 NOSIG
WABB,2023-11-05 14:00,6.21,M,350.00,2.00,WABB 051400Z 35002KT 9999 FEW018 27/25 Q1010 NOSIG
WABB,2023-11-05 14:30,6.21,M,340.00,3.00,WABB 051430Z 34003KT 160V340 9999 FEW018 27/24 Q1010 NOSIG
WABB,2023-11-05 15:00,6.21,M,310.00,3.00,WABB 051500Z 31003KT 150V310 9999 FEW018 27/24 Q1010 NOSIG
WABB,2023-11-05 15:30,6.21,M,300.00,3.00,WABB 051530Z 30003KT 150V300 9999 FEW018 26/24 Q1009 NOSIG
WABB,2023-11-05 16:00,6.21,M,310.00,4.00,WABB 051600Z 31004KT 140V310 9999 FEW018 26/24 Q1009 NOSIG
WABB,2023-11-05 16:30,6.21,M,320.00,4.00,WABB 051630Z 32004KT 140V320 9999 FEW018 26/24 Q1008 NOSIG
WABB,2023-11-05 17:00,6.21,M,0.00,0.00,WABB 051700Z 00000KT 9999 FEW018 26/24 Q1008 NOSIG
WABB,2023-11-05 17:30,6.21,M,M,2.00,WABB 051730Z VRB02KT 9999 FEW018 26/24 Q1008 NOSIG
WABB,2023-11-05 18:00,6.21,M,0.00,0.00,WABB 051800Z 00000KT 9999 FEW018 26/24 Q1008 NOSIG
WABB,2023-11-05 18:30,6.21,M,0.00,0.00,WABB 051830Z 00000KT 9999 FEW018 25/24 Q1008 NOSIG
WABB,2023-11-05 19:00,6.21,M,340.00,3.00,WABB 051900Z 34003KT 140V340 9999 FEW018 24/24 Q1008 NOSIG
WABB,2023-11-05 19:30,6.21,M,M,2.00,WABB 051930Z VRB02KT 9999 FEW018 24/24 Q1008 NOSIG
WABB,2023-11-05 20:00,6.21,M,340.00,4.00,WABB 052000Z 34004KT 150V340 9999 FEW018 25/24 Q1009 NOSIG
WABB,2023-11-05 20:30,6.21,M,M,2.00,WABB 052030Z VRB02KT 9999 FEW018 26/24 Q1009 NOSIG
WABB,2023-11-05 21:00,6.21,M,330.00,3.00,WABB 052100Z 33003KT 150V330 9999 FEW018 26/24 Q1009 NOSIG
WABB,2023-11-05 21:30,6.21,M,320.00,3.00,WABB 052130Z 32003KT 150V320 9999 FEW018 27/25 Q1010 NOSIG
WABB,2023-11-05 22:00,6.21,M,330.00,5.00,WABB 052200Z 33005KT 150V330 9999 FEW018 28/25 Q1010 NOSIG
WABB,2023-11-05 22:30,6.21,M,340.00,3.00,WABB 052230Z 34003KT 160V340 9999 FEW018 29/25 Q1010 NOSIG
WABB,2023-11-05 23:00,6.21,M,310.00,7.00,WABB 052300Z 31007KT 160V310 9999 FEW018 30/26 Q1011 NOSIG
WABB,2023-11-05 23:30,6.21,M,360.00,3.00,WABB 052330Z 36003KT 260V360 9999 SCT018 31/25 Q1011 NOSIG
WABB,2023-11-06 00:00,6.21,M,M,2.00,WABB 060000Z VRB02KT 9999 SCT018 31/24 Q1011 NOSIG
WABB,2023-11-06 00:30,6.21,M,M,2.00,WABB 060030Z VRB02KT 9999 SCT018 31/26 Q1010 NOSIG
WABB,2023-11-06 01:00,6.21,M,190.00,4.00,WABB 060100Z 19004KT 9999 BKN018 31/25 Q1010 NOSIG
WABB,2023-11-06 01:30,6.21,M,150.00,3.00,WABB 060130Z 15003KT 100V160 9999 BKN018 31/25 Q1010 NOSIG
WABB,2023-11-06 02:00,5.59,VCSH,M,2.00,WABB 060200Z VRB02KT 9000 VCSH SCT018 SCT100 32/26 Q1010 NOSIG
WABB,2023-11-06 02:30,4.97,TS,200.00,5.00,WABB 060230Z 20005KT 090V200 8000 TS FEW017CB SCT018 32/26 Q1009 TEMPO TS RMK CB AT W AND NW METAR WIII 060230Z VRB04KT 9999 SCT020 31/24 Q1012 NOSIG
WABB,2023-11-06 03:00,4.35,TS,350.00,8.00,WABB 060300Z 35008KT 7000 TS FEW017CB BKN018 OVC100 28/25 Q1009 TEMPO TS RMK CB OVER THE FIELD
WABB,2023-11-06 03:30,3.11,TSRA,360.00,12.00,WABB 060330Z 36012KT 360V110 5000 TSRA FEW017CB BKN018 OVC100 25/24 Q1009 TEMPO TSRA RMK CB OVER THE FIELD
WABB,2023-11-06 04:00,4.35,-RA,360.00,7.00,WABB 060400Z 36007KT 360V150 7000 -RA BKN018 OVC100 25/24 Q1008 RETS TEMPO -RA
WABB,2023-11-06 04:30,5.59,-RA,330.00,9.00,WABB 060430Z 33009KT 160V330 9000 -RA SCT018 BKN100 26/24 Q1008 NOSIG
WABB,2023-11-06 05:00,6.21,M,310.00,5.00,WABB 060500Z 31005KT 160V310 9999 SCT018 BKN100 27/25 Q1007 RERA NOSIG
WABB,2023-11-06 05:30,6.21,M,320.00,6.00,WABB 060530Z 32006KT 150V320 9999 SCT018 SCT100 28/26 Q1007 NOSIG
WABB,2023-11-06 06:00,6.21,M,280.00,4.00,WABB 060600Z 28004KT 150V280 9999 SCT018 29/25 Q1006 NOSIG
WABB,2023-11-06 06:30,6.21,M,280.00,5.00,WABB 060630Z 28005KT 140V280 9999 SCT018 29/25 Q1006 NOSIG
WABB,2023-11-06 07:00,6.21,M,240.00,4.00,WABB 060700Z 24004KT 140V240 9999 SCT018 30/25 Q1007 NOSIG
WABB,2023-11-06 07:30,6.21,M,260.00,5.00,WABB 060730Z 26005KT 130V260 9999 SCT018 30/26 Q1007 NOSIG
WABB,2023-11-06 08:00,6.21,M,260.00,6.00,WABB 060800Z 26006KT 130V260 9999 SCT018 30/25 Q1007 NOSIG
WABB,2023-11-06 08:30,6.21,M,290.00,4.00,WABB 060830Z 29004KT 120V290 9999 SCT018 29/25 Q1008 NOSIG
WABB,2023-11-06 09:00,6.21,M,290.00,3.00,WABB 060900Z 29003KT 120V290 9999 SCT018 28/25 Q1008 NOSIG
WABB,2023-11-06 09:30,6.21,M,320.00,3.00,WABB 060930Z 32003KT 120V320 9999 SCT018 27/26 Q1008 NOSIG
WABB,2023-11-06 10:00,6.21,M,290.00,3.00,WABB 061000Z 29003KT 120V290 9999 SCT018 27/25 Q1009 NOSIG
WABB,2023-11-06 10:30,6.21,M,310.00,5.00,WABB 061030Z 31005KT 120V310 9999 SCT018 27/25 Q1009 NOSIG
WABB,2023-11-06 11:00,6.21,M,290.00,4.00,WABB 061100Z 29004KT 120V290 9999 SCT018 27/26 Q1010 NOSIG
WABB,2023-11-06 11:30,6.21,M,320.00,4.00,WABB 061130Z 32004KT 120V320 9999 SCT018 27/25 Q1010 NOSIG
WABB,2023-11-06 12:00,6.21,M,320.00,4.00,WABB 061200Z 32004KT 120V320 9999 SCT018 27/26 Q1010 NOSIG
WABB,2023-11-06 12:30,6.21,M,330.00,6.00,WABB 061230Z 33006KT 330V120 9999 SCT018 27/25 Q1010 NOSIG
WABB,2023-11-06 13:00,6.21,M,330.00,4.00,WABB 061300Z 33004KT 130V330 9999 SCT018 26/25 Q1010 NOSIG
WABB,2023-11-06 13:30,6.21,M,300.00,6.00,WABB 061330Z 30006KT 130V300 9999 SCT018 26/24 Q1010 NOSIG
WABB,2023-11-06 14:00,6.21,M,320.00,3.00,WABB 061400Z 32003KT 130V320 9999 SCT018 26/24 Q1009 NOSIG
WABB,2023-11-06 14:30,6.21,M,310.00,5.00,WABB 061430Z 31005KT 130V310 9999 SCT018 26/24 Q1009 NOSIG
WABB,2023-11-06 15:00,6.21,M,330.00,4.00,WABB 061500Z 33004KT 130V330 9999 SCT018 26/24 Q1009 NOSIG
WABB,2023-11-06 15:30,6.21,M,310.00,4.00,WABB 061530Z 31004KT 130V310 9999 SCT018 26/24 Q1009 NOSIG
WABB,2023-11-06 16:00,6.21,M,320.00,4.00,WABB 061600Z 32004KT 130V320 9999 SCT018 26/24 Q1008 NOSIG
WABB,2023-11-06 16:30,6.21,M,310.00,6.00,WABB 061630Z 31006KT 130V310 9999 SCT018 26/24 Q1008 NOSIG
WABB,2023-11-06 17:00,6.21,M,300.00,3.00,WABB 061700Z 30003KT 130V300 9999 SCT018 26/24 Q1008 NOSIG
WABB,2023-11-06 17:30,6.21,M,330.00,4.00,WABB 061730Z 33004KT 130V330 9999 SCT018 26/24 Q1008 NOSIG
WABB,2023-11-06 18:00,6.21,M,300.00,5.00,WABB 061800Z 30005KT 130V300 9999 SCT018 26/25 Q1008 NOSIG
WABB,2023-11-06 18:30,6.21,VCTS,260.00,5.00,WABB 061830Z 26005KT 130V260 9999 VCTS FEW017CB SCT018 26/25 Q1008 NOSIG RMK CB AT SW
WABB,2023-11-06 19:00,4.35,-TSRA,310.00,5.00,WABB 061900Z 31005KT 130V310 7000 -TSRA FEW017CB SCT018 BKN100 25/24 Q1008 NOSIG RMK CB AT SW
WABB,2023-11-06 19:30,4.35,-TSRA,360.00,3.00,WABB 061930Z 36003KT 360V130 7000 -TSRA FEW017CB SCT018 BKN100 25/24 Q1008 NOSIG RMK CB AT SW
WABB,2023-11-06 20:00,5.59,-TSRA,0.00,0.00,WABB 062000Z 00000KT 9000 -TSRA FEW017CB SCT018 BKN100 25/24 Q1009 NOSIG RMK CB AT SW
WABB,2023-11-06 20:30,5.59,M,310.00,4.00,WABB 062030Z 31004KT 130V310 9000 FEW017CB SCT018 BKN100 25/24 Q1008 RETSRA NOSIG RMK CB AT SW
WABB,2023-11-06 21:00,5.59,M,330.00,5.00,WABB 062100Z 33005KT 130V330 9000 SCT018 BKN100 25/24 Q1009 NOSIG
WABB,2023-11-06 21:30,5.59,M,0.00,0.00,WABB 062130Z 00000KT 9000 SCT018 BKN100 26/24 Q1009 NOSIG
WABB,2023-11-06 22:00,6.21,M,340.00,5.00,WABB 062200Z 34005KT 340V130 9999 SCT018 BKN100 26/25 Q1010 NOSIG
WABB,2023-11-06 22:30,6.21,M,300.00,6.00,WABB 062230Z 30006KT 130V300 9999 SCT018 BKN100 27/25 Q1010 NOSIG
WABB,2023-11-06 23:00,6.21,M,300.00,7.00,WABB 062300Z 30007KT 120V300 9999 SCT018 BKN100 29/26 Q1010 NOSIG
WABB,2023-11-06 23:30,6.21,M,250.00,5.00,WABB 062330Z 25005KT 100V250 9999 SCT018 BKN100 30/26 Q1010 NOSIG
WABB,2023-11-07 00:00,6.21,M,220.00,5.00,WABB 070000Z 22005KT 040V220 9999 SCT018 BKN100 30/26 Q1010 NOSIG
WABB,2023-11-07 00:30,6.21,M,260.00,3.00,WABB 070030Z 26003KT 260V050 9999 SCT018 BKN100 29/26 Q1011 NOSIG
WABB,2023-11-07 01:00,6.21,M,260.00,6.00,WABB 070100Z 26006KT 070V260 9999 SCT018 BKN100 29/26 Q1010 NOSIG
WABB,2023-11-07 01:30,6.21,M,240.00,6.00,WABB 070130Z 24006KT 060V240 9999 SCT018 BKN100 30/26 Q1010 NOSIG
WABB,2023-11-07 02:00,6.21,M,240.00,4.00,WABB 070200Z 24004KT 050V240 9999 SCT018 BKN100 30/26 Q1009 NOSIG
WABB,2023-11-07 02:30,5.59,-RA,220.00,5.00,WABB 070230Z 22005KT 050V220 9000 -RA SCT018 BKN100 30/26 Q1009 NOSIG
WABB,2023-11-07 03:00,5.59,-RA,M,2.00,WABB 070300Z VRB02KT 9000 -RA SCT018 BKN100 30/26 Q1008 NOSIG
WABB,2023-11-07 03:30,5.59,-TSRA,250.00,6.00,WABB 070330Z 25006KT 060V250 9000 -TSRA FEW017CB SCT018 BKN100 30/26 Q1008 NOSIG RMK CB AT N
WABB,2023-11-07 04:00,5.59,TS,260.00,5.00,WABB 070400Z 26005KT 070V260 9000 TS FEW017CB SCT018 BKN100 30/26 Q1008 RERA NOSIG RMK CB AT N
WABB,2023-11-07 04:30,5.59,TS,260.00,6.00,WABB 070430Z 26006KT 080V260 9000 TS FEW017CB SCT018 BKN100 29/26 Q1007 RERA NOSIG RMK CB AT N
WABB,2023-11-07 05:00,5.59,-RA,310.00,10.00,WABB 070500Z 31010KT 130V310 9000 -RA FEW017CB BKN018 OVC100 27/24 Q1007 RETS NOSIG RMK CB AT N
WABB,2023-11-07 05:30,5.59,-RA,340.00,7.00,WABB 070530Z 34007KT 150V340 9000 -RA SCT018 OVC100 26/25 Q1007 NOSIG
WABB,2023-11-07 07:30,5.59,-RA,340.00,7.00,WABB 070730Z 34007KT 160V340 9000 -RA SCT018 OVC100 28/26 Q1007 NOSIG
WABB,2023-11-07 08:00,5.59,M,300.00,4.00,WABB 070800Z 30004KT 140V300 9000 SCT018 BKN100 28/26 Q1007 RERA NOSIG
WABB,2023-11-07 08:30,5.59,M,330.00,7.00,WABB 070830Z 33007KT 130V330 9000 SCT018 BKN100 27/26 Q1008 NOSIG
WABB,2023-11-07 09:00,5.59,M,320.00,6.00,WABB 070900Z 32006KT 140V320 9000 SCT018 BKN100 27/26 Q1008 NOSIG
WABB,2023-11-07 09:30,6.21,M,310.00,6.00,WABB 070930Z 31006KT 130V310 9999 SCT018 BKN100 27/26 Q1008 NOSIG
WABB,2023-11-07 10:00,6.21,M,330.00,6.00,WABB 071000Z 33006KT 150V330 9999 SCT018 BKN100 27/26 Q1008 NOSIG
WABB,2023-11-07 10:30,6.21,M,310.00,3.00,WABB 071030Z 31003KT 130V310 9999 SCT018 BKN100 27/25 Q1008 NOSIG
WABB,2023-11-07 11:00,6.21,M,320.00,5.00,WABB 071100Z 32005KT 140V320 9999 SCT018 BKN100 27/25 Q1009 NOSIG
WABB,2023-11-07 11:30,6.21,M,320.00,6.00,WABB 071130Z 32006KT 150V320 9999 SCT018 BKN100 27/25 Q1009 NOSIG
WABB,2023-11-07 12:00,6.21,M,300.00,5.00,WABB 071200Z 30005KT 130V300 9999 SCT018 BKN100 27/25 Q1010 NOSIG
WABB,2023-11-07 12:30,6.21,M,290.00,4.00,WABB 071230Z 29004KT 100V290 9999 SCT018 BKN100 26/25 Q1010 NOSIG
WABB,2023-11-07 13:00,6.21,M,310.00,3.00,WABB 071300Z 31003KT 130V310 9999 SCT018 BKN100 26/25 Q1010 NOSIG
WABB,2023-11-07 13:30,6.21,M,320.00,5.00,WABB 071330Z 32005KT 140V320 9999 SCT018 BKN100 26/25 Q1010 NOSIG
WABB,2023-11-07 14:00,6.21,M,320.00,5.00,WABB 071400Z 32005KT 140V320 9999 SCT018 BKN100 27/25 Q1009 NOSIG
WABB,2023-11-07 14:30,6.21,M,330.00,4.00,WABB 071430Z 33004KT 140V330 9999 SCT018 BKN100 26/25 Q1008 NOSIG
WABB,2023-11-07 15:00,6.21,M,290.00,3.00,WABB 071500Z 29003KT 100V290 9999 SCT018 BKN100 26/25 Q1008 NOSIG
WABB,2023-11-07 15:30,6.21,M,340.00,3.00,WABB 071530Z 34003KT 170V340 9999 SCT018 BKN100 26/25 Q1008 NOSIG
WABB,2023-11-07 16:00,6.21,M,M,2.00,WABB 071600Z VRB02KT 9999 SCT018 BKN100 26/25 Q1008 NOSIG
WABB,2023-11-07 16:30,6.21,M,320.00,3.00,WABB 071630Z 32003KT 140V320 9999 SCT018 BKN100 26/25 Q1007 NOSIG
WABB,2023-11-07 17:00,6.21,M,M,2.00,WABB 071700Z VRB02KT 9999 SCT018 BKN100 26/24 Q1007 NOSIG
WABB,2023-11-07 17:30,6.21,M,330.00,4.00,WABB 071730Z 33004KT 150V330 9999 SCT018 BKN100 25/24 Q1007 NOSIG
WABB,2023-11-07 18:00,6.21,M,340.00,3.00,WABB 071800Z 34003KT 150V340 9999 SCT018 BKN100 25/24 Q1007 NOSIG
WABB,2023-11-07 18:30,6.21,M,330.00,5.00,WABB 071830Z 33005KT 140V330 9999 SCT018 BKN100 26/24 Q1007 NOSIG
WABB,2023-11-07 19:00,6.21,M,M,2.00,WABB 071900Z VRB02KT 9999 SCT018 BKN100 25/24 Q1007 NOSIG
WABB,2023-11-07 19:30,6.21,M,M,2.00,WABB 071930Z VRB02KT 9999 FEW018 SCT100 25/24 Q1007 NOSIG
WABB,2023-11-07 20:00,6.21,M,310.00,3.00,WABB 072000Z 31003KT 130V310 9999 FEW018 SCT100 25/24 Q1008 NOSIG
WABB,2023-11-07 20:30,6.21,M,320.00,3.00,WABB 072030Z 32003KT 140V320 9999 FEW018 SCT100 25/24 Q1008 NOSIG
WABB,2023-11-07 21:00,6.21,M,330.00,5.00,WABB 072100Z 33005KT 150V330 9999 FEW018 SCT100 25/24 Q1009 NOSIG
WABB,2023-11-07 21:30,6.21,M,320.00,4.00,WABB 072130Z 32004KT 130V320 9999 FEW018 SCT100 27/25 Q1009 NOSIG
WABB,2023-11-07 22:00,6.21,M,320.00,5.00,WABB 072200Z 32005KT 140V320 9999 FEW018 SCT100 28/25 Q1009 NOSIG
WABB,2023-11-07 22:30,6.21,M,280.00,7.00,WABB 072230Z 28007KT 120V280 9999 FEW018 SCT100 29/26 Q1009 NOSIG
WABB,2023-11-07 23:00,6.21,M,280.00,6.00,WABB 072300Z 28006KT 100V280 9999 FEW018 30/26 Q1010 NOSIG
WABB,2023-11-07 23:30,6.21,M,220.00,7.00,WABB 072330Z 22007KT 060V220 9999 FEW018 30/26 Q1010 NOSIG
WABB,2023-11-08 00:00,6.21,M,220.00,4.00,WABB 080000Z 22004KT 060V220 9999 SCT018 30/26 Q1010 NOSIG
WABB,2023-11-08 00:30,6.21,M,250.00,3.00,WABB 080030Z 25003KT 080V250 9999 SCT018 30/26 Q1010 NOSIG
WABB,2023-11-08 01:00,6.21,M,240.00,5.00,WABB 080100Z 24005KT 070V240 9999 SCT018 SCT100 30/26 Q1010 NOSIG
WABB,2023-11-08 01:30,6.21,M,270.00,10.00,WABB 080130Z 27010KT 070V270 9999 SCT018 SCT100 31/26 Q1009 NOSIG
WABB,2023-11-08 02:00,6.21,M,240.00,6.00,WABB 080200Z 24006KT 060V240 9999 SCT018 SCT100 31/26 Q1009 NOSIG
WABB,2023-11-08 02:30,6.21,M,260.00,7.00,WABB 080230Z 26007KT 060V260 9999 SCT018 SCT100 31/26 Q1008 NOSIG
WABB,2023-11-08 03:00,6.21,M,240.00,7.00,WABB 080300Z 24007KT 060V240 9999 SCT018 SCT100 31/26 Q1008 NOSIG
WABB,2023-11-08 03:30,6.21,M,250.00,7.00,WABB 080330Z 25007KT 070V250 9999 SCT018 SCT100 31/26 Q1007 NOSIG
WABB,2023-11-08 04:00,6.21,M,240.00,11.00,WABB 080400Z 24011KT 060V240 9999 SCT018 SCT100 31/26 Q1007 NOSIG
WABB,2023-11-08 04:30,6.21,M,270.00,9.00,WABB 080430Z 27009KT 080V270 9999 SCT018 SCT100 31/26 Q1006 NOSIG
WABB,2023-11-08 05:00,6.21,M,250.00,9.00,WABB 080500Z 25009KT 080V250 9999 SCT018 BKN100 30/26 Q1006 NOSIG
WABB,2023-11-08 05:30,6.21,M,280.00,8.00,WABB 080530Z 28008KT 080V280 9999 FEW018TCU SCT018 BKN100 30/26 Q1006 NOSIG RMK TCU AT EAST METAR WIMM 080530Z 33010KT 9999 SCT017 30/27 Q1010 NOSIG
WABB,2023-11-08 06:00,5.59,M,240.00,8.00,WABB 080600Z 24008KT 070V240 9000 SCT018 BKN100 30/26 Q1006 NOSIG
WABB,2023-11-08 06:30,5.59,M,290.00,9.00,WABB 080630Z 29009KT 100V290 9000 SCT018 BKN100 30/25 Q1006 NOSIG
WABB,2023-11-08 07:00,6.21,M,280.00,10.00,WABB 080700Z 28010KT 100V280 9999 SCT018 BKN100 30/25 Q1006 NOSIG
WABB,2023-11-08 07:30,6.21,M,300.00,7.00,WABB 080730Z 30007KT 120V300 9999 SCT018 BKN100 30/26 Q1007 NOSIG
WABB,2023-11-08 08:00,6.21,M,330.00,7.00,WABB 080800Z 33007KT 160V330 9999 SCT018 SCT100 29/25 Q1007 NOSIG
WABB,2023-11-08 08:30,6.21,M,330.00,6.00,WABB 080830Z 33006KT 150V330 9999 SCT018 SCT100 28/25 Q1007 NOSIG
WABB,2023-11-08 09:00,6.21,M,320.00,5.00,WABB 080900Z 32005KT 130V320 9999 SCT018 SCT100 28/25 Q1008 NOSIG
WABB,2023-11-08 09:30,6.21,M,310.00,6.00,WABB 080930Z 31006KT 130V310 9999 FEW018 BKN100 27/25 Q1008 NOSIG
WABB,2023-11-08 10:00,6.21,M,320.00,7.00,WABB 081000Z 32007KT 140V320 9999 FEW018 BKN100 28/25 Q1008 NOSIG
WABB,2023-11-08 10:30,6.21,M,M,2.00,WABB 081030Z VRB02KT 9999 FEW018 BKN100 27/25 Q1009 NOSIG
WABB,2023-11-08 11:00,6.21,M,330.00,7.00,WABB 081100Z 33007KT 150V330 9999 FEW018 BKN100 27/25 Q1009 NOSIG
WABB,2023-11-08 11:30,6.21,M,320.00,5.00,WABB 081130Z 32005KT 150V320 9999 FEW018 BKN100 27/25 Q1010 NOSIG
WABB,2023-11-08 12:00,6.21,M,280.00,3.00,WABB 081200Z 28003KT 100V280 9999 FEW018 BKN100 27/25 Q1010 NOSIG
WABB,2023-11-08 12:30,6.21,M,300.00,3.00,WABB 081230Z 30003KT 120V300 9999 FEW018 BKN100 27/25 Q1010 NOSIG
WABB,2023-11-08 13:00,6.21,M,320.00,3.00,WABB 081300Z 32003KT 140V320 9999 FEW018 BKN100 28/25 Q1010 NOSIG
WABB,2023-11-08 13:30,6.21,M,280.00,3.00,WABB 081330Z 28003KT 110V280 9999 FEW018 BKN100 27/25 Q1010 NOSIG
WABB,2023-11-08 14:00,6.21,M,M,2.00,WABB 081400Z VRB02KT 9999 FEW018 BKN100 28/25 Q1009 NOSIG
WABB,2023-11-08 14:30,6.21,M,320.00,4.00,WABB 081430Z 32004KT 130V320 9999 FEW018 BKN100 27/25 Q1009 NOSIG
WABB,2023-11-08 15:00,6.21,M,320.00,3.00,WABB 081500Z 32003KT V320 9999 FEW018 BKN100 27/25 Q1009 NOSIG
WABB,2023-11-08 15:30,6.21,M,310.00,3.00,WABB 081530Z 31003KT 120V310 9999 FEW018 BKN100 27/25 Q1009 NOSIG
WABB,2023-11-08 16:00,6.21,M,320.00,3.00,WABB 081600Z 32003KT 140V320 9999 FEW018 BKN100 26/25 Q1009 NOSIG
WABB,2023-11-08 16:30,6.21,M,300.00,4.00,WABB 081630Z 30004KT 120V300 9999 FEW018 BKN100 26/25 Q1009 NOSIG
WABB,2023-11-08 17:00,6.21,M,320.00,5.00,WABB 081700Z 32005KT 140V320 9999 FEW018 BKN100 26/25 Q1008 NOSIG
WABB,2023-11-08 17:30,6.21,M,340.00,6.00,WABB 081730Z 34006KT 160V340 9999 FEW018 BKN100 27/25 Q1008 NOSIG
WABB,2023-11-08 19:00,6.21,TS,280.00,3.00,WABB 081900Z 28003KT 090V280 9999 TS FEW017CB FEW018 BKN100 26/24 Q1009 NOSIG RMK CB AT S METAR WIDD 081900Z 00000KT 8000 FEW014 26/25 Q1011 NOSIG
WABB,2023-11-08 19:30,6.21,TS,320.00,3.00,WABB 081930Z 32003KT 140V320 9999 TS FEW017CB FEW018 BKN100 26/24 Q1009 NOSIG RMK CB AT S METAR WIMM 081930Z 26005KT 7000 SCT017 24/24 Q1009 NOSIG
WABB,2023-11-08 20:00,6.21,TS,340.00,5.00,WABB 082000Z 34005KT 150V340 9999 TS FEW017CB FEW018 BKN100 26/24 Q1009 NOSIG RMK CB AT S METAR WIDD 082000Z 00000KT 5000 BR FEW014 26/25 Q1010 NOSIG
WABB,2023-11-08 20:30,6.21,M,320.00,6.00,WABB 082030Z 32006KT 140V320 9999 SCT018 BKN100 26/24 Q1009 RETS NOSIG
WABB,2023-11-08 21:00,6.21,M,310.00,3.00,WABB 082100Z 31003KT 140V310 9999 SCT018 BKN100 26/24 Q1009 NOSIG
WABB,2023-11-08 21:30,6.21,M,320.00,3.00,WABB 082130Z 32003KT 140V320 9999 SCT018 BKN100 26/24 Q1010 NOSIG
WABB,2023-11-08 22:00,6.21,M,300.00,4.00,WABB 082200Z 30004KT 120V300 9999 SCT018 BKN100 27/24 Q1010 NOSIG
WABB,2023-11-08 22:30,6.21,M,350.00,3.00,WABB 082230Z 35003KT 180V350 9999 SCT018 BKN100 27/25 Q1010 NOSIG
WABB,2023-11-08 23:00,6.21,M,M,2.00,WABB 082300Z VRB02KT 9999 SCT018 BKN100 28/25 Q1011 NOSIG
WABB,2023-11-08 23:30,6.21,M,270.00,4.00,WABB 082330Z 27004KT 080V270 9999 FEW018 SCT100 28/25 Q1011 NOSIG
WABB,2023-11-09 00:00,6.21,M,290.00,8.00,WABB 090000Z 29008KT 100V290 9999 FEW018 SCT100 29/26 Q1011 NOSIG
WABB,2023-11-09 00:30,6.21,M,260.00,5.00,WABB 090030Z 26005KT 080V260 9999 FEW018 SCT100 29/25 Q1011 NOSIG
WABB,2023-11-09 01:00,6.21,M,260.00,6.00,WABB 090100Z 26006KT 080V260 9999 FEW018 SCT100 30/25 Q1010 NOSIG
WABB,2023-11-09 01:30,6.21,M,250.00,10.00,WABB 090130Z 25010KT 080V250 9999 FEW018 SCT100 30/26 Q1010 NOSIG
WABB,2023-11-09 02:00,6.21,M,270.00,12.00,WABB 090200Z 27012KT 080V270 9999 FEW018 SCT100 30/26 Q1009 NOSIG
WABB,2023-11-09 02:30,6.21,M,250.00,9.00,WABB 090230Z 25009KT 080V250 9999 FEW018 SCT100 31/25 Q1009 NOSIG
WABB,2023-11-09 03:00,6.21,M,240.00,7.00,WABB 090300Z 24007KT 080V240 9999 FEW018 SCT100 30/26 Q1008 NOSIG
WABB,2023-11-09 03:30,6.21,M,240.00,14.00,WABB 090330Z 24014KT 080V240 9999 FEW018 SCT100 30/25 Q1008 NOSIG
WABB,2023-11-09 04:00,6.21,M,260.00,6.00,WABB 090400Z 26006KT 070V260 9999 FEW018 SCT100 30/26 Q1008 NOSIG
WABB,2023-11-09 04:30,6.21,-RA,270.00,16.00,WABB 090430Z 27016KT 090V270 9999 -RA FEW012CB SCT018 BKN100 28/25 Q1008 NOSIG RMK CB AT NE
WABB,2023-11-09 05:00,2.49,-RA,330.00,5.00,WABB 090500Z 33005KT 140V330 4000 -RA FEW012CB SCT018 BKN100 27/26 Q1008 NOSIG RMK CB AT NE METAR WIDD 090500Z 26009KT 9999 FEW013CB SCT013 29/25 Q1012 NOSIG CB TO SE AND S
WABB,2023-11-09 05:30,2.49,-RA,M,2.00,WABB 090530Z VRB02KT 4000 -RA FEW012CB SCT018 BKN100 28/26 Q1008 NOSIG RMK CB AT NE
WABB,2023-11-09 06:00,2.49,M,20.00,3.00,WABB 090600Z 02003KT 020V260 4000 FEW018 SCT100 28/26 Q1008 NOSIG
WABB,2023-11-09 06:30,2.49,M,340.00,4.00,WABB 090630Z 34004KT 160V340 4000 FEW018 SCT100 28/26 Q1008 NOSIG
WABB,2023-11-09 07:00,2.49,M,320.00,4.00,WABB 090700Z 32004KT 140V320 4000 FEW018 SCT100 28/26 Q1008 NOSIG
WABB,2023-11-09 07:30,2.49,M,300.00,7.00,WABB 090730Z 30007KT 110V300 4000 FEW018 SCT100 28/26 Q1007 NOSIG
WABB,2023-11-09 08:00,2.49,M,290.00,7.00,WABB 090800Z 29007KT 110V290 4000 FEW018 SCT100 28/26 Q1007 NOSIG
WABB,2023-11-09 08:30,2.49,M,280.00,4.00,WABB 090830Z 28004KT 100V280 4000 FEW018 SCT100 28/26 Q1008 NOSIG
WABB,2023-11-09 09:00,2.49,M,310.00,3.00,WABB 090900Z 31003KT 130V310 4000 FEW018 SCT100 27/26 Q1008 NOSIG
WABB,2023-11-09 09:30,2.49,M,0.00,0.00,WABB 090930Z 00000KT 4000 FEW018 SCT100 27/26 Q1009 NOSIG
WABB,2023-11-09 10:00,2.49,M,M,2.00,WABB 091000Z VRB02KT 4000 FEW018 SCT100 27/26 Q1010 NOSIG
WABB,2023-11-09 10:30,2.49,M,M,2.00,WABB 091030Z VRB02KT 4000 FEW018 SCT100 27/26 Q1010 NOSIG
WABB,2023-11-09 11:00,6.21,M,350.00,3.00,WABB 091100Z 35003KT 170V350 9999 FEW SCT100 26/26 Q1011 NOSIG
WABB,2023-11-09 11:30,6.21,M,M,2.00,WABB 091130Z VRB02KT 9999 FEW018 SCT100 27/26 Q1011 NOSIG
WABB,2023-11-09 12:00,6.21,M,310.00,4.00,WABB 091200Z 31004KT 130V310 9999 FEW018 SCT100 27/26 Q1011 NOSIG
WABB,2023-11-09 12:30,6.21,M,M,2.00,WABB 091230Z VRB02KT 9999 FEW018 SCT100 26/26 Q1011 NOSIG
WABB,2023-11-09 13:00,6.21,M,M,2.00,WABB 091300Z VRB02KT 9999 FEW018 SCT100 26/25 Q1011 NOSIG
WABB,2023-11-09 13:30,6.21,M,M,2.00,WABB 091330Z VRB02KT 9999 FEW018 SCT100 26/25 Q1011 NOSIG
WABB,2023-11-09 14:00,6.21,M,330.00,4.00,WABB 091400Z 33004KT 150V330 9999 FEW018 SCT100 26/25 Q1011 NOSIG
WABB,2023-11-09 14:30,6.21,M,310.00,5.00,WABB 091430Z 31005KT 140V310 9999 FEW018 SCT100 26/25 Q1011 NOSIG
WABB,2023-11-09 15:00,6.21,M,320.00,4.00,WABB 091500Z 32004KT 130V320 9999 FEW018 26/25 Q1010 NOSIG
WABB,2023-11-09 15:30,6.21,M,320.00,3.00,WABB 091530Z 32003KT 140V320 9999 FEW018 26/25 Q1010 NOSIG
WABB,2023-11-09 16:00,6.21,M,320.00,6.00,WABB 091600Z 32006KT 140V320 9999 FEW018 26/25 Q1010 NOSIG
WABB,2023-11-09 16:30,6.21,M,300.00,5.00,WABB 091630Z 30005KT 130V300 9999 FEW018 26/25 Q1009 NOSIG
WABB,2023-11-09 17:00,6.21,M,300.00,3.00,WABB 091700Z 30003KT 130V300 9999 FEW018 26/25 Q1009 NOSIG
WABB,2023-11-09 17:30,6.21,M,320.00,4.00,WABB 091730Z 32004KT 140V320 9999 FEW018 26/25 Q1008 NOSIG
WABB,2023-11-09 18:00,6.21,M,320.00,4.00,WABB 091800Z 32004KT 140V320 9999 FEW018 26/25 Q1008 NOSIG
WABB,2023-11-09 18:30,6.21,M,310.00,4.00,WABB 091830Z 31004KT 130V310 9999 FEW018 26/25 Q1009 NOSIG
WABB,2023-11-09 19:00,6.21,M,310.00,3.00,WABB 091900Z 31003KT 130V310 9999 FEW018 26/25 Q1009 NOSIG
WABB,2023-11-09 19:30,6.21,M,360.00,4.00,WABB 091930Z 36004KT 180V360 9999 FEW018 25/25 Q1009 NOSIG
WABB,2023-11-09 20:00,6.21,M,300.00,3.00,WABB 092000Z 30003KT 120V300 9999 FEW018 26/25 Q1010 NOSIG
WABB,2023-11-09 20:30,6.21,M,M,2.00,WABB 092030Z VRB02KT 9999 SCT018 26/25 Q1010 NOSIG
WABB,2023-11-09 21:00,6.21,M,M,2.00,WABB 092100Z VRB02KT 9999 FEW017CB SCT018 26/25 Q1010 NOSIG RMK CB AT S METAR WIII 092100Z 22006KT 6000 FEW020 26/25 Q1010 NOSIG
WABB,2023-11-09 21:30,6.21,M,320.00,3.00,WABB 092130Z 32003KT 150V320 9999 FEW017CB SCT018 26/25 Q1011 NOSIG RMK CB AT S
WABB,2023-11-09 22:00,6.21,M,300.00,5.00,WABB 092200Z 30005KT 120V300 9999 SCT018 SCT100 26/25 Q1011 NOSIG
WABB,2023-11-09 22:30,5.59,M,290.00,4.00,WABB 092230Z 29004KT 110V290 9000 FEW017CB SCT018 27/25 Q1012 NOSIG RMK CB AT SE
WABB,2023-11-09 23:00,5.59,M,290.00,8.00,WABB 092300Z 29008KT 110V290 9000 FEW017CB SCT018 28/26 Q1012 NOSIG RMK CB AT SE METAR WIMM 092300Z 23002KT 5000 BR SCT017 25/25 Q1010 NOSIG
WABB,2023-11-09 23:30,5.59,M,290.00,4.00,WABB 092330Z 29004KT 090V290 9000 FEW017CB SCT018 29/26 Q1012 NOSIG RMK CB AT SE
WABB,2023-11-10 00:00,6.21,M,270.00,6.00,WABB 100000Z 27006KT 100V270 9999 SCT018 29/25 Q1012 NOSIG
WABB,2023-11-10 00:30,6.21,M,300.00,8.00,WABB 100030Z 30008KT 100V300 9999 SCT018 29/26 Q1012 NOSIG
WABB,2023-11-10 01:00,6.21,M,300.00,4.00,WABB 100100Z 30004KT 300V090 9999 SCT018 29/26 Q1011 NOSIG
WABB,2023-11-10 01:30,6.21,M,240.00,8.00,WABB 100130Z 24008KT 080V240 9999 SCT018 31/26 Q1011 NOSIG
WABB,2023-11-10 02:00,6.21,M,270.00,6.00,WABB 100200Z 27006KT 070V270 9999 SCT018 31/26 Q1011 NOSIG
WABB,2023-11-10 02:30,6.21,M,240.00,11.00,WABB 100230Z 24011KT 070V240 9999 SCT018 31/26 Q1011 NOSIG
WABB,2023-11-10 03:00,6.21,M,260.00,6.00,WABB 100300Z 26006KT 070V260 9999 SCT018 31/26 Q1010 NOSIG
WABB,2023-11-10 03:30,6.21,M,250.00,8.00,WABB 100330Z 25008KT 070V250 9999 SCT018 30/25 Q1009 NOSIG
WABB,2023-11-10 04:00,6.21,M,250.00,9.00,WABB 100400Z 25009KT 070V250 9999 SCT018 30/25 Q1009 NOSIG
WABB,2023-11-10 04:30,6.21,M,270.00,8.00,WABB 100430Z 27008KT 090V270 9999 SCT018 29/26 Q1009 NOSIG
WABB,2023-11-10 05:00,6.21,M,260.00,9.00,WABB 100500Z 26009KT 100V260 9999 SCT018 29/25 Q1008 NOSIG
WABB,2023-11-10 05:30,6.21,M,250.00,9.00,WABB 100530Z 25009KT 080V250 9999 SCT018 29/25 Q1008 NOSIG
WABB,2023-11-10 06:00,6.21,M,250.00,9.00,WABB 100600Z 25009KT 060V250 9999 SCT018 29/26 Q1008 NOSIG
WABB,2023-11-10 06:30,6.21,M,260.00,11.00,WABB 100630Z 26011KT 070V260 9999 SCT018 30/26 Q1008 NOSIG
WABB,2023-11-10 07:00,6.21,M,260.00,9.00,WABB 100700Z 26009KT 080V260 9999 SCT018 30/26 Q1008 NOSIG
WABB,2023-11-10 07:30,6.21,M,250.00,7.00,WABB 100730Z 25007KT 080V250 9999 SCT018 30/25 Q1008 NOSIG
WABB,2023-11-10 08:00,6.21,M,270.00,8.00,WABB 100800Z 27008KT 080V270 9999 SCT018 30/25 Q1008 NOSIG
WABB,2023-11-10 08:30,6.21,M,250.00,5.00,WABB 100830Z 25005KT 080V250 9999 SCT018 29/25 Q1009 NOSIG
WABB,2023-11-10 09:00,6.21,M,270.00,7.00,WABB 100900Z 27007KT 090V270 9999 SCT018 29/25 Q1009 NOSIG
WABB,2023-11-10 09:30,6.21,M,290.00,5.00,WABB 100930Z 29005KT 100V290 9999 SCT018 29/25 Q1009 NOSIG
WABB,2023-11-10 10:00,6.21,M,300.00,5.00,WABB 101000Z 30005KT 120V300 9999 SCT018 28/25 Q1009 NOSIG
WABB,2023-11-10 10:30,6.21,M,300.00,5.00,WABB 101030Z 30005KT 120V300 9999 SCT018 27/25 Q1010 NOSIG
WABB,2023-11-10 11:30,6.21,M,330.00,5.00,WABB 101130Z 33005KT 150V330 9999 FEW018 27/25 Q1010 NOSIG
WABB,2023-11-10 12:00,6.21,M,330.00,5.00,WABB 101200Z 33005KT 150V330 9999 FEW018 27/25 Q1011 NOSIG
WABB,2023-11-10 12:30,6.21,M,320.00,6.00,WABB 101230Z 32006KT 140V320 9999 FEW018 27/26 Q1011 NOSIG
WABB,2023-11-10 13:00,6.21,M,310.00,5.00,WABB 101300Z 31005KT 130V310 9999 FEW018 27/26 Q1011 NOSIG
WABB,2023-11-10 13:30,6.21,M,330.00,3.00,WABB 101330Z 33003KT 150V330 9999 FEW018 27/25 Q1011 NOSIG
WABB,2023-11-10 14:00,6.21,M,320.00,3.00,WABB 101400Z 32003KT 140V320 9999 FEW018 26/25 Q1011 NOSIG
WABB,2023-11-10 15:00,6.21,M,330.00,3.00,WABB 101500Z 33003KT 150V330 9999 FEW018 27/25 Q1010 NOSIG
WABB,2023-11-10 16:00,6.21,M,310.00,4.00,WABB 101600Z 31004KT 120V310 9999 FEW018 27/25 Q1010 NOSIG
WABB,2023-11-10 16:30,6.21,M,M,2.00,WABB 101630Z VRB02KT 9999 FEW018 26/25 Q1010 NOSIG
WABB,2023-11-10 17:00,6.21,TS,320.00,3.00,WABB 101700Z 32003KT 140V320 9999 TS FEW012CB FEW018 26/25 Q1009 NOSIG RMK CB AT SE
WABB,2023-11-10 17:30,6.21,TS,330.00,4.00,WABB 101730Z 33004KT 150V330 9999 TS FEW012CB FEW018 26/25 Q1009 NOSIG RMK CB AT SE
WABB,2023-11-10 18:00,6.21,TS,320.00,4.00,WABB 101800Z 32004KT 140V320 9999 TS FEW012CB FEW018 26/25 Q1009 NOSIG RMK CB AT SE
WABB,2023-11-10 18:30,6.21,TS,300.00,4.00,WABB 101830Z 30004KT 120V300 9999 TS FEW012CB FEW018 26/25 Q1009 NOSIG RMK CB AT SE
WABB,2023-11-10 19:00,6.21,TS,300.00,5.00,WABB 101900Z 30005KT 120V300 9999 TS FEW012CB FEW018 26/25 Q1009 NOSIG RMK CB AT SE
WABB,2023-11-10 19:30,6.21,TS,300.00,6.00,WABB 101930Z 30006KT 120V300 9999 TS FEW012CB FEW018 27/26 Q1009 NOSIG RMK CB AT SE
WABB,2023-11-10 20:00,6.21,TS,290.00,6.00,WABB 102000Z 29006KT 110V290 9999 TS FEW012CB FEW018 27/26 Q1009 NOSIG RMK CB AT SE
WABB,2023-11-10 20:30,6.21,TS,300.00,5.00,WABB 102030Z 30005KT 120V300 9999 TS FEW012CB FEW018 27/26 Q1009 NOSIG RMK CB AT SE
WABB,2023-11-10 21:00,6.21,TS,320.00,4.00,WABB 102100Z 32004KT 130V320 9999 TS FEW012CB FEW018 27/25 Q1010 NOSIG RMK CB AT SE
WABB,2023-11-10 21:30,6.21,TS,310.00,5.00,WABB 102130Z 31005KT 130V310 9999 TS FEW012CB FEW018 27/26 Q1010 NOSIG RMK CB AT SE
WABB,2023-11-10 22:00,6.21,TS,280.00,4.00,WABB 102200Z 28004KT 100V280 9999 TS FEW012CB FEW018 28/26 Q1010 NOSIG RMK CB AT SE
WABB,2023-11-10 22:30,6.21,M,280.00,11.00,WABB 102230Z 28011KT 100V280 9999 FEW018 29/26 Q1011 NOSIG
WABB,2023-11-10 23:00,6.21,M,260.00,10.00,WABB 102300Z 26010KT 080V260 9999 FEW018 30/26 Q1011 NOSIG
WABB,2023-11-10 23:30,6.21,M,220.00,4.00,WABB 102330Z 22004KT 070V220 9999 FEW018 31/26 Q1011 NOSIG
WABB,2023-11-11 00:00,6.21,M,250.00,11.00,WABB 110000Z 25011KT 060V250 9999 FEW018 31/26 Q1011 NOSIG
WABB,2023-11-11 00:30,6.21,M,260.00,8.00,WABB 110030Z 26008KT 080V260 9999 FEW018 31/26 Q1011 NOSIG
WABB,2023-11-11 01:00,6.21,M,260.00,10.00,WABB 110100Z 26010KT 070V260 9999 FEW018 31/26 Q1011 NOSIG
WABB,2023-11-11 01:30,6.21,M,260.00,9.00,WABB 110130Z 26009KT 060V260 9999 FEW018 31/26 Q1010 NOSIG
WABB,2023-11-11 02:00,6.21,M,240.00,7.00,WABB 110200Z 24007KT 070V240 9999 FEW018 31/26 Q1010 NOSIG
WABB,2023-11-11 02:30,6.21,M,230.00,10.00,WABB 110230Z 23010KT 080V230 9999 FEW018 31/26 Q1010 NOSIG
WABB,2023-11-11 03:00,6.21,M,240.00,8.00,WABB 110300Z 24008KT 060V240 9999 FEW018 32/26 Q1009 NOSIG
WABB,2023-11-11 03:30,6.21,M,270.00,9.00,WABB 110330Z 27009KT 070V270 9999 FEW018 31/26 Q1009 NOSIG
WABB,2023-11-11 04:00,6.21,M,260.00,12.00,WABB 110400Z 26012KT 070V260 9999 FEW018 31/26 Q1009 NOSIG
WABB,2023-11-11 04:30,6.21,M,250.00,8.00,WABB 110430Z 25008KT 070V250 9999 FEW018 32/26 Q1008 NOSIG
WABB,2023-11-11 05:00,6.21,M,260.00,9.00,WABB 110500Z 26009KT 080V260 9999 FEW018 31/25 Q1008 NOSIG
WABB,2023-11-11 05:30,6.21,M,240.00,8.00,WABB 110530Z 24008KT 070V240 9999 FEW018 31/26 Q1008 NOSIG
WABB,2023-11-11 06:00,6.21,M,240.00,5.00,WABB 110600Z 24005KT 070V240 9999 FEW018 31/26 Q1008 NOSIG
WABB,2023-11-11 06:30,6.21,M,260.00,9.00,WABB 110630Z 26009KT 080V260 9999 FEW018 31/26 Q1008 NOSIG
WABB,2023-11-11 07:00,6.21,M,240.00,9.00,WABB 110700Z 24009KT 080V240 9999 FEW018 31/25 Q1008 NOSIG
WABB,2023-11-11 07:30,6.21,M,260.00,7.00,WABB 110730Z 26007KT 080V260 9999 FEW018 31/25 Q1008 NOSIG
WABB,2023-11-11 08:00,6.21,M,260.00,8.00,WABB 110800Z 26008KT 090V260 9999 FEW018 31/25 Q1008 NOSIG
WABB,2023-11-11 08:30,6.21,M,280.00,10.00,WABB 110830Z 28010KT 100V280 9999 FEW018 30/25 Q1008 NOSIG
WABB,2023-11-11 09:00,6.21,M,290.00,10.00,WABB 110900Z 29010KT 120V290 9999 FEW018 29/25 Q1009 NOSIG
WABB,2023-11-11 09:30,6.21,M,300.00,10.00,WABB 110930Z 30010KT 120V300 9999 FEW018 29/26 Q1009 NOSIG
WABB,2023-11-11 10:00,6.21,M,310.00,8.00,WABB 111000Z 31008KT 120V310 9999 FEW018 28/25 Q1009 NOSIG
WABB,2023-11-11 10:30,6.21,M,300.00,8.00,WABB 111030Z 30008KT 120V300 9999 FEW018 28/25 Q1010 NOSIG
WABB,2023-11-11 11:00,6.21,M,300.00,10.00,WABB 111100Z 30010KT 120V300 9999 FEW018 28/25 Q1010 NOSIG
WABB,2023-11-11 11:30,6.21,M,310.00,9.00,WABB 111130Z 31009KT 130V310 9999 FEW018 28/25 Q1010 NOSIG
WABB,2023-11-11 12:00,6.21,M,320.00,13.00,WABB 111200Z 32013KT 130V320 9999 FEW018 28/25 Q1011 NOSIG
WABB,2023-11-11 12:30,6.21,M,300.00,7.00,WABB 111230Z 30007KT 130V300 9999 FEW018 28/25 Q1011 NOSIG
WABB,2023-11-11 13:00,6.21,M,300.00,11.00,WABB 111300Z 30011KT 120V300 9999 FEW018 28/25 Q1011 NOSIG
WABB,2023-11-11 13:30,6.21,M,330.00,8.00,WABB 111330Z 33008KT 150V330 9999 FEW018 28/25 Q1010 NOSIG
WABB,2023-11-11 14:00,6.21,M,320.00,8.00,WABB 111400Z 32008KT 130V320 9999 FEW018 28/24 Q1010 NOSIG
WABB,2023-11-11 14:30,6.21,M,310.00,7.00,WABB 111430Z 31007KT 130V310 9999 FEW018 28/24 Q1010 NOSIG
WABB,2023-11-11 15:00,6.21,M,310.00,10.00,WABB 111500Z 31010KT 130V310 9999 FEW018 28/24 Q1010 NOSIG
WABB,2023-11-11 15:30,6.21,M,310.00,8.00,WABB 111530Z 31008KT 130V310 9999 FEW018 28/24 Q1009 NOSIG
WABB,2023-11-11 16:00,6.21,M,280.00,4.00,WABB 111600Z 28004KT 110V280 9999 FEW018 28/25 Q1009 NOSIG
WABB,2023-11-11 16:30,6.21,M,280.00,3.00,WABB 111630Z 28003KT 100V280 9999 FEW018 27/25 Q1009 NOSIG
WABB,2023-11-11 17:00,6.21,M,280.00,5.00,WABB 111700Z 28005KT 090V280 9999 FEW018 28/25 Q1008 NOSIG
WABB,2023-11-11 17:30,6.21,M,280.00,5.00,WABB 111730Z 28005KT 100V280 9999 FEW018 27/25 Q1008 NOSIG
WABB,2023-11-11 18:00,6.21,M,310.00,6.00,WABB 111800Z 31006KT 120V310 9999 FEW018 27/25 Q1008 NOSIG
WABB,2023-11-11 18:30,6.21,M,310.00,5.00,WABB 111830Z 31005KT 120V310 9999 FEW018 27/25 Q1008 NOSIG
WABB,2023-11-11 19:00,6.21,M,300.00,8.00,WABB 111900Z 30008KT 120V300 9999 FEW018 27/25 Q1008 NOSIG
WABB,2023-11-11 19:30,6.21,M,290.00,9.00,WABB 111930Z 29009KT 110V290 9999 FEW018 27/26 Q1008 NOSIG
WABB,2023-11-11 20:00,6.21,M,280.00,6.00,WABB 112000Z 28006KT 100V280 9999 FEW018 27/26 Q1008 NOSIG
WABB,2023-11-11 20:30,6.21,M,280.00,6.00,WABB 112030Z 28006KT 100V280 9999 FEW018 27/26 Q1009 NOSIG
WABB,2023-11-11 21:00,6.21,M,290.00,7.00,WABB 112100Z 29007KT 110V290 9999 FEW018 27/26 Q1009 NOSIG
WABB,2023-11-11 21:30,6.21,M,320.00,4.00,WABB 112130Z 32004KT 120V320 9999 FEW018 28/26 Q1010 NOSIG
WABB,2023-11-11 22:00,6.21,M,310.00,8.00,WABB 112200Z 31008KT 130V310 9999 FEW018 29/26 Q1010 NOSIG
WABB,2023-11-11 22:30,6.21,M,280.00,6.00,WABB 112230Z 28006KT 120V280 9999 FEW018 29/26 Q1011 NOSIG
WABB,2023-11-11 23:00,6.21,M,270.00,8.00,WABB 112300Z 27008KT 100V270 9999 FEW018 30/26 Q1011 NOSIG
WABB,2023-11-11 23:30,6.21,M,260.00,6.00,WABB 112330Z 26006KT 090V260 9999 FEW018 30/26 Q1011 NOSIG
WABB,2023-11-12 00:00,6.21,M,280.00,4.00,WABB 120000Z 28004KT 100V280 9999 FEW018 31/26 Q1011 NOSIG
WABB,2023-11-12 00:30,6.21,M,240.00,10.00,WABB 120030Z 24010KT 070V240 9999 FEW018 32/26 Q1011 NOSIG
WABB,2023-11-12 01:00,6.21,M,250.00,16.00,WABB 120100Z 25016KT 080V250 9999 FEW018 31/24 Q1011 NOSIG
WABB,2023-11-12 01:30,6.21,M,260.00,11.00,WABB 120130Z 26011KT 090V260 9999 SCT018 31/24 Q1011 RERA NOSIG
WABB,2023-11-12 02:00,6.21,M,260.00,12.00,WABB 120200Z 26012KT 080V260 9999 SCT018 32/26 Q1011 NOSIG
WABB,2023-11-12 02:30,6.21,M,250.00,13.00,WABB 120230Z 25013KT 090V250 9999 SCT018 32/26 Q1010 NOSIG
WABB,2023-11-12 03:00,6.21,M,280.00,16.00,WABB 120300Z 28016KT 080V280 9999 SCT018 32/25 Q1010 NOSIG
WABB,2023-11-12 03:30,6.21,M,280.00,11.00,WABB 120330Z 28011KT 090V280 9999 SCT018 32/25 Q1009 NOSIG
WABB,2023-11-12 04:00,6.21,M,280.00,15.00,WABB 120400Z 28015KT 090V280 9999 SCT018 32/25 Q1009 NOSIG
WABB,2023-11-12 04:30,6.21,M,280.00,14.00,WABB 120430Z 28014KT 080V280 9999 SCT018 32/25 Q1009 NOSIG
WABB,2023-11-12 05:30,6.21,M,250.00,10.00,WABB 120530Z 25010KT 080V250 9999 SCT018 31/25 Q1008 NOSIG
WABB,2023-11-12 06:00,6.21,M,260.00,12.00,WABB 120600Z 26012KT 080V260 9999 SCT018 31/25 Q1008 NOSIG
WABB,2023-11-12 06:30,6.21,M,270.00,8.00,WABB 120630Z 27008KT 080V270 9999 FEW018 32/25 Q1008 NOSIG
WABB,2023-11-12 07:00,6.21,M,240.00,6.00,WABB 120700Z 24006KT 080V240 9999 FEW018 31/24 Q1008 NOSIG
WABB,2023-11-12 07:30,6.21,M,280.00,8.00,WABB 120730Z 28008KT 090V280 9999 FEW018 30/24 Q1008 NOSIG
WABB,2023-11-12 08:00,6.21,M,270.00,11.00,WABB 120800Z 27011KT 080V270 9999 FEW018 31/26 Q1008 NOSIG
WABB,2023-11-12 09:00,6.21,M,320.00,6.00,WABB 120900Z 32006KT 120V320 9999 FEW018 29/25 Q1009 NOSIG
WABB,2023-11-12 09:30,6.21,M,300.00,8.00,WABB 120930Z 30008KT 130V300 9999 FEW018 29/25 Q1009 NOSIG
WABB,2023-11-12 10:00,6.21,M,320.00,6.00,WABB 121000Z 32006KT 140V320 9999 FEW018 28/25 Q1009 NOSIG
WABB,2023-11-12 10:30,6.21,M,310.00,6.00,WABB 121030Z 31006KT 140V310 9999 FEW018 28/25 Q1010 NOSIG
WABB,2023-11-12 11:00,6.21,M,320.00,7.00,WABB 121100Z 32007KT 140V320 9999 FEW018 28/25 Q1010 NOSIG
WABB,2023-11-12 11:30,6.21,M,320.00,5.00,WABB 121130Z 32005KT 130V320 9999 FEW018 28/26 Q1010 NOSIG
WABB,2023-11-12 12:00,6.21,M,320.00,4.00,WABB 121200Z 32004KT 140V320 9999 FEW018 28/26 Q1010 NOSIG
WABB,2023-11-12 12:30,6.21,M,0.00,0.00,WABB 121230Z 00000KT 9999 FEW018 27/25 Q1010 NOSIG
WABB,2023-11-12 13:00,6.21,M,310.00,6.00,WABB 121300Z 31006KT 120V310 9999 FEW018 27/25 Q1010 NOSIG
WABB,2023-11-12 13:30,6.21,M,330.00,4.00,WABB 121330Z 33004KT 150V330 9999 FEW018 27/25 Q1010 NOSIG
WABB,2023-11-12 14:00,6.21,M,320.00,4.00,WABB 121400Z 32004KT 150V320 9999 FEW018 27/25 Q1009 NOSIG
WABB,2023-11-12 14:30,6.21,M,350.00,3.00,WABB 121430Z 35003KT 160V350 9999 FEW018 27/25 Q1010 NOSIG
WABB,2023-11-12 15:00,6.21,M,320.00,4.00,WABB 121500Z 32004KT 140V320 9999 FEW018 27/25 Q1009 NOSIG
WABB,2023-11-12 15:30,6.21,M,310.00,5.00,WABB 121530Z 31005KT 130V310 9999 FEW018 27/26 Q1009 NOSIG
WABB,2023-11-12 16:00,6.21,M,320.00,4.00,WABB 121600Z 32004KT 140V320 9999 FEW018 27/26 Q1009 NOSIG
WABB,2023-11-12 16:30,6.21,M,300.00,4.00,WABB 121630Z 30004KT 120V300 9999 FEW018 27/26 Q1008 NOSIG
WABB,2023-11-12 17:00,6.21,M,320.00,3.00,WABB 121700Z 32003KT 140V320 9999 FEW018 26/26 Q1008 NOSIG
WABB,2023-11-12 17:30,6.21,M,310.00,3.00,WABB 121730Z 31003KT 120V310 9999 FEW018 27/26 Q1008 NOSIG
WABB,2023-11-12 18:00,6.21,M,310.00,5.00,WABB 121800Z 31005KT 130V310 9999 FEW018 27/26 Q1007 NOSIG
WABB,2023-11-12 18:30,6.21,M,300.00,6.00,WABB 121830Z 30006KT 120V300 9999 FEW018 27/26 Q1007 NOSIG
WABB,2023-11-12 19:00,6.21,M,280.00,10.00,WABB 121900Z 28010KT 090V280 9999 FEW018 28/27 Q1007 NOSIG
WABB,2023-11-12 19:30,6.21,M,280.00,9.00,WABB 121930Z 28009KT 090V280 9999 FEW018 28/26 Q1007 NOSIG
WABB,2023-11-12 20:00,6.21,M,280.00,7.00,WABB 122000Z 28007KT 090V280 9999 FEW018 28/26 Q1008 NOSIG
WABB,2023-11-12 20:30,6.21,M,250.00,8.00,WABB 122030Z 25008KT 070V250 9999 FEW018 29/26 Q1008 NOSIG
WABB,2023-11-12 21:00,6.21,M,270.00,8.00,WABB 122100Z 27008KT 080V270 9999 FEW018 29/26 Q1008 NOSIG
WABB,2023-11-12 21:30,6.21,M,270.00,8.00,WABB 122130Z 27008KT 080V270 9999 FEW018 30/25 Q1008 NOSIG
WABB,2023-11-12 22:00,6.21,M,240.00,8.00,WABB 122200Z 24008KT 080V240 9999 FEW018 30/25 Q1009 NOSIG
WABB,2023-11-12 22:30,6.21,M,250.00,14.00,WABB 122230Z 25014KT 080V250 9999 FEW018 30/25 Q1009 NOSIG
WABB,2023-11-12 23:00,6.21,M,250.00,9.00,WABB 122300Z 25009KT 060V250 9999 FEW018 31/25 Q1010 NOSIG
WABB,2023-11-12 23:30,6.21,M,250.00,9.00,WABB 122330Z 25009KT 060V250 9999 FEW018 31/25 Q1010 NOSIG
WABB,2023-11-13 00:00,6.21,M,260.00,13.00,WABB 130000Z 26013KT 080V260 9999 SCT018 30/26 Q1010 NOSIG
WABB,2023-11-13 00:30,6.21,M,270.00,16.00,WABB 130030Z 27016KT 070V270 9999 SCT018 30/26 Q1010 NOSIG
WABB,2023-11-13 01:00,6.21,M,270.00,9.00,WABB 130100Z 27009KT 070V270 9999 SCT018 31/26 Q1010 NOSIG
WABB,2023-11-13 01:30,6.21,M,260.00,10.00,WABB 130130Z 26010KT 080V260 9999 SCT018 31/26 Q1010 NOSIG
WABB,2023-11-13 02:00,6.21,M,250.00,13.00,WABB 130200Z 25013KT 080V250 9999 SCT018 31/26 Q1009 NOSIG
WABB,2023-11-13 02:30,6.21,M,260.00,8.00,WABB 130230Z 26008KT 080V260 9999 SCT018 31/26 Q1009 NOSIG
WABB,2023-11-13 03:00,6.21,M,220.00,9.00,WABB 130300Z 22009KT 070V220 9999 SCT018 31/25 Q1008 NOSIG
WABB,2023-11-13 03:30,6.21,M,260.00,10.00,WABB 130330Z 26010KT 070V260 9999 SCT018 32/26 Q1008 NOSIG
WABB,2023-11-13 04:00,6.21,M,270.00,5.00,WABB 130400Z 27005KT 070V270 9999 SCT018 31/26 Q1008 NOSIG
WABB,2023-11-13 04:30,6.21,M,230.00,7.00,WABB 130430Z 23007KT 060V230 9999 SCT018 32/26 Q1007 NOSIG
WABB,2023-11-13 05:00,6.21,M,250.00,9.00,WABB 130500Z 25009KT 080V250 9999 SCT018 32/26 Q1007 NOSIG
WABB,2023-11-13 05:30,6.21,M,240.00,9.00,WABB 130530Z 24009KT 080V240 9999 FEW018 31/25 Q1007 NOSIG
WABB,2023-11-13 06:00,6.21,M,260.00,10.00,WABB 130600Z 26010KT 080V260 9999 FEW018 31/26 Q1007 NOSIG
WABB,2023-11-13 06:30,6.21,M,260.00,9.00,WABB 130630Z 26009KT 080V260 9999 FEW018 31/26 Q1007 NOSIG
WABB,2023-11-13 07:00,6.21,M,270.00,12.00,WABB 130700Z 27012KT 080V270 9999 FEW018 31/26 Q1007 NOSIG
WABB,2023-11-13 07:30,6.21,M,260.00,10.00,WABB 130730Z 26010KT 080V260 9999 FEW018 30/27 Q1007 NOSIG
WABB,2023-11-13 08:00,6.21,M,250.00,7.00,WABB 130800Z 25007KT 080V250 9999 FEW018 30/27 Q1007 NOSIG
WABB,2023-11-13 08:30,6.21,M,320.00,11.00,WABB 130830Z 32011KT 140V320 9999 SCT018 30/25 Q1007 NOSIG
WABB,2023-11-13 09:00,6.21,M,320.00,7.00,WABB 130900Z 32007KT 150V320 9999 FEW018 29/25 Q1008 NOSIG
WABB,2023-11-13 09:30,6.21,M,330.00,6.00,WABB 130930Z 33006KT 160V330 9999 FEW018 28/25 Q1008 NOSIG
WABB,2023-11-13 10:00,6.21,M,330.00,5.00,WABB 131000Z 33005KT 140V330 9999 FEW018 28/26 Q1008 NOSIG
WABB,2023-11-13 10:30,6.21,M,320.00,3.00,WABB 131030Z 32003KT 140V320 9999 FEW018 28/26 Q1009 NOSIG
WABB,2023-11-13 11:00,6.21,M,350.00,5.00,WABB 131100Z 35005KT 160V350 9999 FEW018 28/26 Q1009 NOSIG
WABB,2023-11-13 11:30,6.21,M,M,2.00,WABB 131130Z VRB02KT 9999 FEW018 27/26 Q1009 NOSIG
WABB,2023-11-13 12:30,6.21,M,340.00,3.00,WABB 131230Z 34003KT 160V340 9999 FEW018 27/25 Q1010 NOSIG
WABB,2023-11-13 13:00,6.21,M,300.00,6.00,WABB 131300Z 30006KT 120V300 9999 FEW018 28/25 Q1010 NOSIG
WABB,2023-11-13 13:30,6.21,M,250.00,4.00,WABB 131330Z 25004KT 080V250 9999 FEW018 27/25 Q1010 NOSIG
WABB,2023-11-13 14:00,6.21,M,10.00,3.00,WABB 131400Z 01003KT 010V230 9999 FEW018 27/25 Q1010 NOSIG
WABB,2023-11-13 14:30,6.21,M,330.00,4.00,WABB 131430Z 33004KT 140V330 9999 FEW018 27/25 Q1009 NOSIG
WABB,2023-11-13 15:00,6.21,M,330.00,3.00,WABB 131500Z 33003KT 140V330 9999 FEW018 27/25 Q1009 NOSIG
WABB,2023-11-13 15:30,6.21,M,300.00,10.00,WABB 131530Z 30010KT 140V300 9999 FEW018 27/25 Q1009 NOSIG
WABB,2023-11-13 16:00,6.21,M,300.00,9.00,WABB 131600Z 30009KT 130V300 9999 FEW018 28/25 Q1008 NOSIG
WABB,2023-11-13 16:30,6.21,M,330.00,6.00,WABB 131630Z 33006KT 140V330 9999 FEW018 27/25 Q1008 NOSIG
WABB,2023-11-13 17:00,6.21,M,320.00,5.00,WABB 131700Z 32005KT 120V320 9999 FEW018 27/25 Q1008 NOSIG
WABB,2023-11-13 17:30,6.21,M,300.00,5.00,WABB 131730Z 30005KT 130V300 9999 FEW018 27/25 Q1008 NOSIG
WABB,2023-11-13 18:00,6.21,M,340.00,5.00,WABB 131800Z 34005KT 150V340 9999 FEW018 27/25 Q1008 NOSIG
WABB,2023-11-13 18:30,6.21,M,310.00,5.00,WABB 131830Z 31005KT 130V310 9999 FEW018 26/25 Q1008 NOSIG
WABB,2023-11-13 19:00,6.21,M,310.00,7.00,WABB 131900Z 31007KT 130V310 9999 FEW018 27/24 Q1008 NOSIG
WABB,2023-11-13 19:30,6.21,M,290.00,3.00,WABB 131930Z 29003KT 100V290 9999 FEW018 26/24 Q1009 NOSIG
WABB,2023-11-13 20:00,6.21,M,310.00,4.00,WABB 132000Z 31004KT 120V310 9999 FEW018 26/24 Q1009 NOSIG
WABB,2023-11-13 20:30,6.21,M,270.00,10.00,WABB 132030Z 27010KT 100V270 9999 FEW018 27/26 Q1009 NOSIG
WABB,2023-11-13 21:00,6.21,M,290.00,8.00,WABB 132100Z 29008KT 110V290 9999 FEW018 28/25 Q1009 NOSIG
WABB,2023-11-13 21:30,6.21,M,280.00,7.00,WABB 132130Z 28007KT 100V280 9999 FEW018 28/25 Q1010 NOSIG
WABB,2023-11-13 22:00,6.21,M,290.00,7.00,WABB 132200Z 29007KT 110V290 9999 FEW018 29/26 Q1010 NOSIG
WABB,2023-11-13 22:30,6.21,M,250.00,8.00,WABB 132230Z 25008KT 070V250 9999 FEW018 30/26 Q1010 NOSIG
WABB,2023-11-13 23:00,6.21,M,260.00,9.00,WABB 132300Z 26009KT 070V260 9999 FEW018 30/25 Q1011 NOSIG
WABB,2023-11-13 23:30,6.21,M,250.00,6.00,WABB 132330Z 25006KT 070V250 9999 FEW018 30/26 Q1011 NOSIG
WABB,2023-11-14 00:00,6.21,M,220.00,11.00,WABB 140000Z 22011KT 070V220 9999 FEW018 31/25 Q1011 NOSIG
WABB,2023-11-14 00:30,6.21,M,260.00,12.00,WABB 140030Z 26012KT 070V260 9999 FEW018 31/25 Q1010 NOSIG
WABB,2023-11-14 01:00,6.21,M,270.00,15.00,WABB 140100Z 27015KT 080V270 9999 FEW018 31/25 Q1010 NOSIG
WABB,2023-11-14 01:30,6.21,M,250.00,15.00,WABB 140130Z 25015KT 080V250 9999 SCT018 31/26 Q1010 NOSIG
WABB,2023-11-14 02:00,6.21,M,260.00,7.00,WABB 140200Z 26007KT 070V260 9999 SCT018 31/25 Q1010 NOSIG
WABB,2023-11-14 02:30,6.21,M,270.00,12.00,WABB 140230Z 27012KT 070V270 9999 SCT018 32/26 Q1010 NOSIG
WABB,2023-11-14 03:00,6.21,M,250.00,11.00,WABB 140300Z 25011KT 070V250 9999 SCT018 31/25 Q1009 NOSIG
WABB,2023-11-14 03:30,6.21,M,280.00,6.00,WABB 140330Z 28006KT 080V280 9999 SCT018 31/26 Q1009 NOSIG
WABB,2023-11-14 04:00,6.21,M,270.00,12.00,WABB 140400Z 27012KT 080V270 9999 SCT018 31/25 Q1008 NOSIG
WABB,2023-11-14 04:30,6.21,M,260.00,11.00,WABB 140430Z 26011KT 070V260 9999 SCT018 31/25 Q1008 NOSIG
WABB,2023-11-14 05:00,6.21,M,250.00,10.00,WABB 140500Z 25010KT 080V250 9999 SCT018 31/25 Q1008 NOSIG
WABB,2023-11-14 05:30,6.21,M,280.00,8.00,WABB 140530Z 28008KT 280V070 9999 SCT018 31/25 Q1008 NOSIG
WABB,2023-11-14 06:00,6.21,M,260.00,12.00,WABB 140600Z 26012KT 080V260 9999 SCT018 32/25 Q1007 NOSIG
WABB,2023-11-14 06:30,6.21,M,250.00,16.00,WABB 140630Z 25016KT 080V250 9999 SCT018 31/25 Q1007 NOSIG
WABB,2023-11-14 07:00,6.21,M,270.00,5.00,WABB 140700Z 27005KT 080V270 9999 SCT018 31/25 Q1008 NOSIG
WABB,2023-11-14 07:30,6.21,M,260.00,10.00,WABB 140730Z 26010KT 080V260 9999 SCT018 30/25 Q1008 NOSIG
WABB,2023-11-14 08:00,6.21,M,260.00,5.00,WABB 140800Z 26005KT 070V260 9999 SCT018 30/25 Q1008 NOSIG
WABB,2023-11-14 08:30,6.21,M,260.00,9.00,WABB 140830Z 26009KT 080V260 9999 SCT018 30/25 Q1008 NOSIG
WABB,2023-11-14 09:00,6.21,M,250.00,6.00,WABB 140900Z 25006KT 070V250 9999 SCT018 29/25 Q1008 NOSIG
WABB,2023-11-14 09:30,6.21,M,260.00,6.00,WABB 140930Z 26006KT 070V260 9999 SCT018 30/25 Q1008 NOSIG
WABB,2023-11-14 10:00,6.21,M,240.00,9.00,WABB 141000Z 24009KT 080V240 9999 SCT018 29/26 Q1009 NOSIG
WABB,2023-11-14 10:30,6.21,M,260.00,9.00,WABB 141030Z 26009KT 080V260 9999 SCT018 29/26 Q1009 NOSIG
WABB,2023-11-14 11:00,6.21,M,270.00,6.00,WABB 141100Z 27006KT 100V270 9999 SCT018 29/26 Q1009 NOSIG
WABB,2023-11-14 11:30,6.21,M,290.00,9.00,WABB 141130Z 29009KT 110V290 9999 SCT018 28/26 Q1009 NOSIG
WABB,2023-11-14 12:00,6.21,M,300.00,5.00,WABB 141200Z 30005KT 120V300 9999 SCT018 28/25 Q1010 NOSIG
WABB,2023-11-14 12:30,6.21,M,310.00,4.00,WABB 141230Z 31004KT 120V310 9999 SCT018 27/25 Q1010 NOSIG
WABB,2023-11-14 13:00,6.21,M,320.00,4.00,WABB 141300Z 32004KT 140V320 9999 SCT018 27/26 Q1010 NOSIG
WABB,2023-11-14 13:30,6.21,M,320.00,5.00,WABB 141330Z 32005KT 140V320 9999 SCT018 27/26 Q1009 NOSIG
WABB,2023-11-14 14:00,6.21,M,320.00,3.00,WABB 141400Z 32003KT 140V320 9999 SCT018 27/26 Q1009 NOSIG
WABB,2023-11-14 14:30,6.21,M,320.00,4.00,WABB 141430Z 32004KT 140V320 9999 SCT018 27/26 Q1009 NOSIG
WABB,2023-11-14 15:00,6.21,M,290.00,5.00,WABB 141500Z 29005KT 120V290 9999 SCT018 27/26 Q1009 NOSIG
WABB,2023-11-14 15:30,6.21,M,280.00,7.00,WABB 141530Z 28007KT 110V280 9999 SCT018 27/26 Q1008 NOSIG
WABB,2023-11-14 16:00,6.21,M,300.00,6.00,WABB 141600Z 30006KT 110V300 9999 SCT018 28/26 Q1008 NOSIG
WABB,2023-11-14 17:00,6.21,M,300.00,8.00,WABB 141700Z 30008KT 120V300 9999 SCT018 28/26 Q1008 NOSIG
WABB,2023-11-14 17:30,3.73,-RA,280.00,7.00,WABB 141730Z 28007KT 100V280 6000 -RA SCT018 28/26 Q1008 NOSIG
WABB,2023-11-14 18:00,6.21,-RA,260.00,10.00,WABB 141800Z 26010KT 080V260 9999 -RA SCT018 29/25 Q1007 NOSIG
WABB,2023-11-14 18:30,6.21,-RA,260.00,10.00,WABB 141830Z 26010KT 080V260 9999 -RA SCT018 29/25 Q1008 NOSIG
WABB,2023-11-14 19:00,6.21,M,240.00,10.00,WABB 141900Z 24010KT 060V240 9999 SCT018 29/25 Q1008 RERA NOSIG
WABB,2023-11-14 19:30,6.21,M,230.00,8.00,WABB 141930Z 23008KT 070V230 9999 SCT018 29/25 Q1008 NOSIG
WABB,2023-11-14 20:00,6.21,M,240.00,8.00,WABB 142000Z 24008KT 060V240 9999 SCT018 29/25 Q1008 NOSIG
WABB,2023-11-14 20:30,6.21,M,230.00,16.00,WABB 142030Z 23016KT 060V230 9999 SCT018 29/25 Q1009 NOSIG
WABB,2023-11-14 21:00,6.21,M,240.00,9.00,WABB 142100Z 24009KT 060V240 9999 FEW018 29/25 Q1009 NOSIG
WABB,2023-11-14 21:30,6.21,M,230.00,11.00,WABB 142130Z 23011KT 060V230 9999 FEW018 29/26 Q1010 NOSIG
WABB,2023-11-14 22:00,6.21,M,240.00,13.00,WABB 142200Z 24013KT 070V240 9999 FEW018 29/26 Q1010 NOSIG
WABB,2023-11-14 22:30,6.21,M,260.00,14.00,WABB 142230Z 26014KT 060V260 9999 SCT018 30/26 Q1010 NOSIG
WABB,2023-11-14 23:00,6.21,M,260.00,10.00,WABB 142300Z 26010KT 070V260 9999 SCT018 30/26 Q1011 NOSIG
WABB,2023-11-14 23:30,6.21,M,240.00,6.00,WABB 142330Z 24006KT 070V240 9999 SCT018 30/25 Q1011 NOSIG
WABB,2023-11-15 00:00,6.21,M,240.00,11.00,WABB 150000Z 24011KT 060V240 9999 SCT018 31/26 Q1011 NOSIG
WABB,2023-11-15 00:30,6.21,M,280.00,10.00,WABB 150030Z 28010KT 080V280 9999 SCT018 31/25 Q1011 NOSIG
WABB,2023-11-15 01:00,6.21,M,240.00,10.00,WABB 150100Z 24010KT 070V240 9999 SCT018 31/25 Q1011 NOSIG
WABB,2023-11-15 01:30,6.21,M,250.00,12.00,WABB 150130Z 25012KT 070V250 9999 SCT018 31/25 Q1010 NOSIG
WABB,2023-11-15 02:00,6.21,M,260.00,11.00,WABB 150200Z 26011KT 070V260 9999 SCT018 31/25 Q1010 NOSIG
WABB,2023-11-15 02:30,6.21,M,250.00,12.00,WABB 150230Z 25012KT 070V250 9999 SCT018 32/25 Q1010 NOSIG
WABB,2023-11-15 03:00,6.21,M,260.00,14.00,WABB 150300Z 26014KT 080V260 9999 SCT018 31/25 Q1009 NOSIG
WABB,2023-11-15 03:30,6.21,M,290.00,7.00,WABB 150330Z 29007KT 290V070 9999 SCT018 31/25 Q1008 NOSIG
WABB,2023-11-15 04:00,6.21,M,240.00,8.00,WABB 150400Z 24008KT 060V240 9999 SCT018 31/25 Q1008 NOSIG
WABB,2023-11-15 04:30,6.21,M,260.00,8.00,WABB 150430Z 26008KT 060V260 9999 SCT018 31/26 Q1008 NOSIG
WABB,2023-11-15 05:00,6.21,M,250.00,8.00,WABB 150500Z 25008KT 070V250 9999 SCT018 31/26 Q1007 NOSIG
WABB,2023-11-15 05:30,6.21,M,250.00,6.00,WABB 150530Z 25006KT 060V250 9999 SCT018 31/26 Q1007 NOSIG
WABB,2023-11-15 06:00,6.21,M,260.00,9.00,WABB 150600Z 26009KT 080V260 9999 SCT018 31/26 Q1007 NOSIG
WABB,2023-11-15 06:30,6.21,M,240.00,7.00,WABB 150630Z 24007KT 080V240 9999 SCT018 31/26 Q1007 NOSIG
WABB,2023-11-15 07:00,6.21,M,250.00,8.00,WABB 150700Z 25008KT 080V250 9999 SCT018 31/26 Q1007 NOSIG
WABB,2023-11-15 07:30,6.21,M,270.00,8.00,WABB 150730Z 27008KT 080V270 9999 SCT018 31/26 Q1007 NOSIG
WABB,2023-11-15 08:00,6.21,M,270.00,9.00,WABB 150800Z 27009KT 080V270 9999 FEW018 30/26 Q1007 NOSIG
WABB,2023-11-15 08:30,6.21,M,260.00,9.00,WABB 150830Z 26009KT 080V260 9999 FEW018 30/26 Q1008 NOSIG
WABB,2023-11-15 09:00,6.21,M,270.00,7.00,WABB 150900Z 27007KT 100V270 9999 FEW018 30/25 Q1008 NOSIG
WABB,2023-11-15 09:30,6.21,M,290.00,5.00,WABB 150930Z 29005KT 100V290 9999 FEW018 29/25 Q1008 NOSIG
WABB,2023-11-15 10:00,6.21,M,310.00,6.00,WABB 151000Z 31006KT 120V310 9999 FEW018 28/25 Q1008 NOSIG
WABB,2023-11-15 10:30,6.21,M,300.00,5.00,WABB 151030Z 30005KT 120V300 9999 FEW018 28/25 Q1009 NOSIG
WABB,2023-11-15 11:00,6.21,M,310.00,6.00,WABB 151100Z 31006KT 120V310 9999 FEW018 28/25 Q1009 NOSIG
WABB,2023-11-15 11:30,6.21,M,310.00,8.00,WABB 151130Z 31008KT 120V310 9999 FEW018 28/25 Q1009 NOSIG
WABB,2023-11-15 12:00,6.21,M,300.00,9.00,WABB 151200Z 30009KT 120V300 9999 FEW018 28/25 Q1010 NOSIG
WABB,2023-11-15 12:30,6.21,M,300.00,9.00,WABB 151230Z 30009KT 120V300 9999 FEW018 28/26 Q1010 NOSIG
WABB,2023-11-15 13:00,6.21,M,310.00,6.00,WABB 151300Z 31006KT 120V310 9999 FEW018 28/26 Q1010 NOSIG
WABB,2023-11-15 13:30,6.21,M,290.00,6.00,WABB 151330Z 29006KT 110V290 9999 FEW018 28/26 Q1010 NOSIG
WABB,2023-11-15 14:00,6.21,M,290.00,5.00,WABB 151400Z 29005KT 110V290 9999 FEW018 28/26 Q1010 NOSIG
WABB,2023-11-15 14:30,6.21,M,290.00,4.00,WABB 151430Z 29004KT 120V290 9999 FEW018 28/26 Q1009 NOSIG
WABB,2023-11-15 15:00,6.21,M,290.00,4.00,WABB 151500Z 29004KT 110V290 9999 FEW018 28/26 Q1009 NOSIG
WABB,2023-11-15 15:30,6.21,M,300.00,5.00,WABB 151530Z 30005KT 110V300 9999 FEW018 27/26 Q1009 NOSIG
WABB,2023-11-15 16:00,6.21,M,270.00,5.00,WABB 151600Z 27005KT 100V270 9999 FEW018 28/26 Q1009 NOSIG
WABB,2023-11-15 16:30,6.21,M,290.00,5.00,WABB 151630Z 29005KT 110V290 9999 FEW018 28/26 Q1009 NOSIG
WABB,2023-11-15 17:00,6.21,M,280.00,6.00,WABB 151700Z 28006KT 100V280 9999 FEW018 28/26 Q1008 NOSIG
WABB,2023-11-15 17:30,6.21,M,280.00,5.00,WABB 151730Z 28005KT 100V280 9999 FEW018 28/26 Q1008 NOSIG
WABB,2023-11-15 18:00,6.21,M,280.00,7.00,WABB 151800Z 28007KT 110V280 9999 FEW018 28/26 Q1008 NOSIG
WABB,2023-11-15 18:30,6.21,M,300.00,4.00,WABB 151830Z 30004KT 100V300 9999 FEW018 28/26 Q1008 NOSIG
WABB,2023-11-15 19:00,6.21,M,280.00,4.00,WABB 151900Z 28004KT 110V280 9999 FEW018 27/26 Q1008 NOSIG
WABB,2023-11-15 19:30,6.21,M,240.00,5.00,WABB 151930Z 24005KT 090V240 9999 FEW018 28/26 Q1009 NOSIG
WABB,2023-11-15 20:00,6.21,M,250.00,8.00,WABB 152000Z 25008KT 080V250 9999 FEW018 29/25 Q1009 NOSIG
WABB,2023-11-15 20:30,6.21,M,280.00,6.00,WABB 152030Z 28006KT 280V070 9999 FEW018 29/24 Q1009 NOSIG
WABB,2023-11-15 21:00,6.21,M,270.00,10.00,WABB 152100Z 27010KT 070V270 9999 FEW018 29/25 Q1009 NOSIG
WABB,2023-11-15 21:30,6.21,M,240.00,13.00,WABB 152130Z 24013KT 060V240 9999 FEW018 29/25 Q1010 NOSIG
WABB,2023-11-15 22:00,6.21,M,250.00,7.00,WABB 152200Z 25007KT 060V250 9999 FEW018 30/25 Q1010 NOSIG
WABB,2023-11-15 22:30,6.21,M,230.00,6.00,WABB 152230Z 23006KT 060V230 9999 FEW018 30/26 Q1010 NOSIG
WABB,2023-11-15 23:00,6.21,M,240.00,6.00,WABB 152300Z 24006KT 060V240 9999 FEW018 30/26 Q1010 NOSIG
WABB,2023-11-15 23:30,6.21,M,240.00,10.00,WABB 152330Z 24010KT 070V240 9999 FEW018 30/25 Q1010 NOSIG
WABB,2023-11-16 00:00,6.21,M,260.00,16.00,WABB 160000Z 26016KT 070V260 9999 FEW018 30/25 Q1010 NOSIG
WABB,2023-11-16 00:30,6.21,M,270.00,5.00,WABB 160030Z 27005KT 070V270 9999 FEW018 31/26 Q1010 NOSIG
WABB,2023-11-16 01:00,6.21,M,250.00,8.00,WABB 160100Z 25008KT 070V250 9999 FEW018 31/26 Q1010 NOSIG
WABB,2023-11-16 01:30,6.21,M,260.00,12.00,WABB 160130Z 26012KT 070V260 9999 FEW018 31/25 Q1009 NOSIG
WABB,2023-11-16 02:00,6.21,M,250.00,7.00,WABB 160200Z 25007KT 070V250 9999 FEW018 32/25 Q1009 NOSIG
WABB,2023-11-16 02:30,6.21,M,250.00,14.00,WABB 160230Z 25014KT 080V250 9999 FEW018 32/25 Q1009 NOSIG
WABB,2023-11-16 03:00,6.21,M,260.00,12.00,WABB 160300Z 26012KT 080V260 9999 FEW018 31/24 Q1008 NOSIG
WABB,2023-11-16 03:30,6.21,M,250.00,11.00,WABB 160330Z 25011KT 070V250 9999 FEW018 31/25 Q1008 NOSIG
WABB,2023-11-16 04:00,6.21,M,270.00,11.00,WABB 160400Z 27011KT 080V270 9999 FEW018 31/25 Q1007 NOSIG
WABB,2023-11-16 04:30,6.21,M,260.00,9.00,WABB 160430Z 26009KT 080V260 9999 FEW018 32/25 Q1007 NOSIG
WABB,2023-11-16 05:00,6.21,M,250.00,8.00,WABB 160500Z 25008KT 070V250 9999 FEW018 32/25 Q1007 NOSIG
WABB,2023-11-16 05:30,6.21,M,250.00,5.00,WABB 160530Z 25005KT 080V250 9999 FEW018 31/25 Q1006 NOSIG
WABB,2023-11-16 06:00,6.21,M,230.00,7.00,WABB 160600Z 23007KT 080V230 9999 FEW018 31/25 Q1006 NOSIG
WABB,2023-11-16 06:30,6.21,M,270.00,10.00,WABB 160630Z 27010KT 080V270 9999 FEW018 31/25 Q1006 NOSIG
WABB,2023-11-16 07:00,6.21,M,270.00,10.00,WABB 160700Z 27010KT 090V270 9999 FEW018 31/25 Q1006 NOSIG
WABB,2023-11-16 07:30,6.21,M,270.00,12.00,WABB 160730Z 27012KT 090V270 9999 FEW018 31/25 Q1006 NOSIG
WABB,2023-11-16 08:00,6.21,M,270.00,6.00,WABB 160800Z 27006KT 080V270 9999 FEW018 30/25 Q1006 NOSIG
WABB,2023-11-16 09:00,6.21,M,280.00,6.00,WABB 160900Z 28006KT 100V280 9999 FEW018 30/24 Q1007 NOSIG
WABB,2023-11-16 09:30,6.21,M,300.00,8.00,WABB 160930Z 30008KT 110V300 9999 FEW018 29/24 Q1007 NOSIG
WABB,2023-11-16 10:00,6.21,M,300.00,7.00,WABB 161000Z 30007KT 120V300 9999 FEW018 29/25 Q1008 NOSIG
WABB,2023-11-16 10:30,6.21,M,310.00,7.00,WABB 161030Z 31007KT 140V310 9999 FEW018 29/25 Q1008 NOSIG
WABB,2023-11-16 11:00,6.21,M,330.00,5.00,WABB 161100Z 33005KT 150V330 9999 FEW018 28/25 Q1009 NOSIG
WABB,2023-11-16 11:30,6.21,M,330.00,6.00,WABB 161130Z 33006KT 150V330 9999 FEW018 28/25 Q1009 NOSIG
WABB,2023-11-16 12:00,6.21,M,340.00,4.00,WABB 161200Z 34004KT 150V340 9999 FEW018 28/24 Q1009 NOSIG
WABB,2023-11-16 12:30,6.21,M,340.00,5.00,WABB 161230Z 34005KT 150V340 9999 FEW018 28/25 Q1009 NOSIG
WABB,2023-11-16 13:00,6.21,M,10.00,3.00,WABB 161300Z 01003KT 010V260 9999 FEW018 28/24 Q1009 NOSIG
WABB,2023-11-16 13:30,6.21,M,340.00,3.00,WABB 161330Z 34003KT 170V340 9999 FEW018 28/24 Q1009 NOSIG
WABB,2023-11-16 14:00,6.21,M,M,2.00,WABB 161400Z VRB02KT 9999 FEW018 28/24 Q1009 NOSIG
WABB,2023-11-16 14:30,6.21,M,M,2.00,WABB 161430Z VRB02KT 9999 FEW018 28/24 Q1009 NOSIG
WABB,2023-11-16 15:00,6.21,M,M,2.00,WABB 161500Z VRB02KT 9999 FEW018 28/24 Q1009 NOSIG
WABB,2023-11-16 15:30,6.21,M,320.00,5.00,WABB 161530Z 32005KT 140V320 9999 FEW018 28/24 Q1008 NOSIG
WABB,2023-11-16 16:00,6.21,M,320.00,4.00,WABB 161600Z 32004KT 140V320 9999 FEW018 27/24 Q1008 NOSIG
WABB,2023-11-16 16:30,6.21,M,310.00,4.00,WABB 161630Z 31004KT 130V310 9999 FEW018 27/24 Q1008 NOSIG
WABB,2023-11-16 17:00,6.21,M,310.00,4.00,WABB 161700Z 31004KT 130V310 9999 FEW018 26/24 Q1008 NOSIG
WABB,2023-11-16 18:00,6.21,M,320.00,3.00,WABB 161800Z 32003KT 140V320 9999 FEW018 26/24 Q1008 NOSIG
WABB,2023-11-16 18:30,6.21,M,M,2.00,WABB 161830Z VRB02KT 9999 FEW018 26/24 Q1008 NOSIG
WABB,2023-11-16 19:00,6.21,M,330.00,3.00,WABB 161900Z 33003KT 150V330 9999 FEW018 26/24 Q1008 NOSIG
WABB,2023-11-16 19:30,6.21,M,M,2.00,WABB 161930Z VRB02KT 9999 FEW018 26/24 Q1008 NOSIG
WABB,2023-11-16 20:00,6.21,M,350.00,3.00,WABB 162000Z 35003KT 170V350 9999 FEW018 26/24 Q1009 NOSIG
WABB,2023-11-16 20:30,6.21,M,0.00,0.00,WABB 162030Z 00000KT 9999 SCT018 SCT100 26/25 Q1009 RERA NOSIG
WABB,2023-11-16 21:00,6.21,M,M,2.00,WABB 162100Z VRB02KT 9999 SCT018 26/25 Q1009 NOSIG
WABB,2023-11-16 21:30,6.21,M,M,2.00,WABB 162130Z VRB02KT 9999 SCT018 27/25 Q1010 NOSIG
WABB,2023-11-16 22:00,6.21,M,M,2.00,WABB 162200Z VRB02KT 9999 FEW018 28/25 Q1010 NOSIG
WABB,2023-11-16 22:30,M,M,250.00,3.00,WABB 162230Z 25003KT 060V250 FEW018 29/26 Q1010 NOSIG
WABB,2023-11-16 23:00,6.21,M,220.00,11.00,WABB 162300Z 22011KT 040V220 9999 FEW018 30/25 Q1010 NOSIG
WABB,2023-11-16 23:30,6.21,M,250.00,7.00,WABB 162330Z 25007KT 060V250 9999 FEW018 31/25 Q1010 NOSIG
WABB,2023-11-17 00:00,6.21,M,210.00,7.00,WABB 170000Z 21007KT 050V210 9999 FEW018 31/25 Q1010 NOSIG
WABB,2023-11-17 00:30,6.21,M,220.00,7.00,WABB 170030Z 22007KT 050V220 9999 FEW018 31/25 Q1010 NOSIG
WABB,2023-11-17 01:00,6.21,M,160.00,3.00,WABB 170100Z 16003KT 030V160 9999 FEW018 32/26 Q1010 NOSIG
WABB,2023-11-17 01:30,6.21,M,240.00,5.00,WABB 170130Z 24005KT 040V240 9999 FEW018 32/25 Q1010 NOSIG
WABB,2023-11-17 02:00,6.21,M,240.00,6.00,WABB 170200Z 24006KT 050V240 9999 FEW018 32/25 Q1010 NOSIG
WABB,2023-11-17 02:30,6.21,M,240.00,10.00,WABB 170230Z 24010KT 050V240 9999 FEW018 32/25 Q1009 NOSIG
WABB,2023-11-17 03:00,6.21,M,230.00,8.00,WABB 170300Z 23008KT 050V230 9999 FEW018 31/25 Q1009 NOSIG
WABB,2023-11-17 03:30,6.21,M,230.00,6.00,WABB 170330Z 23006KT 050V230 9999 FEW018 31/25 Q1008 NOSIG
WABB,2023-11-17 04:00,6.21,M,220.00,9.00,WABB 170400Z 22009KT 050V220 9999 FEW018 32/25 Q1008 NOSIG
WABB,2023-11-17 04:30,6.21,M,200.00,5.00,WABB 170430Z 20005KT 050V200 9999 FEW018 31/25 Q1008 NOSIG
WABB,2023-11-17 05:00,6.21,M,180.00,3.00,WABB 170500Z 18003KT 040V180 9999 FEW018 31/25 Q1008 NOSIG
WABB,2023-11-17 05:30,6.21,M,250.00,4.00,WABB 170530Z 25004KT 060V250 9999 FEW018 31/24 Q1007 NOSIG
WABB,2023-11-17 06:00,6.21,M,M,2.00,WABB 170600Z VRB02KT 9999 FEW018 31/24 Q1007 NOSIG
WABB,2023-11-17 06:30,6.21,M,M,2.00,WABB 170630Z VRB02KT 9999 FEW018 30/24 Q1007 NOSIG
WABB,2023-11-17 07:00,6.21,M,M,2.00,WABB 170700Z VRB02KT 9999 FEW018 30/24 Q1007 NOSIG
WABB,2023-11-17 07:30,6.21,M,M,2.00,WABB 170730Z VRB02KT 9999 FEW018 30/24 Q1007 NOSIG
WABB,2023-11-17 08:00,6.21,M,M,2.00,WABB 170800Z VRB02KT 9999 FEW018 30/23 Q1007 NOSIG
WABB,2023-11-17 08:30,6.21,M,M,2.00,WABB 170830Z VRB02KT 9999 FEW018 30/24 Q1008 NOSIG
WABB,2023-11-17 09:00,6.21,M,270.00,4.00,WABB 170900Z 27004KT 090V270 9999 FEW018 29/24 Q1008 NOSIG
WABB,2023-11-17 09:30,6.21,M,330.00,3.00,WABB 170930Z 33003KT 160V330 9999 FEW018 28/24 Q1008 NOSIG
WABB,2023-11-17 10:00,6.21,M,20.00,3.00,WABB 171000Z 02003KT 020V250 9999 FEW018 27/24 Q1009 NOSIG
WABB,2023-11-17 10:30,6.21,M,20.00,3.00,WABB 171030Z 02003KT 020V260 9999 FEW018 27/24 Q1009 NOSIG
WABB,2023-11-17 11:00,6.21,M,340.00,3.00,WABB 171100Z 34003KT 170V340 9999 FEW018 28/24 Q1009 NOSIG
WABB,2023-11-17 11:30,6.21,M,M,2.00,WABB 171130Z VRB02KT 9999 FEW018 27/24 Q1010 NOSIG
WABB,2023-11-17 12:00,6.21,M,M,2.00,WABB 171200Z VRB02KT 9999 FEW018 27/24 Q1010 NOSIG
WABB,2023-11-17 12:30,6.21,M,M,2.00,WABB 171230Z VRB02KT 9999 FEW018 27/24 Q1010 NOSIG
WABB,2023-11-17 13:00,6.21,M,30.00,3.00,WABB 171300Z 03003KT 030V240 9999 FEW018 27/24 Q1010 NOSIG
WABB,2023-11-17 13:30,6.21,M,M,2.00,WABB 171330Z VRB02KT 9999 FEW018 27/24 Q1010 NOSIG
WABB,2023-11-17 14:00,6.21,M,M,2.00,WABB 171400Z VRB02KT 9999 FEW018 26/24 Q1010 NOSIG
WABB,2023-11-17 14:30,6.21,M,M,2.00,WABB 171430Z VRB02KT 9999 FEW018 26/24 Q1010 NOSIG
WABB,2023-11-17 15:00,6.21,M,350.00,3.00,WABB 171500Z 35003KT 170V350 9999 FEW018 26/24 Q1009 NOSIG
WABB,2023-11-17 16:00,6.21,M,0.00,0.00,WABB 171600Z 00000KT 9999 FEW018 25/24 Q1009 NOSIG
WABB,2023-11-17 16:30,6.21,M,M,2.00,WABB 171630Z VRB02KT 9999 FEW018 26/23 Q1009 NOSIG
WABB,2023-11-17 17:00,6.21,M,M,2.00,WABB 171700Z VRB02KT 9999 FEW018 25/24 Q1009 NOSIG
WABB,2023-11-17 17:30,6.21,M,M,2.00,WABB 171730Z VRB02KT 9999 FEW018 25/24 Q1008 NOSIG
WABB,2023-11-17 18:00,6.21,M,M,2.00,WABB 171800Z VRB02KT 9999 FEW Q1008 NOSIG
WABB,2023-11-17 18:30,6.21,M,M,2.00,WABB 171830Z VRB02KT 9999 FEW018 25/23 Q1008 NOSIG
WABB,2023-11-17 19:00,6.21,M,300.00,3.00,WABB 171900Z 30003KT 120V300 9999 FEW018 25/23 Q1008 NOSIG
WABB,2023-11-17 19:30,6.21,M,M,2.00,WABB 171930Z VRB02KT 9999 FEW018 25/24 Q1009 NOSIG
WABB,2023-11-17 20:00,6.21,M,M,2.00,WABB 172000Z VRB02KT 9999 FEW018 25/23 Q1009 NOSIG
WABB,2023-11-17 20:30,6.21,M,M,2.00,WABB 172030Z VRB02KT 9999 FEW018 24/23 Q1009 NOSIG
WABB,2023-11-17 21:00,6.21,TS,M,2.00,WABB 172100Z VRB02KT 9999 TS FEW017CB FEW018 25/23 Q1009 NOSIG RMK CB AT S METAR WIDD 172100Z 02003KT 9999 FEW014 27/25 Q1012 NOSIG
WABB,2023-11-17 21:30,6.21,M,M,2.00,WABB 172130Z VRB02KT 9999 FEW018 26/24 Q1010 NOSIG
WABB,2023-11-17 22:00,6.21,M,100.00,4.00,WABB 172200Z 10004KT 160V100 9999 FEW018 28/25 Q1010 NOSIG
WABB,2023-11-17 22:30,6.21,M,100.00,5.00,WABB 172230Z 10005KT 160V100 9999 FEW018 29/26 Q1011 NOSIG
WABB,2023-11-17 23:00,6.21,M,140.00,3.00,WABB 172300Z 14003KT 120V180 9999 FEW018 30/26 Q1011 NOSIG
WABB,2023-11-17 23:30,6.21,M,120.00,2.00,WABB 172330Z 12002KT 9999 FEW018 30/25 Q1011 NOSIG
WABB,2023-11-18 00:00,6.21,M,150.00,3.00,WABB 180000Z 15003KT 110V170 9999 FEW018 30/25 Q1011 NOSIG
WABB,2023-11-18 00:30,6.21,M,M,2.00,WABB 180030Z VRB02KT 9999 FEW018 30/26 Q1011 NOSIG
WABB,2023-11-18 01:00,6.21,M,240.00,3.00,WABB 180100Z 24003KT 040V240 9999 FEW018 30/26 Q1011 NOSIG
WABB,2023-11-18 01:30,6.21,M,190.00,3.00,WABB 180130Z 19003KT 090V250 9999 FEW018 30/26 Q1011 NOSIG
WABB,2023-11-18 02:00,6.21,M,210.00,5.00,WABB 180200Z 21005KT 090V210 9999 FEW018 31/26 Q1010 NOSIG
WABB,2023-11-18 02:30,6.21,M,M,2.00,WABB 180230Z VRB02KT 9999 FEW018 30/26 Q1010 NOSIG
WABB,2023-11-18 03:00,6.21,M,M,2.00,WABB 180300Z VRB02KT 9999 FEW018 30/25 Q1009 NOSIG
WABB,2023-11-18 03:30,6.21,M,220.00,4.00,WABB 180330Z 22004KT 040V220 9999 FEW018 30/25 Q1009 NOSIG
WABB,2023-11-18 04:00,6.21,M,200.00,3.00,WABB 180400Z 20003KT 010V200 9999 FEW018 31/25 Q1008 NOSIG
WABB,2023-11-18 04:30,6.21,M,M,2.00,WABB 180430Z VRB02KT 9999 FEW018 31/25 Q1008 NOSIG
WABB,2023-11-18 05:00,6.21,M,150.00,6.00,WABB 180500Z 15006KT 9999 FEW018 31/25 Q1008 NOSIG
WABB,2023-11-18 05:30,6.21,M,130.00,5.00,WABB 180530Z 13005KT 9999 SCT018 31/25 Q1007 NOSIG
WABB,2023-11-18 06:00,6.21,M,150.00,6.00,WABB 180600Z 15006KT 9999 SCT018 31/26 Q1007 NOSIG
WABB,2023-11-18 06:30,6.21,M,170.00,4.00,WABB 180630Z 17004KT 9999 SCT018 30/26 Q1007 NOSIG
WABB,2023-11-18 07:00,6.21,M,230.00,3.00,WABB 180700Z 23003KT 030V230 9999 SCT018 30/25 Q1007 NOSIG
WABB,2023-11-18 07:30,6.21,M,M,2.00,WABB 180730Z VRB02KT 9999 SCT018 30/25 Q1008 NOSIG
WABB,2023-11-18 08:00,6.21,M,M,2.00,WABB 180800Z VRB02KT 9999 SCT018 30/26 Q1008 NOSIG
WABB,2023-11-18 08:30,6.21,M,180.00,3.00,WABB 180830Z 18003KT 090V180 9999 SCT018 30/25 Q1008 NOSIG
WABB,2023-11-18 09:00,6.21,M,M,2.00,WABB 180900Z VRB02KT 9999 SCT018 29/25 Q1009 NOSIG
WABB,2023-11-18 09:30,6.21,M,0.00,0.00,WABB 180930Z 00000KT 9999 SCT018 29/25 Q1009 NOSIG
WABB,2023-11-18 10:00,6.21,M,40.00,3.00,WABB 181000Z 04003KT 220V040 9999 SCT018 29/25 Q1009 NOSIG
WABB,2023-11-18 11:00,6.21,M,40.00,3.00,WABB 181100Z 04003KT 220V040 9999 SCT018 28/26 Q1010 NOSIG
WABB,2023-11-18 11:30,6.21,M,50.00,4.00,WABB 181130Z 05004KT 9999 SCT018 28/25 Q1010 NOSIG
WABB,2023-11-18 12:00,6.21,M,40.00,4.00,WABB 181200Z 04004KT 230V040 9999 SCT018 28/25 Q1011 NOSIG
WABB,2023-11-18 12:30,6.21,M,30.00,3.00,WABB 181230Z 03003KT 030V240 9999 SCT018 27/25 Q1011 NOSIG
WABB,2023-11-18 13:00,6.21,M,30.00,5.00,WABB 181300Z 03005KT 030V240 9999 SCT018 27/25 Q1010 NOSIG
WABB,2023-11-18 13:30,6.21,M,30.00,4.00,WABB 181330Z 03004KT 230V030 9999 SCT018 27/25 Q1010 NOSIG
WABB,2023-11-18 14:00,6.21,M,20.00,4.00,WABB 181400Z 02004KT 020V250 9999 SCT018 27/25 Q1010 NOSIG
WABB,2023-11-18 14:30,6.21,M,50.00,3.00,WABB 181430Z 05003KT 230V050 9999 SCT018 27/25 Q1010 NOSIG
WABB,2023-11-18 15:00,6.21,M,40.00,3.00,WABB 181500Z 04003KT 230V040 9999 SCT018 27/25 Q1010 NOSIG
WABB,2023-11-18 15:30,6.21,M,30.00,4.00,WABB 181530Z 03004KT 030V240 9999 SCT018 27/25 Q1009 NOSIG
WABB,2023-11-18 16:00,6.21,M,40.00,4.00,WABB 181600Z 04004KT 240V040 9999 SCT018 27/25 Q1009 NOSIG
WABB,2023-11-18 16:30,6.21,M,M,2.00,WABB 181630Z VRB02KT 9999 SCT018 27/25 Q1009 NOSIG
WABB,2023-11-18 17:00,6.21,M,M,2.00,WABB 181700Z VRB02KT 9999 SCT018 27/25 Q1009 NOSIG
WABB,2023-11-18 17:30,6.21,M,M,2.00,WABB 181730Z VRB02KT 9999 SCT018 27/25 Q1009 NOSIG
WABB,2023-11-18 18:00,6.21,M,130.00,7.00,WABB 181800Z 13007KT 170V110 9999 SCT018 28/26 Q1009 NOSIG
WABB,2023-11-18 18:30,6.21,M,90.00,7.00,WABB 181830Z 09007KT 170V090 9999 SCT018 27/25 Q1009 NOSIG
WABB,2023-11-18 19:00,6.21,M,90.00,7.00,WABB 181900Z 09007KT 180V090 9999 SCT018 27/25 Q1009 NOSIG
WABB,2023-11-18 19:30,6.21,M,90.00,5.00,WABB 181930Z 09005KT 180V090 9999 SCT018 27/25 Q1009 NOSIG
WABB,2023-11-18 20:00,6.21,M,60.00,4.00,WABB 182000Z 06004KT 210V060 9999 SCT018 26/24 Q1009 NOSIG
WABB,2023-11-18 20:30,6.21,M,50.00,5.00,WABB 182030Z 05005KT 210V050 9999 SCT018 27/25 Q1010 NOSIG
WABB,2023-11-18 21:00,6.21,M,40.00,3.00,WABB 182100Z 04003KT 230V040 9999 SCT018 27/25 Q1010 NOSIG
WABB,2023-11-18 21:30,6.21,M,M,2.00,WABB 182130Z VRB02KT 9999 SCT018 27/25 Q1010 NOSIG
WABB,2023-11-18 22:00,6.21,M,30.00,4.00,WABB 182200Z 03004KT 030V240 9999 SCT018 27/25 Q1011 NOSIG
WABB,2023-11-18 22:30,6.21,M,60.00,4.00,WABB 182230Z 06004KT 220V060 9999 FEW018 28/26 Q1011 NOSIG
WABB,2023-11-18 23:00,6.21,M,50.00,3.00,WABB 182300Z 05003KT 210V050 9999 SCT018 SCT100 29/27 Q1011 NOSIG
WABB,2023-11-18 23:30,6.21,M,110.00,10.00,WABB 182330Z 11010KT 160V100 9999 SCT018 30/26 Q1011 NOSIG
WABB,2023-11-19 00:00,6.21,M,120.00,11.00,WABB 190000Z 12011KT 170V110 9999 SCT018 31/26 Q1011 NOSIG
WABB,2023-11-19 00:30,6.21,M,100.00,10.00,WABB 190030Z 10010KT 160V100 9999 SCT018 30/26 Q1011 NOSIG
WABB,2023-11-19 01:00,6.21,M,100.00,10.00,WABB 190100Z 10010KT 160V100 9999 SCT018 31/26 Q1011 NOSIG
WABB,2023-11-19 01:30,6.21,M,90.00,11.00,WABB 190130Z 09011KT 160V090 9999 SCT018 32/26 Q1010 NOSIG
WABB,2023-11-19 02:00,6.21,M,110.00,12.00,WABB 190200Z 11012KT 160V100 9999 SCT018 31/26 Q1010 NOSIG
WABB,2023-11-19 02:30,6.21,M,120.00,12.00,WABB 190230Z 12012KT 160V100 9999 SCT018 31/25 Q1009 NOSIG
WABB,2023-11-19 03:00,6.21,M,110.00,13.00,WABB 190300Z 11013KT 160V100 9999 SCT018 31/25 Q1009 NOSIG
WABB,2023-11-19 03:30,6.21,M,110.00,9.00,WABB 190330Z 11009KT 160V100 9999 SCT018 31/26 Q1009 NOSIG
WABB,2023-11-19 04:00,6.21,M,110.00,10.00,WABB 190400Z 11010KT 160V090 9999 SCT018 32/26 Q1008 NOSIG
WABB,2023-11-19 04:30,6.21,M,110.00,12.00,WABB 190430Z 11012KT 170V110 9999 SCT018 33/25 Q1008 NOSIG
WABB,2023-11-19 05:00,6.21,M,80.00,11.00,WABB 190500Z 08011KT 190V080 9999 SCT018 33/23 Q1008 NOSIG
WABB,2023-11-19 05:30,6.21,M,80.00,13.00,WABB 190530Z 08013KT 180V080 9999 FEW018 33/23 Q1007 NOSIG
WABB,2023-11-19 06:00,6.21,M,100.00,15.00,WABB 190600Z 10015KT 170V100 9999 FEW018 33/24 Q1007 NOSIG
WABB,2023-11-19 06:30,6.21,M,100.00,14.00,WABB 190630Z 10014KT 180V100 9999 FEW018 33/24 Q1007 NOSIG
WABB,2023-11-19 07:00,6.21,M,90.00,14.00,WABB 190700Z 09014KT 180V090 9999 FEW018 32/25 Q1 NOSIG
WABB,2023-11-19 07:30,6.21,M,80.00,9.00,WABB 190730Z 08009KT 190V080 9999 FEW018 32/25 Q1007 NOSIG
WABB,2023-11-19 08:00,6.21,M,80.00,13.00,WABB 190800Z 08013KT 190V080 9999 FEW018 32/24 Q1007 NOSIG
WABB,2023-11-19 08:30,6.21,M,60.00,9.00,WABB 190830Z 06009KT 210V060 9999 FEW018 30/24 Q1008 NOSIG
WABB,2023-11-19 09:00,6.21,M,60.00,6.00,WABB 190900Z 06006KT 210V060 9999 FEW018 30/25 Q1008 NOSIG
WABB,2023-11-19 09:30,6.21,M,50.00,7.00,WABB 190930Z 05007KT 220V050 9999 FEW018 29/25 Q1009 NOSIG
WABB,2023-11-19 10:00,6.21,M,60.00,6.00,WABB 191000Z 06006KT 210V060 9999 FEW018 29/25 Q1009 NOSIG
WABB,2023-11-19 10:30,6.21,M,50.00,6.00,WABB 191030Z 05006KT 220V050 9999 FEW018 28/26 Q1009 NOSIG
WABB,2023-11-19 11:00,6.21,M,50.00,5.00,WABB 191100Z 05005KT 220V050 9999 FEW018 28/26 Q1010 NOSIG
WABB,2023-11-19 11:30,6.21,M,50.00,5.00,WABB 191130Z 05005KT 220V050 9999 FEW018 28/26 Q1010 NOSIG
WABB,2023-11-19 12:00,6.21,M,50.00,5.00,WABB 191200Z 05005KT 210V050 9999 FEW018 28/26 Q1010 NOSIG
WABB,2023-11-19 12:30,6.21,M,60.00,7.00,WABB 191230Z 06007KT 220V060 9999 FEW018 28/26 Q1010 NOSIG
WABB,2023-11-19 13:00,6.21,M,60.00,6.00,WABB 191300Z 06006KT 210V060 9999 FEW018 28/26 Q1010 NOSIG
WABB,2023-11-19 13:30,6.21,M,60.00,5.00,WABB 191330Z 06005KT 220V060 9999 FEW018 28/26 Q1010 NOSIG
WABB,2023-11-19 14:00,6.21,M,40.00,4.00,WABB 191400Z 04004KT 230V040 9999 FEW018 28/26 Q1010 NOSIG
WABB,2023-11-19 14:30,6.21,M,60.00,7.00,WABB 191430Z 06007KT 220V060 9999 FEW018 28/26 Q1010 NOSIG
WABB,2023-11-19 15:00,6.21,M,70.00,7.00,WABB 191500Z 07007KT 210V070 9999 FEW018 28/26 Q1010 NOSIG
WABB,2023-11-19 15:30,6.21,M,60.00,6.00,WABB 191530Z 06006KT 200V060 9999 FEW018 28/26 Q1010 NOSIG
WABB,2023-11-19 16:00,6.21,M,70.00,7.00,WABB 191600Z 07007KT 210V070 9999 FEW018 28/26 Q1009 NOSIG
WABB,2023-11-19 16:30,6.21,M,60.00,6.00,WABB 191630Z 06006KT 210V060 9999 FEW018 28/26 Q1009 NOSIG
WABB,2023-11-19 21:00,6.21,M,80.00,13.00,WABB 192100Z 08013KT 190V080 9999 FEW018 29/25 Q1011 NOSIG
WABB,2023-11-19 21:30,6.21,M,90.00,14.00,WABB 192130Z 09014KT 190V090 9999 FEW018 29/25 Q1011 NOSIG
WABB,2023-11-19 22:00,6.21,M,60.00,17.00,WABB 192200Z 06017KT 190V060 9999 FEW018 30/25 Q1011 NOSIG
WABB,2023-11-19 22:30,6.21,M,80.00,13.00,WABB 192230Z 08013KT 9999 FEW018 29/25 Q1011 NOSIG
WABB,2023-11-19 23:00,6.21,M,80.00,17.00,WABB 192300Z 08017KT 180V080 9999 FEW018 30/26 Q1011 NOSIG
WABB,2023-11-19 23:30,6.21,M,110.00,17.00,WABB 192330Z 11017KT 170V110 9999 FEW018 31/26 Q1011 NOSIG
WABB,2023-11-20 00:00,6.21,M,100.00,14.00,WABB 200000Z 10014KT 170V100 9999 FEW018 32/26 Q1011 NOSIG
WABB,2023-11-20 00:30,6.21,M,80.00,12.00,WABB 200030Z 08012KT 200V080 9999 FEW018 32/26 Q1011 NOSIG
WABB,2023-11-20 01:00,6.21,M,80.00,19.00,WABB 200100Z 08019KT 180V080 9999 FEW018 32/26 Q1011 NOSIG
WABB,2023-11-20 01:30,6.21,M,80.00,13.00,WABB 200130Z 08013KT 190V080 9999 FEW018 32/25 Q1010 NOSIG
WABB,2023-11-20 02:00,6.21,M,70.00,18.00,WABB 200200Z 07018KT 200V070 9999 FEW018 33/26 Q1010 NOSIG
WABB,2023-11-20 03:00,6.21,M,80.00,18.00,WABB 200300Z 08018KT 190V080 9999 SCT018 33/26 Q1009 NOSIG
WABB,2023-11-20 03:30,6.21,M,70.00,16.00,WABB 200330Z 07016KT 200V070 9999 SCT018 33/25 Q1009 NOSIG
WABB,2023-11-20 04:00,6.21,M,80.00,15.00,WABB 200400Z 08015KT 180V080 9999 SCT018 33/25 Q1008 NOSIG
WABB,2023-11-20 04:30,6.21,M,90.00,19.00,WABB 200430Z 09019KT 180V090 9999 SCT018 33/25 Q1008 NOSIG
WABB,2023-11-20 05:00,6.21,M,90.00,22.00,WABB 200500Z 09022KT 180V090 9999 SCT018 33/25 Q1008 NOSIG
WABB,2023-11-20 05:30,6.21,M,90.00,16.00,WABB 200530Z 09016KT 180V090 9999 SCT018 33/24 Q1007 NOSIG
WABB,2023-11-20 06:00,6.21,M,80.00,23.00,WABB 200600Z 08023KT 180V080 9999 SCT018 33/24 Q1007 NOSIG
WABB,2023-11-20 07:00,6.21,M,50.00,15.00,WABB 200700Z 05015KT 220V050 9999 SCT018 32/24 Q1008 NOSIG
WABB,2023-11-20 07:30,6.21,M,60.00,10.00,WABB 200730Z 06010KT 200V060 9999 FEW018 32/24 Q1008 NOSIG
WABB,2023-11-20 08:00,6.21,M,60.00,14.00,WABB 200800Z 06014KT 220V060 9999 FEW018 31/24 Q1008 NOSIG
WABB,2023-11-20 10:00,6.21,M,70.00,10.00,WABB 201000Z 07010KT 210V070 9999 FEW018 29/25 Q1010 NOSIG
WABB,2023-11-20 10:30,6.21,M,70.00,11.00,WABB 201030Z 07011KT 210V070 9999 FEW018 29/25 Q1010 NOSIG
WABB,2023-11-20 11:00,6.21,M,70.00,10.00,WABB 201100Z 07010KT 210V070 9999 FEW018 29/25 Q1010 NOSIG
WABB,2023-11-20 12:00,6.21,M,60.00,9.00,WABB 201200Z 06009KT 210V060 9999 FEW018 29/25 Q1011 NOSIG
WABB,2023-11-20 12:30,6.21,M,50.00,8.00,WABB 201230Z 05008KT 220V050 9999 FEW018 28/26 Q1011 NOSIG
WABB,2023-11-20 13:00,6.21,M,60.00,8.00,WABB 201300Z 06008KT 210V060 9999 FEW018 29/26 Q1011 NOSIG
WABB,2023-11-20 13:30,6.21,M,50.00,8.00,WABB 201330Z 05008KT 210V050 9999 FEW018 29/26 Q1011 NOSIG
WABB,2023-11-20 14:00,6.21,M,70.00,7.00,WABB 201400Z 07007KT 200V070 9999 FEW018 29/26 Q1011 NOSIG
WABB,2023-11-20 14:30,6.21,M,60.00,8.00,WABB 201430Z 06008KT 210V060 9999 FEW018 29/26 Q1011 NOSIG
WABB,2023-11-20 15:00,6.21,M,60.00,7.00,WABB 201500Z 06007KT 210V060 9999 FEW018 29/26 Q1011 NOSIG
WABB,2023-11-20 15:30,6.21,M,60.00,7.00,WABB 201530Z 06007KT 200V060 9999 FEW018 29/25 Q1010 NOSIG
WABB,2023-11-20 16:00,6.21,M,70.00,7.00,WABB 201600Z 07007KT 200V070 9999 FEW018 28/26 Q1010 NOSIG
WABB,2023-11-20 16:30,6.21,M,100.00,9.00,WABB 201630Z 10009KT 200V100 9999 FEW018 28/25 Q1010 NOSIG
WABB,2023-11-20 17:00,6.21,M,60.00,7.00,WABB 201700Z 06007KT 210V060 9999 FEW018 28/25 Q1010 NOSIG
WABB,2023-11-20 17:30,6.21,M,50.00,6.00,WABB 201730Z 05006KT 210V050 9999 FEW018 29/26 Q1009 NOSIG
WABB,2023-11-20 18:00,6.21,M,80.00,7.00,WABB 201800Z 08007KT 210V080 9999 FEW018 28/26 Q1009 NOSIG
WABB,2023-11-20 18:30,6.21,M,70.00,6.00,WABB 201830Z 07006KT 200V070 9999 FEW018 28/26 Q1009 NOSIG
WABB,2023-11-20 19:00,6.21,M,50.00,11.00,WABB 201900Z 05011KT 210V050 9999 FEW018 28/26 Q1009 NOSIG
WABB,2023-11-20 19:30,6.21,M,60.00,7.00,WABB 201930Z 06007KT 210V060 9999 FEW018 28/26 Q1010 NOSIG
WABB,2023-11-20 20:00,6.21,M,50.00,5.00,WABB 202000Z 05005KT 220V050 9999 FEW018 28/26 Q1010 NOSIG
WABB,2023-11-20 20:30,6.21,M,70.00,11.00,WABB 202030Z 07011KT 200V070 9999 FEW018 28/25 Q1011 NOSIG
WABB,2023-11-20 22:30,6.21,M,80.00,13.00,WABB 202230Z 08013KT 190V080 9999 SCT018 30/26 Q1012 NOSIG
WABB,2023-11-20 23:00,6.21,M,80.00,20.00,WABB 202300Z 08020KT 190V080 9999 SCT018 31/26 Q1012 NOSIG
WABB,2023-11-20 23:30,6.21,M,70.00,17.00,WABB 202330Z 07017KT 190V070 9999 SCT018 31/26 Q1012 NOSIG
WABB,2023-11-21 00:00,6.21,M,100.00,17.00,WABB 210000Z 10017KT 180V100 9999 SCT018 32/26 Q1012 NOSIG
WABB,2023-11-21 00:30,6.21,M,80.00,15.00,WABB 210030Z 08015KT 190V080 9999 SCT018 32/26 Q1011 NOSIG
WABB,2023-11-21 01:00,6.21,M,80.00,14.00,WABB 210100Z 08014KT 190V080 9999 SCT018 32/26 Q1011 NOSIG
WABB,2023-11-21 01:30,6.21,M,90.00,17.00,WABB 210130Z 09017KT 170V090 9999 SCT018 32/26 Q1011 NOSIG
WABB,2023-11-21 02:00,6.21,M,80.00,13.00,WABB 210200Z 08013KT 190V080 9999 SCT018 33/26 Q1011 NOSIG
WABB,2023-11-21 02:30,6.21,M,80.00,14.00,WABB 210230Z 08014KT 190V080 9999 SCT018 32/26 Q1010 NOSIG
WABB,2023-11-21 03:00,6.21,M,90.00,12.00,WABB 210300Z 09012KT 190V090 9999 SCT018 32/26 Q1010 NOSIG
WABB,2023-11-21 03:30,6.21,M,80.00,16.00,WABB 210330Z 08016KT 190V080 9999 SCT018 33/26 Q1009 NOSIG
WABB,2023-11-21 04:00,6.21,M,80.00,19.00,WABB 210400Z 08019KT 180V080 9999 SCT018 33/25 Q1008 NOSIG
WABB,2023-11-21 04:30,6.21,M,90.00,21.00,WABB 210430Z 09021KT 190V090 9999 SCT018 33/24 Q1008 NOSIG
WABB,2023-11-21 05:00,6.21,M,80.00,15.00,WABB 210500Z 08015KT 190V080 9999 SCT018 32/24 Q1007 NOSIG
WABB,2023-11-21 05:30,6.21,M,80.00,21.00,WABB 210530Z 08021KT 180V080 9999 SCT018 33/24 Q1007 NOSIG
WABB,2023-11-21 06:00,6.21,M,80.00,25.00,WABB 210600Z 08025KT 180V080 9999 SCT018 33/24 Q1007 NOSIG
WABB,2023-11-21 06:30,6.21,M,100.00,16.00,WABB 210630Z 10016KT 180V100 9999 FEW018 33/24 Q1007 NOSIG
WABB,2023-11-21 07:00,6.21,M,60.00,10.00,WABB 210700Z 06010KT 190V060 9999 FEW018 33/23 Q1006 NOSIG
WABB,2023-11-21 07:30,6.21,M,40.00,13.00,WABB 210730Z 04013KT 220V040 9999 FEW018 32/23 Q1007 NOSIG
WABB,2023-11-21 08:00,6.21,M,40.00,15.00,WABB 210800Z 04015KT 220V040 9999 FEW018 31/24 Q1007 NOSIG
WABB,2023-11-21 08:30,6.21,M,50.00,7.00,WABB 210830Z 05007KT 220V050 9999 FEW018 31/25 Q1007 NOSIG
WABB,2023-11-21 09:00,6.21,M,60.00,8.00,WABB 210900Z 06008KT 210V060 9999 FEW018 30/26 Q1008 NOSIG
WABB,2023-11-21 09:30,6.21,M,50.00,9.00,WABB 210930Z 05009KT 220V050 9999 FEW018 29/26 Q1008 NOSIG
WABB,2023-11-21 10:00,6.21,M,50.00,11.00,WABB 211000Z 05011KT 220V050 9999 FEW018 29/26 Q1008 NOSIG
WABB,2023-11-21 10:30,6.21,M,70.00,9.00,WABB 211030Z 07009KT 210V070 9999 FEW018 28/26 Q1009 NOSIG
WABB,2023-11-21 11:00,6.21,M,60.00,8.00,WABB 211100Z 06008KT 210V060 9999 FEW018 28/26 Q1009 NOSIG
WABB,2023-11-21 12:00,6.21,M,60.00,8.00,WABB 211200Z 06008KT 220V060 9999 FEW018 28/26 Q1010 NOSIG
WABB,2023-11-21 12:30,6.21,M,60.00,8.00,WABB 211230Z 06008KT 220V060 9999 FEW018 28/26 Q1010 NOSIG
WABB,2023-11-21 13:00,6.21,M,50.00,11.00,WABB 211300Z 05011KT 220V050 9999 FEW018 28/26 Q1010 NOSIG
WABB,2023-11-21 13:30,6.21,M,70.00,9.00,WABB 211330Z 07009KT 200V070 9999 FEW018 28/26 Q1010 NOSIG
WABB,2023-11-21 14:00,6.21,M,70.00,9.00,WABB 211400Z 07009KT 210V070 9999 FEW018 28/26 Q1010 NOSIG
WABB,2023-11-21 14:30,6.21,M,60.00,6.00,WABB 211430Z 06006KT 220V060 9999 FEW018 28/26 Q1010 NOSIG
WABB,2023-11-21 15:00,6.21,M,70.00,7.00,WABB 211500Z 07007KT 210V070 9999 FEW018 28/26 Q1010 NOSIG
WABB,2023-11-21 15:30,6.21,M,60.00,6.00,WABB 211530Z 06006KT 210V060 9999 FEW018 28/26 Q1009 NOSIG
WABB,2023-11-21 16:00,6.21,M,50.00,7.00,WABB 211600Z 05007KT 210V050 9999 FEW018 28/26 Q1009 NOSIG
WABB,2023-11-21 16:30,6.21,M,60.00,7.00,WABB 211630Z 06007KT 200V060 9999 FEW018 28/26 Q1009 NOSIG
WABB,2023-11-21 17:00,6.21,M,60.00,6.00,WABB 211700Z 06006KT 200V060 9999 FEW018 28/26 Q1008 NOSIG
WABB,2023-11-22 04:30,6.21,M,110.00,11.00,WABB 220430Z 11011KT 170V110 9999 SCT018 32/26 Q1007 NOSIG
WABB,2023-11-22 05:00,6.21,M,90.00,15.00,WABB 220500Z 09015KT 170V090 9999 SCT018 31/26 Q1007 NOSIG
WABB,2023-11-22 05:30,6.21,M,80.00,14.00,WABB 220530Z 08014KT 180V080 9999 SCT018 32/25 Q1007 NOSIG
WABB,2023-11-22 06:00,6.21,M,110.00,11.00,WABB 220600Z 11011KT 170V110 9999 SCT018 32/25 Q1006 NOSIG
WABB,2023-11-22 06:30,6.21,M,110.00,12.00,WABB 220630Z 11012KT 160V100 9999 SCT018 31/25 Q1006 NOSIG
WABB,2023-11-22 07:00,6.21,M,110.00,9.00,WABB 220700Z 11009KT 170V110 9999 SCT018 30/26 Q1006 NOSIG
WABB,2023-11-22 07:30,6.21,M,90.00,9.00,WABB 220730Z 09009KT 180V090 9999 SCT018 30/26 Q1007 NOSIG
WABB,2023-11-22 08:00,6.21,M,60.00,3.00,WABB 220800Z 06003KT 200V060 9999 SCT018 30/26 Q1007 NOSIG
WABB,2023-11-22 08:30,6.21,M,30.00,5.00,WABB 220830Z 03005KT 030V250 9999 SCT018 30/26 Q1007 NOSIG
WABB,2023-11-22 09:00,6.21,M,40.00,3.00,WABB 220900Z 04003KT 220V040 9999 FEW018 29/26 Q1007 NOSIG
WABB,2023-11-22 09:30,6.21,M,M,2.00,WABB 220930Z VRB02KT 9999 FEW018 28/26 Q1008 NOSIG
WABB,2023-11-22 10:00,6.21,M,0.00,0.00,WABB 221000Z 00000KT 9999 FEW018 28/26 Q1008 NOSIG
WABB,2023-11-22 10:30,6.21,M,M,2.00,WABB 221030Z VRB02KT 9999 FEW018 28/26 Q1009 NOSIG
WABB,2023-11-22 11:00,6.21,M,0.00,0.00,WABB 221100Z 00000KT 9999 FEW018 28/26 Q1009 NOSIG
WABB,2023-11-22 11:30,6.21,M,M,2.00,WABB 221130Z VRB02KT 9999 FEW018 28/26 Q1009 NOSIG
WABB,2023-11-22 12:00,6.21,M,M,2.00,WABB 221200Z VRB02KT 9999 FEW018 27/26 Q1009 NOSIG
WABB,2023-11-22 12:30,6.21,M,M,2.00,WABB 221230Z VRB02KT 9999 FEW018 27/26 Q1009 NOSIG
WABB,2023-11-22 13:00,6.21,M,M,2.00,WABB 221300Z VRB02KT 9999 FEW018 27/26 Q1009 NOSIG
WABB,2023-11-22 13:30,6.21,M,M,2.00,WABB 221330Z VRB02KT 9999 FEW018 26/26 Q1009 NOSIG
WABB,2023-11-22 14:00,6.21,M,320.00,3.00,WABB 221400Z 32003KT 140V320 9999 FEW018 26/26 Q1009 NOSIG
WABB,2023-11-22 14:30,6.21,M,330.00,4.00,WABB 221430Z 33004KT 150V330 9999 FEW018 26/26 Q1009 NOSIG
WABB,2023-11-22 15:00,6.21,M,M,2.00,WABB 221500Z VRB02KT 9999 FEW018 26/26 Q1009 NOSIG
WABB,2023-11-22 15:30,6.21,M,M,2.00,WABB 221530Z VRB02KT 9999 FEW018 26/25 Q1008 NOSIG
WABB,2023-11-22 16:00,6.21,M,320.00,3.00,WABB 221600Z 32003KT 130V320 9999 FEW018 26/26 Q1008 NOSIG
WABB,2023-11-22 16:30,6.21,M,M,2.00,WABB 221630Z VRB02KT 9999 FEW018 26/26 Q1007 NOSIG
WABB,2023-11-22 17:00,6.21,VCTS,340.00,3.00,WABB 221700Z 34003KT 170V340 9999 VCTS FEW017CB FEW018 26/26 Q1007 NOSIG RMK CB AT S
WABB,2023-11-22 17:30,6.21,VCTS,0.00,0.00,WABB 221730Z 00000KT 9999 VCTS FEW017CB FEW018 26/25 Q1007 NOSIG RMK CB AT S
WABB,2023-11-22 18:00,6.21,VCTS,0.00,0.00,WABB 221800Z 00000KT 9999 VCTS FEW017CB FEW018 26/25 Q1007 NOSIG RMK CB AT S
WABB,2023-11-22 18:30,6.21,VCTS,M,2.00,WABB 221830Z VRB02KT 9999 VCTS FEW017CB SCT018 26/25 Q1007 NOSIG RMK CB AT S
WABB,2023-11-22 19:00,6.21,VCTS,M,2.00,WABB 221900Z VRB02KT 9999 VCTS FEW017CB SCT018 26/25 Q1007 NOSIG RMK CB AT S
WABB,2023-11-22 19:30,6.21,VCTS,M,2.00,WABB 221930Z VRB02KT 9999 VCTS FEW017CB SCT018 26/25 Q1007 NOSIG RMK CB AT S
WABB,2023-11-22 20:00,6.21,VCTS,0.00,0.00,WABB 222000Z 00000KT 9999 VCTS FEW017CB SCT018 26/25 Q1008 NOSIG RMK CB AT S
WABB,2023-11-22 20:30,6.21,M,360.00,5.00,WABB 222030Z 36005KT 360V150 9999 FEW017CB SCT018 BKN100 26/26 Q1008 NOSIG RMK CB AT SE AND S
WABB,2023-11-22 21:00,1.86,-TSRA,20.00,14.00,WABB 222100Z 02014KT 020V240 3000 -TSRA FEW017CB BKN018 OVC100 25/25 Q1010 TEMPO -TSRA RMK CB OVER THE FIELD
WABB,2023-11-22 21:30,1.86,-TSRA,10.00,7.00,WABB 222130Z 01007KT 010V260 3000 -TSRA FEW017CB BKN018 OVC100 25/24 Q1009 TEMPO -TSRA RMK CB OVER THE FIELD
WABB,2023-11-22 22:00,4.35,-RA,60.00,5.00,WABB 222200Z 06005KT 220V060 7000 -RA FEW017CB BKN018 OVC100 25/24 Q1010 TEMPO -RA RMK CB OVER THE FIELD
WABB,2023-11-22 22:30,4.35,-RA,M,2.00,WABB 222230Z VRB02KT 7000 -RA BKN018 OVC100 24/24 Q1010 TEMPO -RA
WABB,2023-11-22 23:00,4.97,-RA,350.00,5.00,WABB 222300Z 35005KT 170V350 8000 -RA BKN018 OVC100 25/25 Q1010 NOSIG
WABB,2023-11-22 23:30,5.59,M,30.00,3.00,WABB 222330Z 03003KT 030V240 9000 SCT018 OVC100 25/25 Q1009 NOSIG
WABB,2023-11-23 00:00,5.59,M,20.00,4.00,WABB 230000Z 02004KT 020V230 9000 SCT018 OVC100 26/25 Q1009 NOSIG
WABB,2023-11-23 00:30,6.21,M,0.00,0.00,WABB 230030Z 00000KT 9999 SCT018 OVC100 28/25 Q1009 NOSIG
WABB,2023-11-23 01:00,6.21,M,40.00,3.00,WABB 230100Z 04003KT 240V040 9999 SCT018 BKN100 29/25 Q1009 NOSIG
WABB,2023-11-23 01:30,6.21,M,60.00,4.00,WABB 230130Z 06004KT 210V060 9999 SCT018 BKN100 30/25 Q1009 NOSIG
WABB,2023-11-23 02:00,6.21,M,170.00,4.00,WABB 230200Z 17004KT 110V170 9999 FEW018 29/25 Q1008 NOSIG
WABB,2023-11-23 02:30,6.21,M,150.00,3.00,WABB 230230Z 15003KT 9999 FEW018 30/25 Q1008 NOSIG
WABB,2023-11-23 03:00,6.21,M,120.00,6.00,WABB 230300Z 12006KT 130V190 9999 SCT018 30/25 Q1007 NOSIG
WABB,2023-11-23 03:30,6.21,M,150.00,8.00,WABB 230330Z 15008KT 130V190 9999 SCT018 30/26 Q1007 NOSIG
WABB,2023-11-23 04:00,6.21,M,110.00,11.00,WABB 230400Z 11011KT 160V100 9999 SCT018 30/25 Q1007 NOSIG
WABB,2023-11-23 04:30,6.21,M,110.00,11.00,WABB 230430Z 11011KT 9999 SCT018 30/25 Q1006 NOSIG
WABB,2023-11-23 05:00,6.21,M,100.00,7.00,WABB 230500Z 10007KT 160V100 9999 SCT018 30/25 Q1006 NOSIG
WABB,2023-11-23 05:30,6.21,M,120.00,9.00,WABB 230530Z 12009KT 160V100 9999 SCT018 30/26 Q1006 NOSIG
WABB,2023-11-23 06:00,6.21,M,110.00,10.00,WABB 230600Z 11010KT 170V110 9999 SCT018 30/26 Q1005 NOSIG
WABB,2023-11-23 06:30,6.21,M,110.00,8.00,WABB 230630Z 11008KT 160V100 9999 SCT018 30/26 Q1005 NOSIG
WABB,2023-11-23 07:00,6.21,M,110.00,11.00,WABB 230700Z 11011KT 160V100 9999 SCT018 30/26 Q1005 NOSIG
WABB,2023-11-23 07:30,6.21,M,110.00,8.00,WABB 230730Z 11008KT 160V100 9999 SCT018 30/26 Q1006 NOSIG
WABB,2023-11-23 08:00,6.21,M,70.00,5.00,WABB 230800Z 07005KT 200V070 9999 SCT018 29/26 Q1006 NOSIG
WABB,2023-11-23 08:30,6.21,M,20.00,4.00,WABB 230830Z 02004KT 020V240 9999 SCT018 29/25 Q1006 NOSIG
WABB,2023-11-23 09:00,6.21,M,30.00,3.00,WABB 230900Z 03003KT 030V250 9999 SCT018 28/25 Q1006 NOSIG
WABB,2023-11-23 09:30,6.21,M,0.00,0.00,WABB 230930Z 00000KT 9999 FEW018 28/25 Q1007 NOSIG
WABB,2023-11-23 10:00,6.21,M,60.00,4.00,WABB 231000Z 06004KT 210V060 9999 FEW018 27/25 Q1007 NOSIG
WABB,2023-11-23 10:30,6.21,M,M,2.00,WABB 231030Z VRB02KT 9999 FEW018 27/25 Q1007 NOSIG
WABB,2023-11-23 11:00,6.21,M,40.00,3.00,WABB 231100Z 04003KT 240V040 9999 FEW018 27/26 Q1008 NOSIG
WABB,2023-11-23 11:30,6.21,M,60.00,5.00,WABB 231130Z 06005KT 220V060 9999 FEW018 27/26 Q1008 NOSIG
WABB,2023-11-23 12:00,6.21,M,60.00,5.00,WABB 231200Z 06005KT 210V060 9999 FEW018 28/26 Q1008 NOSIG
WABB,2023-11-23 12:30,6.21,M,60.00,5.00,WABB 231230Z 06005KT 210V060 9999 FEW018 28/26 Q1008 NOSIG
WABB,2023-11-23 13:00,6.21,M,70.00,6.00,WABB 231300Z 07006KT 210V070 9999 FEW018 28/26 Q1008 NOSIG
WABB,2023-11-23 13:30,6.21,M,40.00,3.00,WABB 231330Z 04003KT 230V040 9999 FEW018 28/26 Q1008 NOSIG
WABB,2023-11-23 14:00,6.21,M,40.00,5.00,WABB 231400Z 04005KT 220V040 9999 FEW018 28/26 Q1008 NOSIG
WABB,2023-11-23 14:30,6.21,M,60.00,5.00,WABB 231430Z 06005KT 210V060 9999 FEW018 28/26 Q1007 NOSIG
WABB,2023-11-23 15:00,6.21,M,40.00,3.00,WABB 231500Z 04003KT 220V040 9999 FEW018 28/26 Q1007 NOSIG
WABB,2023-11-23 15:30,6.21,-RA,60.00,4.00,WABB 231530Z 06004KT 220V060 9999 -RA FEW015CB SCT018 27/25 Q1007 NOSIG RMK CB AT E
WABB,2023-11-23 16:00,6.21,-RA,40.00,12.00,WABB 231600Z 04012KT 220V040 9999 -RA FEW015CB SCT018 25/24 Q1007 NOSIG RMK CB AT E
WABB,2023-11-23 16:30,6.21,-RA,300.00,3.00,WABB 231630Z 30003KT 110V300 9999 -RA FEW015CB SCT018 24/24 Q1006 NOSIG RMK CB AT E
WABB,2023-11-23 17:00,6.21,-RA,20.00,4.00,WABB 231700Z 02004KT 020V250 9999 -RA FEW015CB SCT018 24/24 Q1006 NOSIG RMK CB AT E
WABB,2023-11-23 17:30,6.21,-RA,M,2.00,WABB 231730Z VRB02KT 9999 -RA FEW015CB SCT018 24/24 Q1006 NOSIG RMK CB AT E
WABB,2023-11-23 18:00,6.21,M,M,2.00,WABB 231800Z VRB02KT 9999 FEW015CB SCT018 25/24 Q1006 RERA NOSIG RMK CB AT E
WABB,2023-11-23 18:30,6.21,M,40.00,3.00,WABB 231830Z 04003KT 210V040 9999 FEW015CB SCT018 25/24 Q1006 NOSIG RMK CB AT E
WABB,2023-11-23 19:00,6.21,M,M,2.00,WABB 231900Z VRB02KT 9999 FEW015CB SCT018 25/25 Q1006 NOSIG RMK CB AT E
WABB,2023-11-23 19:30,3.11,-RA,90.00,6.00,WABB 231930Z 09006KT 170V090 5000 -RA FEW015CB SCT018 26/26 Q1007 NOSIG RMK CB AT E
WABB,2023-11-23 20:00,3.11,-RA,80.00,7.00,WABB 232000Z 08007KT 180V080 5000 -RA FEW015CB SCT018 26/25 Q1007 NOSIG RMK CB AT E
WABB,2023-11-23 20:30,3.11,-RA,70.00,5.00,WABB 232030Z 07005KT 200V070 5000 -RA FEW015CB SCT018 26/25 Q1007 NOSIG RMK CB AT E
WABB,2023-11-23 21:00,5.59,M,70.00,5.00,WABB 232100Z 07005KT 200V070 9000 SCT018 26/25 Q1008 RERA NOSIG
WABB,2023-11-23 21:30,5.59,M,30.00,4.00,WABB 232130Z 03004KT 230V030 9000 SCT018 26/25 Q1008 NOSIG
WABB,2023-11-23 22:00,5.59,M,70.00,4.00,WABB 232200Z 07004KT 200V070 9000 SCT018 27/26 Q1009 NOSIG
WABB,2023-11-23 22:30,5.59,M,80.00,3.00,WABB 232230Z 08003KT 190V080 9000 SCT018 28/26 Q1009 NOSIG
WABB,2023-11-23 23:00,6.21,M,120.00,6.00,WABB 232300Z 12006KT 160V100 9999 SCT018 29/26 Q1009 NOSIG
WABB,2023-11-23 23:30,6.21,M,110.00,7.00,WABB 232330Z 11007KT 160V100 9999 SCT018 30/25 Q1009 NOSIG
WABB,2023-11-24 00:00,6.21,M,100.00,9.00,WABB 240000Z 10009KT 170V100 9999 SCT018 30/25 Q1009 NOSIG
WABB,2023-11-24 00:30,6.21,-RA,100.00,10.00,WABB 240030Z 10010KT 180V100 9999 -RA SCT018 28/26 Q1009 NOSIG
WABB,2023-11-24 01:00,6.21,-RA,100.00,8.00,WABB 240100Z 10008KT 160V100 9999 -RA SCT018 29/26 Q1009 NOSIG
WABB,2023-11-24 01:30,6.21,M,140.00,9.00,WABB 240130Z 14009KT 9999 SCT018 28/26 Q1009 RERA NOSIG
WABB,2023-11-24 02:00,6.21,M,130.00,5.00,WABB 240200Z 13005KT 9999 SCT018 30/26 Q1009 NOSIG
WABB,2023-11-24 02:30,6.21,M,110.00,6.00,WABB 240230Z 11006KT 9999 SCT018 30/26 Q1008 NOSIG
WABB,2023-11-24 03:00,6.21,M,140.00,3.00,WABB 240300Z 14003KT 110V180 9999 SCT018 30/26 Q1007 NOSIG
WABB,2023-11-24 03:30,6.21,M,170.00,4.00,WABB 240330Z 17004KT 110V170 9999 SCT018 30/26 Q1007 NOSIG
WABB,2023-11-24 04:00,6.21,M,150.00,3.00,WABB 240400Z 15003KT 9999 SCT018 30/26 Q1007 NOSIG
WABB,2023-11-24 04:30,6.21,M,150.00,4.00,WABB 240430Z 15004KT 110V170 9999 SCT018 30/26 Q1006 NOSIG
WABB,2023-11-24 05:00,6.21,M,150.00,3.00,WABB 240500Z 15003KT 110V170 9999 SCT018 31/26 Q1006 NOSIG
WABB,2023-11-24 05:30,6.21,M,130.00,5.00,WABB 240530Z 13005KT 9999 SCT018 30/26 Q1006 NOSIG
WABB,2023-11-24 06:00,6.21,M,140.00,3.00,WABB 240600Z 14003KT 120V190 9999 SCT018 31/26 Q1006 NOSIG
WABB,2023-11-24 06:30,6.21,M,250.00,5.00,WABB 240630Z 25005KT 080V250 9999 SCT018 30/26 Q1006 NOSIG
WABB,2023-11-24 07:00,6.21,M,300.00,4.00,WABB 240700Z 30004KT 120V300 9999 SCT018 29/25 Q1006 NOSIG
WABB,2023-11-24 07:30,6.21,M,220.00,3.00,WABB 240730Z 22003KT 060V220 9999 SCT018 29/25 Q1006 NOSIG
WABB,2023-11-24 08:00,6.21,M,M,2.00,WABB 240800Z VRB02KT 9999 SCT018 29/25 Q1006 NOSIG
WABB,2023-11-24 08:30,6.21,M,280.00,3.00,WABB 240830Z 28003KT 100V280 9999 SCT018 29/25 Q1006 NOSIG
WABB,2023-11-24 09:00,6.21,M,10.00,3.00,WABB 240900Z 01003KT 010V260 9999 SCT018 28/25 Q1006 NOSIG
WABB,2023-11-24 09:30,6.21,M,0.00,0.00,WABB 240930Z 00000KT 9999 SCT018 28/25 Q1007 NOSIG
WABB,2023-11-24 10:00,6.21,M,10.00,3.00,WABB 241000Z 01003KT 010V260 9999 SCT018 27/25 Q1007 NOSIG
WABB,2023-11-24 10:30,6.21,M,M,2.00,WABB 241030Z VRB02KT 9999 SCT018 27/25 Q1008 NOSIG
WABB,2023-11-24 11:00,6.21,M,330.00,5.00,WABB 241100Z 33005KT 160V330 9999 SCT018 27/25 Q1008 NOSIG
WABB,2023-11-24 11:30,6.21,M,10.00,4.00,WABB 241130Z 01004KT 010V270 9999 FEW018 27/25 Q1008 NOSIG
WABB,2023-11-24 12:00,6.21,M,M,2.00,WABB 241200Z VRB02KT 9999 FEW018 26/25 Q1009 NOSIG
WABB,2023-11-24 12:30,6.21,M,320.00,4.00,WABB 241230Z 32004KT 140V320 9999 FEW018 26/25 Q1009 NOSIG
WABB,2023-11-24 13:00,6.21,M,340.00,3.00,WABB 241300Z 34003KT 160V340 9999 FEW018 26/25 Q1009 NOSIG
WABB,2023-11-24 13:30,6.21,M,M,2.00,WABB 241330Z VRB02KT 9999 FEW018 26/25 Q1009 NOSIG
WABB,2023-11-24 14:00,6.21,M,360.00,3.00,WABB 241400Z 36003KT 270V360 9999 FEW018 26/25 Q1009 NOSIG
WABB,2023-11-24 14:30,6.21,M,M,2.00,WABB 241430Z VRB02KT 9999 FEW018 26/25 Q1009 NOSIG
WABB,2023-11-24 15:00,6.21,M,M,2.00,WABB 241500Z VRB02KT 9999 FEW018 26/25 Q1008 NOSIG
WABB,2023-11-24 15:30,6.21,M,M,2.00,WABB 241530Z VRB02KT 9999 FEW018 26/25 Q1008 NOSIG
WABB,2023-11-24 16:00,6.21,M,M,2.00,WABB 241600Z VRB02KT 9999 FEW018 26/25 Q1008 NOSIG
WABB,2023-11-24 16:30,6.21,M,320.00,3.00,WABB 241630Z 32003KT 140V320 9999 FEW018 25/25 Q1007 NOSIG
WABB,2023-11-24 17:00,6.21,M,310.00,4.00,WABB 241700Z 31004KT 140V310 9999 FEW018 26/25 Q1007 NOSIG
WABB,2023-11-24 17:30,6.21,M,320.00,4.00,WABB 241730Z 32004KT 130V320 9999 FEW018 26/25 Q1007 NOSIG
WABB,2023-11-24 18:00,6.21,M,320.00,3.00,WABB 241800Z 32003KT 140V320 9999 FEW018 26/25 Q1007 NOSIG
WABB,2023-11-24 18:30,6.21,M,310.00,3.00,WABB 241830Z 31003KT 140V310 9999 FEW018 26/24 Q1007 NOSIG
WABB,2023-11-24 19:00,6.21,M,M,2.00,WABB 241900Z VRB02KT 9999 FEW018 26/25 Q1007 NOSIG
WABB,2023-11-24 19:30,6.21,M,340.00,3.00,WABB 241930Z 34003KT 180V340 9999 FEW018 26/24 Q1007 NOSIG
WABB,2023-11-24 20:00,6.21,TS,310.00,3.00,WABB 242000Z 31003KT 130V310 9999 TS FEW017CB FEW018 26/25 Q1008 NOSIG RMK CB AT S
WABB,2023-11-24 20:30,6.21,TS,10.00,3.00,WABB 242030Z 01003KT 010V250 9999 TS FEW017CB FEW018 26/25 Q1008 NOSIG RMK CB AT S
WABB,2023-11-24 21:00,6.21,M,M,2.00,WABB 242100Z VRB02KT 9999 FEW017CB FEW018 26/25 Q1008 RETS NOSIG RMK CB AT S
WABB,2023-11-24 21:30,6.21,M,140.00,3.00,WABB 242130Z 14003KT 9999 FEW017CB FEW018 27/25 Q1009 NOSIG RMK CB AT S
WABB,2023-11-24 22:00,6.21,M,130.00,4.00,WABB 242200Z 13004KT 9999 FEW017CB FEW018 28/26 Q1010 NOSIG RMK CB AT S METAR WIHH 242200Z 00000KT 5000 HZ FEW020 25/24 Q1007 NOSIG METAR WIDD 242200Z 33003KT 9999 FEW014 26/25 Q1009 NOSIG
WABB,2023-11-24 22:30,4.97,-RA,100.00,3.00,WABB 242230Z 10003KT 8000 -RA SCT018 27/26 Q1010 NOSIG
WABB,2023-11-24 23:00,5.59,VCSH,0.00,0.00,WABB 242300Z 00000KT 9000 VCSH SCT018 28/26 Q1010 RERA NOSIG
WABB,2023-11-24 23:30,6.21,M,0.00,0.00,WABB 242330Z 00000KT 9999 SCT018 28/26 Q1010 NOSIG
WABB,2023-11-25 00:00,6.21,M,180.00,3.00,WABB 250000Z 18003KT 010V180 9999 SCT018 29/26 Q1010 NOSIG
WABB,2023-11-25 00:30,6.21,M,240.00,3.00,WABB 250030Z 24003KT 240V030 9999 SCT018 29/26 Q1009 NOSIG
WABB,2023-11-25 01:00,6.21,M,240.00,4.00,WABB 250100Z 24004KT 9999 SCT018 29/26 Q1009 NOSIG
WABB,2023-11-25 01:30,6.21,M,240.00,4.00,WABB 250130Z 24004KT 9999 SCT018 29/26 Q1009 NOSIG
WABB,2023-11-25 02:00,6.21,M,240.00,4.00,WABB 250200Z 24004KT 9999 SCT018 29/26 Q1009 NOSIG
WABB,2023-11-25 02:30,6.21,M,240.00,4.00,WABB 250230Z 24004KT 9999 SCT018 29/26 Q1009 NOSIG
WABB,2023-11-25 03:00,6.21,M,240.00,4.00,WABB 250300Z 24004KT 9999 SCT018 29/26 Q1009 NOSIG
WABB,2023-11-25 03:30,6.21,M,240.00,4.00,WABB 250330Z 24004KT 9999 SCT018 29/26 Q1009 NOSIG
WABB,2023-11-25 04:30,5.59,VCSH,210.00,4.00,WABB 250430Z 21004KT 9000 VCSH FEW017CB SCT018 31/25 Q1006 NOSIG RMK CB AT NW
WABB,2023-11-25 05:00,4.97,-RA,330.00,7.00,WABB 250500Z 33007KT 150V330 8000 -RA FEW017CB BKN018 29/26 Q1006 TEMPO -RA RMK CB AT NW
WABB,2023-11-25 05:30,3.11,-RA,10.00,11.00,WABB 250530Z 01011KT 160V010 5000 -RA FEW017CB BKN018 27/26 Q1006 RETS TEMPO -RA RMK CB AT W METAR WIII 250530Z 09007KT 5000 -TSRA FEW019CB SCT020 26/25 Q1010 NOSIG RMK CB TO W AND S
WABB,2023-11-25 06:00,4.35,-RA,350.00,3.00,WABB 250600Z 35003KT 170V350 7000 -RA SCT018 BKN100 26/26 Q1005 RETS TEMPO -RA
WABB,2023-11-25 06:30,6.21,M,10.00,3.00,WABB 250630Z 01003KT 170V010 9999 SCT018 SCT100 28/26 Q1005 RERA BECMG NSW
WABB,2023-11-25 07:00,6.21,M,310.00,5.00,WABB 250700Z 31005KT 170V310 9999 FEW018 28/26 Q1005 NOSIG
WABB,2023-11-25 07:30,6.21,M,340.00,4.00,WABB 250730Z 34004KT 170V340 9999 FEW018 28/25 Q1006 NOSIG
WABB,2023-11-25 08:00,6.21,M,360.00,3.00,WABB 250800Z 36003KT 170V360 9999 FEW018 28/25 Q1006 NOSIG
WABB,2023-11-25 08:30,6.21,M,0.00,0.00,WABB 250830Z 00000KT 9999 FEW018 28/25 Q1006 NOSIG
WABB,2023-11-25 09:00,6.21,M,20.00,3.00,WABB 250900Z 02003KT 170V020 9999 FEW018 27/25 Q1006 NOSIG
WABB,2023-11-25 09:30,6.21,M,M,2.00,WABB 250930Z VRB02KT 9999 FEW018 26/25 Q1007 NOSIG
WABB,2023-11-25 10:00,6.21,M,10.00,3.00,WABB 251000Z 01003KT 180V010 9999 FEW018 26/24 Q1007 NOSIG
WABB,2023-11-25 10:30,6.21,M,M,2.00,WABB 251030Z VRB02KT 9999 FEW018 26/24 Q1007 NOSIG
WABB,2023-11-25 11:00,6.21,M,M,2.00,WABB 251100Z VRB02KT 9999 FEW018 26/24 Q1008 NOSIG
WABB,2023-11-25 11:30,6.21,M,0.00,0.00,WABB 251130Z 00000KT 9999 FEW018 26/24 Q1008 NOSIG
WABB,2023-11-25 12:00,6.21,M,M,2.00,WABB 251200Z VRB02KT 9999 FEW018 26/24 Q1008 NOSIG
WABB,2023-11-25 12:30,6.21,M,M,2.00,WABB 251230Z VRB02KT 9999 FEW018 25/25 Q1008 NOSIG
WABB,2023-11-25 13:00,6.21,M,M,2.00,WABB 251300Z VRB02KT 9999 FEW018 26/25 Q1009 NOSIG
WABB,2023-11-25 13:30,6.21,M,0.00,0.00,WABB 251330Z 00000KT 9999 FEW018 26/25 Q1009 NOSIG
WABB,2023-11-25 14:00,6.21,M,0.00,0.00,WABB 251400Z 00000KT 9999 FEW018 26/25 Q1009 NOSIG
WABB,2023-11-25 14:30,6.21,M,0.00,0.00,WABB 251430Z 00000KT 9999 FEW018 26/25 Q1009 NOSIG
WABB,2023-11-25 15:00,6.21,M,M,2.00,WABB 251500Z VRB02KT 9999 FEW018 25/25 Q1008 NOSIG
WABB,2023-11-25 15:30,6.21,M,M,2.00,WABB 251530Z VRB02KT 9999 FEW018 25/25 Q1008 NOSIG
WABB,2023-11-25 16:00,6.21,M,0.00,0.00,WABB 251600Z 00000KT 9999 FEW018 25/25 Q1008 NOSIG
WABB,2023-11-25 16:30,6.21,M,300.00,4.00,WABB 251630Z 30004KT 180V300 9999 FEW018 25/25 Q1007 NOSIG
WABB,2023-11-25 17:00,6.21,M,300.00,4.00,WABB 251700Z 30004KT 180V300 9999 FEW018 25/25 Q1007 NOSIG
WABB,2023-11-25 17:30,6.21,M,M,2.00,WABB 251730Z VRB02KT 9999 FEW018 25/25 Q1007 NOSIG
WABB,2023-11-25 18:00,6.21,M,340.00,3.00,WABB 251800Z 34003KT 170V340 9999 FEW018 25/25 Q1007 NOSIG
WABB,2023-11-25 18:30,6.21,M,M,2.00,WABB 251830Z VRB02KT 9999 FEW018 25/24 Q1006 NOSIG
WABB,2023-11-25 19:00,6.21,M,310.00,3.00,WABB 251900Z 31003KT 170V310 9999 FEW018 25/25 Q1006 NOSIG
WABB,2023-11-25 19:30,6.21,M,M,2.00,WABB 251930Z VRB02KT 9999 FEW018 25/24 Q1007 NOSIG
WABB,2023-11-25 20:00,6.21,M,0.00,0.00,WABB 252000Z 00000KT 9999 FEW018 25/25 Q1007 NOSIG
WABB,2023-11-25 20:30,6.21,M,0.00,0.00,WABB 252030Z 00000KT 9999 FEW018 25/24 Q1008 NOSIG
WABB,2023-11-25 21:00,6.21,M,M,2.00,WABB 252100Z VRB02KT 9999 FEW018 26/25 Q1008 NOSIG
WABB,2023-11-25 21:30,6.21,M,0.00,0.00,WABB 252130Z 00000KT 9999 FEW018 26/25 Q1008 NOSIG
WABB,2023-11-25 22:00,6.21,M,330.00,4.00,WABB 252200Z 33004KT 170V330 9999 FEW018 27/25 Q1009 NOSIG
WABB,2023-11-25 22:30,6.21,M,330.00,4.00,WABB 252230Z 33004KT 170V330 9999 FEW018 28/26 Q1009 NOSIG
WABB,2023-11-25 23:00,6.21,M,290.00,7.00,WABB 252300Z 29007KT 160V290 9999 FEW018 29/25 Q1009 NOSIG
WABB,2023-11-25 23:30,6.21,M,240.00,6.00,WABB 252330Z 24006KT 160V240 9999 FEW018 29/26 Q1009 NOSIG
WABB,2023-11-26 00:00,6.21,M,M,2.00,WABB 260000Z VRB02KT 9999 FEW018 29/26 Q1009 NOSIG
WABB,2023-11-26 00:30,6.21,M,220.00,4.00,WABB 260030Z 22004KT 160V220 9999 FEW018 30/26 Q1009 NOSIG
WABB,2023-11-26 01:00,6.21,M,180.00,4.00,WABB 260100Z 18004KT 150V230 9999 SCT018 31/26 Q1009 NOSIG
WABB,2023-11-26 01:30,6.21,M,250.00,4.00,WABB 260130Z 25004KT 150V250 9999 SCT018 30/26 Q1008 NOSIG
WABB,2023-11-26 02:00,6.21,M,280.00,7.00,WABB 260200Z 28007KT 150V280 9999 SCT018 30/26 Q1008 NOSIG
WABB,2023-11-26 02:30,3.73,-RA,320.00,11.00,WABB 260230Z 32011KT 6000 -RA FEW014CB SCT018 30/26 Q1008 TEMPO RA RMK CB OVER THE FIELD
WABB,2023-11-26 03:00,5.59,M,320.00,7.00,WABB 260300Z 32007KT 9000 FEW014CB SCT018 26/25 Q1008 RERA TEMPO RA RMK CB AT NW
WABB,2023-11-26 03:30,5.59,-RA,320.00,7.00,WABB 260330Z 32007KT 9000 -RA FEW014CB SCT018 26/25 Q1008 NOSIG RMK CB AT NE
WABB,2023-11-26 04:00,5.59,-RA,10.00,7.00,WABB 260400Z 01007KT 150V010 9000 -RA FEW014CB SCT018 26/25 Q1007 NOSIG RMK CB AT SE
WABB,2023-11-26 04:30,5.59,-RA,360.00,6.00,WABB 260430Z 36006KT 9000 -RA FEW014CB SCT018 26/24 Q1007 NOSIG RMK CB AT SE METAR WIDD 260430Z 32005KT 9999 SCT014 30/24 Q1011 NOSIG
WABB,2023-11-26 05:00,5.59,-RA,320.00,4.00,WABB 260500Z 32004KT 9000 -RA FEW014CB SCT018 28/25 Q1006 NOSIG RMK CB AT SE METAR WIDD 260500Z 32004KT 9999 SCT014 30/24 Q1012 NOSIG
WABB,2023-11-26 05:30,5.59,-RA,340.00,4.00,WABB 260530Z 34004KT 9000 -RA FEW014CB SCT018 28/25 Q1007 NOSIG RMK CB AT E AND W
WABB,2023-11-26 06:00,5.59,-RA,140.00,2.00,WABB 260600Z 14002KT 9000 -RA FEW014CB SCT018 28/26 Q1007 NOSIG RMK CB AT E AND W
WABB,2023-11-26 06:30,5.59,-RA,0.00,0.00,WABB 260630Z 00000KT 9000 -RA FEW014CB SCT018 27/25 Q1007 NOSIG RMK CB AT E AND W
WABB,2023-11-26 07:00,3.11,-RA,20.00,8.00,WABB 260700Z 02008KT 5000 -RA FEW014CB SCT018 26/25 Q1008 NOSIG RMK CB AT N
WABB,2023-11-26 07:30,3.11,-RA,20.00,12.00,WABB 260730Z 02012KT 5000 -RA FEW014CB SCT018 24/24 Q1008 NOSIG RMK CB OVER THE FIELD
WABB,2023-11-26 09:00,4.35,-RA,20.00,12.00,WABB 260900Z 02012KT 7000 -RA FEW014CB SCT018 24/24 Q1008 NOSIG RMK CB OVER THE FIELD
WABB,2023-11-26 09:30,4.35,-RA,20.00,12.00,WABB 260930Z 02012KT 7000 -RA FEW014CB SCT018 24/24 Q1008 NOSIG RMK CB OVER THE FIELD
WABB,2023-11-26 10:00,5.59,-RA,20.00,11.00,WABB 261000Z 02011KT 9000 -RA SCT018 25/24 Q1009 NOSIG
WABB,2023-11-26 10:30,5.59,M,50.00,8.00,WABB 261030Z 05008KT 9000 SCT018 25/25 Q1008 RERA NOSIG
WABB,2023-11-26 11:00,5.59,M,60.00,3.00,WABB 261100Z 06003KT 9000 SCT018 25/24 Q1008 NOSIG
WABB,2023-11-26 11:30,5.59,M,110.00,3.00,WABB 261130Z 11003KT 9000 SCT018 26/25 Q1008 NOSIG
WABB,2023-11-26 12:30,5.59,M,80.00,3.00,WABB 261230Z 08003KT 260V080 9000 SCT018 25/25 Q1008 NOSIG
WABB,2023-11-26 13:00,5.59,M,100.00,3.00,WABB 261300Z 10003KT 9000 SCT018 25/25 Q1008 NOSIG
WABB,2023-11-26 13:30,5.59,M,100.00,3.00,WABB 261330Z 10003KT 9000 SCT018 25/25 Q1008 NOSIG
WABB,2023-11-26 14:00,5.59,M,280.00,2.00,WABB 261400Z 28002KT 9000 SCT018 27/25 Q1008 NOSIG
WABB,2023-11-26 14:30,5.59,M,290.00,3.00,WABB 261430Z 29003KT 9000 SCT018 26/25 Q1009 NOSIG
WABB,2023-11-26 15:00,5.59,M,240.00,7.00,WABB 261500Z 24007KT 9000 SCT018 27/26 Q1009 NOSIG
WABB,2023-11-26 15:30,5.59,M,240.00,7.00,WABB 261530Z 24007KT 9000 SCT018 27/26 Q1009 NOSIG
WABB,2023-11-26 16:00,5.59,M,300.00,5.00,WABB 261600Z 30005KT 260V320 9000 SCT018 26/26 Q1008 NOSIG
WABB,2023-11-26 16:30,5.59,M,300.00,5.00,WABB 261630Z 30005KT 9000 SCT018 26/25 Q1008 NOSIG
WABB,2023-11-26 17:00,5.59,M,280.00,4.00,WABB 261700Z 28004KT 9000 SCT018 26/25 Q1008 NOSIG
WABB,2023-11-26 17:30,5.59,M,260.00,12.00,WABB 261730Z 26012KT 9000 SCT018 28/25 Q1007 NOSIG
WABB,2023-11-26 18:00,5.59,M,260.00,7.00,WABB 261800Z 26007KT 9000 SCT018 28/25 Q1007 NOSIG
WABB,2023-11-26 18:30,5.59,M,220.00,4.00,WABB 261830Z 22004KT 9000 SCT018 28/26 Q1007 NOSIG
WABB,2023-11-26 19:00,5.59,M,220.00,4.00,WABB 261900Z 22004KT 9000 SCT018 28/26 Q1007 NOSIG
WABB,2023-11-26 19:30,5.59,M,230.00,11.00,WABB 261930Z 23011KT 9000 SCT018 28/26 Q1007 NOSIG
WABB,2023-11-26 20:00,5.59,M,230.00,6.00,WABB 262000Z 23006KT 9000 SCT018 28/25 Q1008 NOSIG
WABB,2023-11-26 20:30,5.59,M,240.00,5.00,WABB 262030Z 24005KT 9000 SCT018 28/25 Q1008 NOSIG
WABB,2023-11-26 21:00,5.59,M,230.00,7.00,WABB 262100Z 23007KT 9000 SCT018 28/25 Q1008 NOSIG
WABB,2023-11-26 21:30,5.59,M,230.00,7.00,WABB 262130Z 23007KT 9000 SCT018 28/25 Q1008 NOSIG
WABB,2023-11-26 22:00,5.59,M,230.00,7.00,WABB 262200Z 23007KT 9000 SCT018 28/25 Q1008 NOSIG
WABB,2023-11-26 22:30,5.59,M,230.00,7.00,WABB 262230Z 23007KT 9000 SCT018 28/25 Q1008 NOSIG
WABB,2023-11-26 23:00,6.21,M,240.00,4.00,WABB 262300Z 24004KT 9999 FEW018 28/26 Q1009 NOSIG
WABB,2023-11-26 23:30,6.21,M,250.00,2.00,WABB 262330Z 25002KT 9999 FEW018 29/25 Q1010 NOSIG
WABB,2023-11-27 00:00,6.21,M,230.00,5.00,WABB 270000Z 23005KT 9999 FEW018 30/25 Q1010 NOSIG
WABB,2023-11-27 00:30,6.21,M,210.00,3.00,WABB 270030Z 21003KT 9999 SCT018 30/26 Q1010 NOSIG
WABB,2023-11-27 01:00,6.21,M,140.00,7.00,WABB 270100Z 14007KT 9999 SCT018 31/26 Q1010 NOSIG
WABB,2023-11-27 01:30,6.21,M,170.00,5.00,WABB 270130Z 17005KT 010V190 9999 SCT018 30/25 Q1009 NOSIG
WABB,2023-11-27 02:00,6.21,M,170.00,6.00,WABB 270200Z 17006KT 9999 SCT018 30/26 Q1009 NOSIG
WABB,2023-11-27 02:30,6.21,M,190.00,4.00,WABB 270230Z 19004KT 010V200 9999 SCT018 31/26 Q1009 NOSIG
WABB,2023-11-27 03:00,6.21,M,180.00,7.00,WABB 270300Z 18007KT 010V180 9999 SCT018 31/26 Q1008 NOSIG
WABB,2023-11-27 03:30,6.21,M,180.00,5.00,WABB 270330Z 18005KT 010V180 9999 SCT018 30/26 Q1008 NOSIG
WABB,2023-11-27 04:00,6.21,M,190.00,4.00,WABB 270400Z 19004KT 010V190 9999 SCT018 31/26 Q1007 NOSIG
WABB,2023-11-27 04:30,6.21,M,170.00,3.00,WABB 270430Z 17003KT 010V170 9999 SCT018 30/26 Q1007 NOSIG
WABB,2023-11-27 05:00,6.21,M,150.00,3.00,WABB 270500Z 15003KT 010V130 9999 SCT018 31/26 Q1007 NOSIG
WABB,2023-11-27 05:30,6.21,M,200.00,3.00,WABB 270530Z 20003KT 9999 SCT018 31/26 Q1006 NOSIG
WABB,2023-11-27 06:00,6.21,M,180.00,4.00,WABB 270600Z 18004KT 010V180 9999 SCT018 30/26 Q1006 NOSIG
WABB,2023-11-27 06:30,6.21,M,170.00,3.00,WABB 270630Z 17003KT 9999 SCT018 30/26 Q1006 NOSIG
WABB,2023-11-27 07:00,6.21,M,0.00,0.00,WABB 270700Z 00000KT 9999 SCT018 30/26 Q1006 NOSIG
WABB,2023-11-27 07:30,6.21,M,170.00,3.00,WABB 270730Z 17003KT 9999 SCT018 31/26 Q1006 NOSIG
WABB,2023-11-27 08:00,6.21,M,190.00,2.00,WABB 270800Z 19002KT 9999 SCT018 30/26 Q1006 NOSIG
WABB,2023-11-27 08:30,6.21,M,160.00,2.00,WABB 270830Z 16002KT 9999 SCT018 30/26 Q1006 NOSIG
WABB,2023-11-27 09:00,6.21,M,180.00,2.00,WABB 270900Z 18002KT 9999 SCT018 29/26 Q1006 NOSIG
WABB,2023-11-27 10:30,6.21,M,30.00,3.00,WABB 271030Z 03003KT 100V030 9999 FEW018 28/26 Q1008 NOSIG
WABB,2023-11-27 11:00,6.21,M,M,2.00,WABB 271100Z VRB02KT 9999 FEW018 28/26 Q1008 NOSIG
WABB,2023-11-27 11:30,6.21,M,10.00,3.00,WABB 271130Z 01003KT 100V010 9999 FEW018 27/26 Q1008 NOSIG
WABB,2023-11-27 12:00,6.21,M,M,2.00,WABB 271200Z VRB02KT 9999 FEW018 27/26 Q1008 NOSIG
WABB,2023-11-27 12:30,6.21,M,M,2.00,WABB 271230Z VRB02KT 9999 FEW018 27/26 Q1008 NOSIG
WABB,2023-11-27 13:00,6.21,M,M,2.00,WABB 271300Z VRB02KT 9999 FEW018 27/26 Q1008 NOSIG
WABB,2023-11-27 13:30,6.21,M,M,2.00,WABB 271330Z VRB02KT 9999 FEW018 26/25 Q1008 NOSIG
WABB,2023-11-27 14:00,6.21,M,0.00,0.00,WABB 271400Z 00000KT 9999 FEW018 26/25 Q1009 NOSIG
WABB,2023-11-27 14:30,6.21,M,40.00,3.00,WABB 271430Z 04003KT 100V040 9999 FEW018 26/25 Q1009 NOSIG
WABB,2023-11-27 15:00,6.21,M,0.00,0.00,WABB 271500Z 00000KT 9999 FEW018 26/25 Q1009 NOSIG
WABB,2023-11-27 15:30,6.21,M,M,2.00,WABB 271530Z VRB02KT 9999 FEW018 26/25 Q1008 NOSIG
WABB,2023-11-27 16:00,6.21,M,M,2.00,WABB 271600Z VRB02KT 9999 FEW018 26/25 Q1008 NOSIG
WABB,2023-11-27 16:30,6.21,M,M,2.00,WABB 271630Z VRB02KT 9999 FEW018 26/25 Q1008 NOSIG
WABB,2023-11-27 17:00,6.21,M,M,2.00,WABB 271700Z VRB02KT 9999 FEW018 26/25 Q1008 NOSIG
WABB,2023-11-27 17:30,6.21,M,M,2.00,WABB 271730Z VRB02KT 9999 FEW018 26/25 Q1008 NOSIG
WABB,2023-11-27 18:00,6.21,M,M,2.00,WABB 271800Z VRB02KT 9999 FEW018 26/25 Q1008 NOSIG
WABB,2023-11-27 18:30,6.21,M,330.00,2.00,WABB 271830Z 33002KT 9999 FEW018 26/25 Q1008 NOSIG
WABB,2023-11-27 19:00,6.21,M,0.00,0.00,WABB 271900Z 00000KT 9999 FEW018 26/25 Q1008 NOSIG
WABB,2023-11-27 19:30,6.21,M,350.00,2.00,WABB 271930Z 35002KT 9999 FEW018 26/25 Q1008 NOSIG
WABB,2023-11-27 20:00,6.21,M,340.00,2.00,WABB 272000Z 34002KT 9999 FEW018 26/25 Q1008 NOSIG
WABB,2023-11-27 20:30,6.21,M,0.00,0.00,WABB 272030Z 00000KT 9999 FEW018 26/25 Q1008 NOSIG
WABB,2023-11-27 21:00,6.21,M,280.00,3.00,WABB 272100Z 28003KT 280V020 9999 FEW018 26/25 Q1009 NOSIG
WABB,2023-11-27 21:30,6.21,M,360.00,3.00,WABB 272130Z 36003KT 9999 FEW018 27/25 Q1010 NOSIG
WABB,2023-11-27 22:00,6.21,M,320.00,5.00,WABB 272200Z 32005KT 320V040 9999 FEW018 28/26 Q1010 NOSIG
WABB,2023-11-27 22:30,6.21,M,300.00,4.00,WABB 272230Z 30004KT 300V060 9999 FEW018 29/26 Q1010 NOSIG
WABB,2023-11-27 23:00,6.21,M,240.00,4.00,WABB 272300Z 24004KT 070V240 9999 FEW018 29/26 Q1011 NOSIG
WABB,2023-11-27 23:30,6.21,M,240.00,3.00,WABB 272330Z 24003KT 070V240 9999 FEW018 29/26 Q1011 NOSIG
WABB,2023-11-28 00:00,6.21,M,M,2.00,WABB 280000Z VRB02KT 9999 FEW018 30/26 Q1011 NOSIG
WABB,2023-11-28 00:30,6.21,M,230.00,5.00,WABB 280030Z 23005KT 060V230 9999 FEW018 30/26 Q1010 NOSIG
WABB,2023-11-28 01:00,6.21,M,210.00,3.00,WABB 280100Z 21003KT 060V210 9999 FEW018 30/26 Q1010 NOSIG
WABB,2023-11-28 01:30,4.97,-RA,80.00,3.00,WABB 280130Z 08003KT 8000 -RA SCT018 27/26 Q1011 NOSIG
WABB,2023-11-28 02:00,2.49,-TSRA,250.00,3.00,WABB 280200Z 25003KT 070V250 4000 -TSRA FEW012CB SCT018 25/24 Q1010 NOSIG RMK CB OVER THE FIELD
WABB,2023-11-28 02:30,4.35,-TSRA,300.00,4.00,WABB 280230Z 30004KT 300V070 7000 -TSRA FEW012CB SCT018 26/26 Q1010 NOSIG RMK CB AT E
WABB,2023-11-28 03:00,5.59,M,240.00,6.00,WABB 280300Z 24006KT 070V240 9000 FEW012CB SCT018 27/24 Q1010 RETSRA NOSIG RMK CB AT E
WABB,2023-11-28 03:30,5.59,-TSRA,220.00,4.00,WABB 280330Z 22004KT 070V220 9000 -TSRA FEW012CB SCT018 28/26 Q 1009 NOSIG RMK CB AT E
WABB,2023-11-28 04:00,5.59,-TSRA,0.00,0.00,WABB 280400Z 00000KT 9000 -TSRA FEW012CB SCT018 29/25 Q1008 NOSIG RMK CB AT E
WABB,2023-11-28 04:30,5.59,-TSRA,240.00,4.00,WABB 280430Z 24004KT 070V240 9000 -TSRA FEW012CB SCT018 29/25 Q1008 NOSIG RMK CB AT E
WABB,2023-11-28 05:00,6.21,M,220.00,3.00,WABB 280500Z 22003KT 070V220 9999 SCT018 30/25 Q1008 RETSRA NOSIG
WABB,2023-11-28 05:30,6.21,M,230.00,6.00,WABB 280530Z 23006KT 070V230 9999 SCT018 29/26 Q1008 NOSIG
WABB,2023-11-28 06:00,5.59,-RA,220.00,4.00,WABB 280600Z 22004KT 070V220 9000 -RA SCT018 29/26 Q1007 NOSIG
WABB,2023-11-28 06:30,5.59,-RA,20.00,6.00,WABB 280630Z 02006KT 070V010 9000 -RA SCT018 29/26 Q1007 NOSIG
WABB,2023-11-28 07:00,6.21,M,30.00,3.00,WABB 280700Z 03003KT 080V020 9999 SCT018 29/25 Q1007 NOSIG
WABB,2023-11-28 07:30,6.21,M,50.00,3.00,WABB 280730Z 05003KT 360V080 9999 SCT018 29/24 Q1007 NOSIG
WABB,2023-11-28 08:00,6.21,M,360.00,3.00,WABB 280800Z 36003KT 360V080 9999 SCT018 29/26 Q1008 NOSIG
WABB,2023-11-28 08:30,6.21,M,0.00,0.00,WABB 280830Z 00000KT 9999 SCT018 29/25 Q1008 NOSIG
WABB,2023-11-28 09:00,6.21,M,40.00,3.00,WABB 280900Z 04003KT 9999 SCT018 28/25 Q1008 NOSIG
WABB,2023-11-28 09:30,6.21,M,M,2.00,WABB 280930Z VRB02KT 9999 SCT018 27/26 Q1009 NOSIG
WABB,2023-11-28 10:00,6.21,M,0.00,0.00,WABB 281000Z 00000KT 9999 SCT018 27/25 Q1009 NOSIG
WABB,2023-11-28 10:30,6.21,M,50.00,2.00,WABB 281030Z 05002KT 9999 SCT018 27/25 Q1009 NOSIG
WABB,2023-11-28 11:00,6.21,M,0.00,0.00,WABB 281100Z 00000KT 9999 FEW018 27/25 Q1010 NOSIG
WABB,2023-11-28 11:30,6.21,M,0.00,0.00,WABB 281130Z 00000KT 9999 FEW018 26/25 Q1010 NOSIG
WABB,2023-11-28 12:00,6.21,M,0.00,0.00,WABB 281200Z 00000KT 9999 FEW018 27/25 Q1010 NOSIG
WABB,2023-11-28 12:30,6.21,M,280.00,3.00,WABB 281230Z 28003KT 090V280 9999 FEW018 26/25 Q1010 NOSIG
WABB,2023-11-28 13:00,6.21,M,30.00,3.00,WABB 281300Z 03003KT 090V030 9999 FEW018 26/25 Q1010 NOSIG
WABB,2023-11-28 13:30,6.21,M,M,2.00,WABB 281330Z VRB02KT 9999 FEW018 26/25 Q1010 NOSIG
WABB,2023-11-28 14:30,6.21,M,M,2.00,WABB 281430Z VRB02KT 9999 FEW018 26/25 Q1010 NOSIG
WABB,2023-11-28 15:00,6.21,M,M,2.00,WABB 281500Z VRB02KT 9999 FEW018 26/25 Q1010 NOSIG
WABB,2023-11-28 15:30,6.21,M,360.00,3.00,WABB 281530Z 36003KT 360V100 9999 FEW018 25/25 Q1009 NOSIG
WABB,2023-11-28 16:00,6.21,M,M,2.00,WABB 281600Z VRB02KT 9999 FEW018 25/25 Q1009 NOSIG
WABB,2023-11-28 16:30,6.21,M,0.00,0.00,WABB 281630Z 00000KT 9999 FEW018 25/25 Q1008 NOSIG
WABB,2023-11-28 17:00,6.21,M,M,2.00,WABB 281700Z VRB02KT 9999 FEW018 25/25 Q1008 NOSIG
WABB,2023-11-28 17:30,6.21,M,M,2.00,WABB 281730Z VRB02KT 9999 FEW018 25/24 Q1008 NOSIG
WABB,2023-11-28 18:00,6.21,M,0.00,0.00,WABB 281800Z 00000KT 9999 FEW018 25/25 Q1008 NOSIG
WABB,2023-11-28 18:30,6.21,M,M,2.00,WABB 281830Z VRB02KT 9999 SCT018 25/25 Q1008 NOSIG
WABB,2023-11-28 19:00,6.21,M,M,2.00,WABB 281900Z VRB02KT 9999 SCT018 25/24 Q1008 NOSIG
WABB,2023-11-28 19:30,6.21,M,M,2.00,WABB 281930Z VRB02KT 9999 SCT018 25/24 Q1008 NOSIG
WABB,2023-11-28 20:00,6.21,M,0.00,0.00,WABB 282000Z 00000KT 9999 SCT018 25/24 Q1009 NOSIG
WABB,2023-11-28 20:30,6.21,M,M,2.00,WABB 282030Z VRB02KT 9999 SCT018 24/24 Q1009 NOSIG
WABB,2023-11-28 22:30,6.21,M,M,2.00,WABB 282230Z VRB02KT 9999 SCT018 28/26 Q1010 NOSIG
WABB,2023-11-29 03:00,6.21,M,240.00,3.00,WABB 290300Z 24003KT 090V240 9999 SCT018 31/25 Q1008 NOSIG
WABB,2023-11-29 03:30,6.21,M,230.00,4.00,WABB 290330Z 23004KT 090V230 9999 SCT018 30/26 Q1008 NOSIG
WABB,2023-11-29 04:00,6.21,M,250.00,7.00,WABB 290400Z 25007KT 090V250 9999 SCT018 31/26 Q1007 NOSIG
WABB,2023-11-29 04:30,6.21,M,200.00,3.00,WABB 290430Z 20003KT 080V200 9999 SCT018 31/26 Q1007 NOSIG
WABB,2023-11-29 05:00,6.21,M,M,2.00,WABB 290500Z VRB02KT 9999 SCT018 30/25 Q1007 NOSIG
WABB,2023-11-29 05:30,6.21,M,220.00,4.00,WABB 290530Z 22004KT 080V220 9999 SCT018 31/25 Q1006 NOSIG
WABB,2023-11-29 06:00,6.21,M,240.00,5.00,WABB 290600Z 24005KT 080V240 9999 SCT018 31/26 Q1006 NOSIG
WABB,2023-11-29 06:30,6.21,M,220.00,5.00,WABB 290630Z 22005KT 080V220 9999 SCT018 31/26 Q1006 NOSIG
WABB,2023-11-29 07:00,6.21,M,260.00,3.00,WABB 290700Z 26003KT 080V260 9999 SCT018 31/25 Q1006 NOSIG
WABB,2023-11-29 07:30,6.21,M,20.00,3.00,WABB 290730Z 02003KT 080V020 9999 SCT018 30/26 Q1006 NOSIG
WABB,2023-11-29 08:00,6.21,M,350.00,5.00,WABB 290800Z 35005KT 350V080 9999 SCT018 30/25 Q1006 NOSIG
WABB,2023-11-29 08:30,6.21,M,10.00,3.00,WABB 290830Z 01003KT 080V010 9999 SCT018 29/26 Q1007 NOSIG
WABB,2023-11-29 09:00,6.21,M,340.00,3.00,WABB 290900Z 34003KT 340V080 9999 SCT018 29/26 Q1007 NOSIG
WABB,2023-11-29 09:30,6.21,M,M,2.00,WABB 290930Z VRB02KT 9999 SCT018 28/26 Q1008 NOSIG
WABB,2023-11-29 10:00,6.21,M,0.00,0.00,WABB 291000Z 00000KT 9999 SCT018 28/26 Q1008 NOSIG
WABB,2023-11-29 10:30,6.21,M,320.00,3.00,WABB 291030Z 32003KT 320V090 9999 SCT018 28/26 Q1009 NOSIG
WABB,2023-11-29 11:30,6.21,M,320.00,3.00,WABB 291130Z 32003KT 320V090 9999 SCT018 28/25 Q1009 NOSIG
WABB,2023-11-29 12:00,6.21,M,320.00,4.00,WABB 291200Z 32004KT 320V090 9999 SCT018 27/25 Q1010 NOSIG
WABB,2023-11-29 12:30,6.21,M,M,2.00,WABB 291230Z VRB02KT 9999 SCT018 27/25 Q1010 NOSIG
WABB,2023-11-29 13:00,6.21,M,M,2.00,WABB 291300Z VRB02KT 9999 SCT018 27/25 Q1010 NOSIG
WABB,2023-11-29 13:30,6.21,M,M,2.00,WABB 291330Z VRB02KT 9999 SCT018 26/25 Q1010 NOSIG
WABB,2023-11-29 14:00,6.21,M,0.00,0.00,WABB 291400Z 00000KT 9999 SCT018 26/25 Q1010 NOSIG
WABB,2023-11-29 14:30,6.21,M,0.00,0.00,WABB 291430Z 00000KT 9999 SCT018 26/25 Q1009 NOSIG
WABB,2023-11-29 15:00,6.21,M,320.00,3.00,WABB 291500Z 32003KT 320V090 9999 SCT018 26/25 Q1009 NOSIG
WABB,2023-11-29 15:30,6.21,M,M,2.00,WABB 291530Z VRB02KT 9999 SCT018 26/25 Q1009 NOSIG
WABB,2023-11-29 16:00,6.21,M,M,2.00,WABB 291600Z VRB02KT 9999 SCT018 26/24 Q1008 NOSIG
WABB,2023-11-29 16:30,6.21,M,20.00,3.00,WABB 291630Z 02003KT 100V020 9999 SCT018 25/24 Q1008 NOSIG
WABB,2023-11-29 17:00,6.21,M,330.00,3.00,WABB 291700Z 33003KT 330V100 9999 SCT018 26/24 Q1008 NOSIG
WABB,2023-11-29 17:30,6.21,M,310.00,4.00,WABB 291730Z 31004KT 310V100 9999 SCT018 26/25 Q1008 NOSIG
WABB,2023-11-29 18:00,6.21,M,320.00,3.00,WABB 291800Z 32003KT 320V100 9999 SCT018 25/24 Q1008 NOSIG
WABB,2023-11-29 18:30,6.21,M,M,2.00,WABB 291830Z VRB02KT 9999 SCT018 26/25 Q1008 NOSIG
WABB,2023-11-29 19:00,6.21,M,320.00,3.00,WABB 291900Z 32003KT 320V100 9999 SCT018 26/25 Q1008 NOSIG
WABB,2023-11-29 19:30,6.21,M,M,2.00,WABB 291930Z VRB02KT 9999 SCT018 25/25 Q1008 NOSIG
WABB,2023-11-29 20:00,6.21,M,0.00,0.00,WABB 292000Z 00000KT 9999 SCT018 25/24 Q1009 NOSIG
WABB,2023-11-29 20:30,6.21,M,M,2.00,WABB 292030Z VRB02KT 9999 SCT018 25/24 Q1009 NOSIG
WABB,2023-11-29 21:00,6.21,M,360.00,3.00,WABB 292100Z 36003KT 360V100 9999 SCT018 25/25 Q1009 NOSIG
WABB,2023-11-29 22:00,6.21,M,0.00,0.00,WABB 292200Z 00000KT 9999 SCT018 28/25 Q1010 NOSIG
WABB,2023-11-29 22:30,6.21,M,330.00,3.00,WABB 292230Z 33003KT 330V110 9999 SCT018 29/25 Q1010 NOSIG
WABB,2023-11-29 23:00,6.21,M,220.00,4.00,WABB 292300Z 22004KT 110V220 9999 SCT018 29/26 Q1010 NOSIG
WABB,2023-11-29 23:30,6.21,M,190.00,5.00,WABB 292330Z 19005KT 100V190 9999 FEW018 30/25 Q1010 NOSIG
WABB,2023-11-30 00:30,6.21,M,190.00,3.00,WABB 300030Z 19003KT 100V190 9999 FEW018 30/25 Q1010 NOSIG
WABB,2023-11-30 01:00,6.21,M,230.00,4.00,WABB 300100Z 23004KT 100V230 9999 FEW018 31/26 Q1009 NOSIG
WABB,2023-11-30 01:30,6.21,M,180.00,6.00,WABB 300130Z 18006KT 100V180 9999 FEW018 31/26 Q1009 NOSIG
WABB,2023-11-30 02:00,6.21,M,190.00,5.00,WABB 300200Z 19005KT 100V190 9999 FEW018 31/26 Q1009 NOSIG
WABB,2023-11-30 02:30,6.21,M,190.00,6.00,WABB 300230Z 19006KT 100V190 9999 FEW018 31/26 Q1008 NOSIG
WABB,2023-11-30 03:00,6.21,M,M,2.00,WABB 300300Z VRB02KT 9999 FEW018 31/26 Q1008 NOSIG
WABB,2023-11-30 03:30,6.21,M,M,2.00,WABB 300330Z VRB02KT 9999 FEW018 31/26 Q1008 NOSIG
WABB,2023-11-30 04:00,6.21,M,190.00,5.00,WABB 300400Z 19005KT 090V190 9999 FEW018 31/26 Q1007 NOSIG
WABB,2023-11-30 05:30,6.21,M,230.00,5.00,WABB 300530Z 23005KT 090V230 9999 FEW018CB 31/26 Q1006 RETS NOSIG RMK CB AT NW METAR WIDD 300530Z 05009KT 9999 SCT014 31/25 Q1010 NOSIG
WABB,2023-11-30 06:00,6.21,M,220.00,5.00,WABB 300600Z 22005KT 090V220 9999 FEW018CB 31/27 Q1006 NOSIG RMK CB AT NW
WABB,2023-11-30 06:30,6.21,M,230.00,8.00,WABB 300630Z 23008KT 090V230 9999 FEW018CB 30/26 Q1006 NOSIG RMK CB AT NW
WABB,2023-11-30 07:00,6.21,M,250.00,4.00,WABB 300700Z 25004KT 080V250 9999 FEW018 30/27 Q1006 NOSIG
WABB,2023-11-30 07:30,6.21,M,270.00,5.00,WABB 300730Z 27005KT 080V270 9999 FEW018 30/26 Q1006 NOSIG
WABB,2023-11-30 08:00,6.21,M,30.00,5.00,WABB 300800Z 03005KT 080V020 9999 FEW018 30/27 Q1007 NOSIG
WABB,2023-11-30 09:00,6.21,M,10.00,3.00,WABB 300900Z 01003KT 270V360 9999 FEW018 27/26 Q1007 NOSIG
WABB,2023-11-30 09:30,6.21,M,30.00,3.00,WABB 300930Z 03003KT 030V250 9999 FEW018 28/25 Q1008 NOSIG
WABB,2023-11-30 10:00,6.21,M,M,2.00,WABB 301000Z VRB02KT 9999 FEW018 27/25 Q1008 NOSIG
WABB,2023-11-30 10:30,6.21,M,M,2.00,WABB 301030Z VRB02KT 9999 FEW018 27/25 Q1008 NOSIG
WABB,2023-11-30 11:00,6.21,M,30.00,3.00,WABB 301100Z 03003KT 030V250 9999 FEW018 28/25 Q1009 NOSIG
WABB,2023-11-30 11:30,6.21,M,20.00,4.00,WABB 301130Z 02004KT 020V250 9999 FEW018 27/25 Q1010 NOSIG
WABB,2023-11-30 12:00,6.21,M,M,2.00,WABB 301200Z VRB02KT 9999 FEW018 27/25 Q1010 NOSIG
WABB,2023-11-30 12:30,6.21,M,290.00,4.00,WABB 301230Z 29004KT 110V290 9999 FEW018 27/26 Q1009 NOSIG
WABB,2023-11-30 13:30,6.21,M,300.00,3.00,WABB 301330Z 30003KT 130V300 9999 FEW018 27/25 Q1009 NOSIG
WABB,2023-11-30 14:00,6.21,M,0.00,0.00,WABB 301400Z 00000KT 9999 FEW018 27/25 Q1009 NOSIG
WABB,2023-11-30 14:30,6.21,M,0.00,0.00,WABB 301430Z 00000KT 9999 FEW018 27/25 Q1009 NOSIG
WABB,2023-11-30 15:00,6.21,M,290.00,5.00,WABB 301500Z 29005KT 110V290 9999 FEW018 27/25 Q1009 NOSIG
WABB,2023-11-30 15:30,6.21,M,330.00,4.00,WABB 301530Z 33004KT 150V330 9999 FEW018 26/25 Q1009 NOSIG
WABB,2023-11-30 16:00,6.21,M,290.00,3.00,WABB 301600Z 29003KT 110V290 9999 FEW018 26/25 Q1008 NOSIG
WABB,2023-11-30 16:30,6.21,M,320.00,6.00,WABB 301630Z 32006KT 140V320 9999 FEW018 27/25 Q1008 NOSIG
WABB,2023-11-30 17:00,6.21,M,300.00,4.00,WABB 301700Z 30004KT 120V300 9999 FEW018 26/25 Q1007 NOSIG
WABB,2023-11-30 17:30,6.21,M,320.00,5.00,WABB 301730Z 32005KT 130V320 9999 FEW018 26/25 Q1007 NOSIG
WABB,2023-11-30 18:00,6.21,M,300.00,3.00,WABB 301800Z 30003KT 120V300 9999 FEW018 26/25 Q1007 NOSIG
WABB,2023-11-30 18:30,6.21,M,330.00,4.00,WABB 301830Z 33004KT 150V330 9999 FEW018 26/25 Q1008 NOSIG
WABB,2023-11-30 19:00,6.21,M,360.00,4.00,WABB 301900Z 36004KT 170V360 9999 FEW018 26/25 Q1008 NOSIG
WABB,2023-11-30 19:30,6.21,M,M,2.00,WABB 301930Z VRB02KT 9999 FEW018 26/25 Q1008 NOSIG
WABB,2023-11-30 20:00,6.21,M,M,2.00,WABB 302000Z VRB02KT 9999 FEW018 26/25 Q1009 NOSIG
WABB,2023-11-30 20:30,6.21,M,40.00,4.00,WABB 302030Z 04004KT 240V040 9999 SCT018 26/25 Q1009 NOSIG
WABB,2023-11-30 21:00,4.97,-RA,0.00,0.00,WABB 302100Z 00000KT 8000 -RA SCT018 26/25 Q1009 TEMPO -RA
WABB,2023-11-30 21:30,4.97,-RA,M,2.00,WABB 302130Z VRB02KT 8000 -RA SCT018 26/26 Q1010 TEMPO -RA
WABB,2023-11-30 22:00,4.97,-RA,M,2.00,WABB 302200Z VRB02KT 8000 -RA SCT018 26/26 Q1010 TEMPO -RA
WABB,2023-11-30 22:30,4.97,-RA,140.00,10.00,WABB 302230Z 14010KT 8000 -RA SCT018 26/26 Q1011 TEMPO -RA
WABB,2023-11-30 23:00,2.49,-RA,90.00,8.00,WABB 302300Z 09008KT 170V090 4000 -RA FEW017CB BKN018 25/24 Q1012 TEMPO RA RMK CB OVER THE FIELD
WABB,2023-11-30 23:30,2.49,-RA,50.00,6.00,WABB 302330Z 05006KT 220V050 4000 -RA FEW017CB BKN018 24/24 Q1012 TEMPO -RA RMK CB OVER THE FIELD
WABB,2023-12-01 00:00,2.49,-RA,M,2.00,WABB 010000Z VRB02KT 4000 -RA FEW017CB BKN018 24/24 Q1012 TEMPO -RA RMK CB OVER THE FIELD
WABB,2023-12-01 00:30,4.97,-RA,30.00,3.00,WABB 010030Z 03003KT 230V030 8000 -RA FEW017CB BKN018 25/24 Q1012 TEMPO -RA RMK CB OVER THE FIELD
WABB,2023-12-01 01:00,4.97,-RA,M,2.00,WABB 010100Z VRB02KT 8000 -RA FEW017CB SCT018 24/24 Q1012 TEMPO -RA RMK CB OVER THE FIELD
WABB,2023-12-01 01:30,4.97,-RA,300.00,5.00,WABB 010130Z 30005KT 120V300 8000 -RA FEW017CB SCT018 24/24 Q1012 TEMPO -RA RMK CB OVER THE FIELD
WABB,2023-12-01 02:00,4.97,-RA,330.00,6.00,WABB 010200Z 33006KT 140V330 8000 -RA FEW017CB SCT018 25/24 Q1011 TEMPO -RA RMK CB AT W
WABB,2023-12-01 03:00,5.59,-RA,250.00,8.00,WABB 010300Z 25008KT 070V250 9000 -RA SCT018 27/25 Q1010 TEMPO -RA
WABB,2023-12-01 03:30,5.59,-RA,240.00,4.00,WABB 010330Z 24004KT 050V240 9000 -RA SCT018 28/24 Q1010 TEMPO -RA
WABB,2023-12-01 04:00,5.59,-RA,190.00,3.00,WABB 010400Z 19003KT 030V190 9000 -RA SCT018 27/24 Q1009 TEMPO -RA
WABB,2023-12-01 04:30,5.59,M,M,2.00,WABB 010430Z VRB02KT 9000 SCT018 28/24 Q1009 TEMPO -RA
WABB,2023-12-01 05:00,5.59,M,140.00,3.00,WABB 010500Z 14003KT 120V180 9000 SCT018 28/25 Q1008 TEMPO -RA
WABB,2023-12-01 05:30,5.59,M,100.00,3.00,WABB 010530Z 10003KT 110V180 9000 SCT018 28/25 Q1008 TEMPO -RA
WABB,2023-12-01 06:00,5.59,M,150.00,2.00,WABB 010600Z 15002KT 9000 SCT018 27/25 Q1008 TEMPO -RA
WABB,2023-12-01 06:30,5.59,M,140.00,2.00,WABB 010630Z 14002KT 9000 SCT018 27/25 Q1008 TEMPO -RA
WABB,2023-12-01 07:00,5.59,M,M,2.00,WABB 010700Z VRB02KT 9000 SCT018 27/25 Q1008 TEMPO -RA
WABB,2023-12-01 07:30,5.59,M,120.00,2.00,WABB 010730Z 12002KT 9000 SCT018 28/25 Q1008 TEMPO -RA
WABB,2023-12-01 08:00,5.59,M,M,2.00,WABB 010800Z VRB02KT 9000 FEW018 28/25 Q1008 TEMPO -RA
WABB,2023-12-01 08:30,6.21,M,170.00,2.00,WABB 010830Z 17002KT 9999 FEW018 28/25 Q1008 TEMPO -RA
WABB,2023-12-01 09:00,6.21,M,M,2.00,WABB 010900Z VRB02KT 9999 FEW018 27/25 Q1009 TEMPO -RA
WABB,2023-12-01 09:30,6.21,M,M,2.00,WABB 010930Z VRB02KT 9999 FEW018 28/25 Q1009 TEMPO -RA
WABB,2023-12-01 10:00,6.21,M,0.00,0.00,WABB 011000Z 00000KT 9999 FEW018 27/25 Q1009 TEMPO -RA
WABB,2023-12-01 10:30,6.21,M,0.00,0.00,WABB 011030Z 00000KT 9999 FEW018 26/25 Q1009 TEMPO -RA
WABB,2023-12-01 11:00,6.21,M,0.00,0.00,WABB 011100Z 00000KT 9999 FEW018 26/25 Q1009 TEMPO -RA
WABB,2023-12-01 11:30,6.21,M,0.00,0.00,WABB 011130Z 00000KT 9999 FEW018 25/25 Q1009 TEMPO -RA
WABB,2023-12-01 12:00,6.21,M,M,2.00,WABB 011200Z VRB02KT 9999 FEW018 25/24 Q1009 NOSIG
WABB,2023-12-01 12:30,6.21,M,M,2.00,WABB 011230Z VRB02KT 9999 FEW018 25/25 Q1009 NOSIG
WABB,2023-12-01 13:00,6.21,M,M,2.00,WABB 011300Z VRB02KT 9999 FEW018 25/24 Q1010 NOSIG
WABB,2023-12-01 13:30,6.21,M,M,2.00,WABB 011330Z VRB02KT 9999 FEW018 25/24 Q1009 NOSIG
WABB,2023-12-01 14:00,6.21,M,20.00,4.00,WABB 011400Z 02004KT 020V250 9999 FEW018 25/24 Q1009 NOSIG
WABB,2023-12-01 14:30,6.21,M,M,2.00,WABB 011430Z VRB02KT 9999 FEW018 25/24 Q1009 NOSIG
WABB,2023-12-01 15:00,6.21,M,350.00,3.00,WABB 011500Z 35003KT 180V350 9999 FEW018 25/24 Q1009 NOSIG
WABB,2023-12-01 15:30,6.21,M,0.00,0.00,WABB 011530Z 00000KT 9999 FEW018 24/24 Q1008 NOSIG
WABB,2023-12-01 16:00,6.21,M,M,2.00,WABB 011600Z VRB02KT 9999 FEW018 24/24 Q1008 NOSIG
WABB,2023-12-01 16:30,6.21,M,M,2.00,WABB 011630Z VRB02KT 9999 FEW018 25/24 Q1008 NOSIG
WABB,2023-12-01 17:00,6.21,M,M,2.00,WABB 011700Z VRB02KT 9999 FEW018 24/24 Q1007 NOSIG
WABB,2023-12-01 17:30,6.21,M,M,2.00,WABB 011730Z VRB02KT 9999 FEW018 24/24 Q1007 NOSIG
WABB,2023-12-01 18:00,6.21,M,0.00,0.00,WABB 011800Z 00000KT 9999 FEW018 24/24 Q1007 NOSIG
WABB,2023-12-01 18:30,6.21,M,M,2.00,WABB 011830Z VRB02KT 9999 FEW018 24/24 Q1007 NOSIG
WABB,2023-12-01 19:00,6.21,M,310.00,3.00,WABB 011900Z 31003KT 130V310 9999 FEW018 24/24 Q1007 NOSIG
WABB,2023-12-01 19:30,6.21,M,M,2.00,WABB 011930Z VRB02KT 9999 FEW018 24/24 Q1008 NOSIG
WABB,2023-12-01 20:00,6.21,M,M,2.00,WABB 012000Z VRB02KT 9999 FEW018 24/24 Q1008 NOSIG
WABB,2023-12-01 20:30,6.21,M,M,2.00,WABB 012030Z VRB02KT 9999 FEW018 24/24 Q1008 NOSIG
WABB,2023-12-01 21:00,6.21,M,310.00,3.00,WABB 012100Z 31003KT 140V310 9999 FEW018 24/24 Q1008 NOSIG
WABB,2023-12-01 21:30,6.21,M,M,2.00,WABB 012130Z VRB02KT 9999 FEW018 25/25 Q1009 NOSIG
WABB,2023-12-01 22:00,6.21,M,0.00,0.00,WABB 012200Z 00000KT 9999 FEW018 27/26 Q1009 NOSIG
WABB,2023-12-01 22:30,6.21,M,220.00,3.00,WABB 012230Z 22003KT 070V220 9999 FEW018 29/25 Q1009 NOSIG
WABB,2023-12-01 23:00,6.21,M,260.00,3.00,WABB 012300Z 26003KT 070V260 9999 FEW018 29/25 Q1009 NOSIG
WABB,2023-12-01 23:30,6.21,M,260.00,5.00,WABB 012330Z 26005KT 060V260 9999 FEW018 28/25 Q1010 NOSIG
WABB,2023-12-02 00:00,6.21,M,230.00,3.00,WABB 020000Z 23003KT 060V230 9999 SCT018 29/26 Q1010 NOSIG
WABB,2023-12-02 00:30,6.21,M,M,2.00,WABB 020030Z VRB02KT 9999 SCT018 29/26 Q1010 NOSIG
WABB,2023-12-02 01:00,6.21,M,M,2.00,WABB 020100Z VRB02KT 9999 SCT018 30/26 Q1010 NOSIG
WABB,2023-12-02 01:30,6.21,M,210.00,3.00,WABB 020130Z 21003KT 020V210 9999 SCT018 30/26 Q1009 NOSIG
WABB,2023-12-02 02:00,6.21,M,M,2.00,WABB 020200Z VRB02KT 9999 SCT018 30/26 Q1009 NOSIG
WABB,2023-12-02 02:30,6.21,M,230.00,3.00,WABB 020230Z 23003KT 030V230 9999 SCT018 30/26 Q1009 NOSIG
WABB,2023-12-02 03:00,6.21,M,220.00,3.00,WABB 020300Z 22003KT 030V220 9999 SCT018 31/26 Q1008 NOSIG
WABB,2023-12-02 03:30,6.21,M,200.00,4.00,WABB 020330Z 20004KT 020V200 9999 SCT018 31/26 Q1008 NOSIG
WABB,2023-12-02 04:00,6.21,M,210.00,5.00,WABB 020400Z 21005KT 050V210 9999 SCT018 30/25 Q1008 NOSIG
WABB,2023-12-02 04:30,5.59,TS,240.00,3.00,WABB 020430Z 24003KT 240V030 9000 TS FEW017CB SCT018 30/25 Q1007 NOSIG RMK CB AT N
WABB,2023-12-02 05:00,5.59,M,220.00,5.00,WABB 020500Z 22005KT 050V220 9000 FEW017CB SCT018 31/25 Q1007 RETS NOSIG RMK CB AT N
WABB,2023-12-02 05:30,6.21,M,220.00,3.00,WABB 020530Z 22003KT 060V220 9999 SCT018 SCT100 31/24 Q1007 NOSIG
WABB,2023-12-02 06:00,6.21,M,220.00,5.00,WABB 020600Z 22005KT 060V220 9999 SCT018 SCT100 31/24 Q1006 NOSIG
WABB,2023-12-02 06:30,6.21,M,250.00,6.00,WABB 020630Z 25006KT 070V250 9999 SCT018 31/22 Q1006 NOSIG
WABB,2023-12-02 07:00,6.21,M,220.00,5.00,WABB 020700Z 22005KT 050V220 9999 SCT018 31/23 Q1006 NOSIG
WABB,2023-12-02 07:30,6.21,M,220.00,4.00,WABB 020730Z 22004KT 050V220 9999 SCT018 31/24 Q1006 NOSIG
WABB,2023-12-02 08:00,6.21,M,M,2.00,WABB 020800Z VRB02KT 9999 SCT018 31/24 Q1007 NOSIG
WABB,2023-12-02 08:30,6.21,M,M,2.00,WABB 020830Z VRB02KT 9999 SCT018 30/24 Q1007 NOSIG
WABB,2023-12-02 09:00,6.21,M,20.00,4.00,WABB 020900Z 02004KT 020V230 9999 SCT018 30/23 Q1007 NOSIG
WABB,2023-12-02 09:30,6.21,M,40.00,3.00,WABB 020930Z 04003KT 230V040 9999 SCT018 28/25 Q1008 NOSIG
WABB,2023-12-02 10:00,6.21,M,40.00,4.00,WABB 021000Z 04004KT 230V040 9999 SCT018 28/25 Q1008 NOSIG
WABB,2023-12-02 10:30,6.21,M,40.00,3.00,WABB 021030Z 04003KT 240V040 9999 SCT018 28/25 Q1008 NOSIG
WABB,2023-12-02 11:00,6.21,M,M,2.00,WABB 021100Z VRB02KT 9999 SCT018 27/25 Q1009 NOSIG
WABB,2023-12-02 11:30,6.21,M,M,2.00,WABB 021130Z VRB02KT 9999 SCT018 27/25 Q1009 NOSIG
WABB,2023-12-02 12:00,6.21,M,50.00,3.00,WABB 021200Z 05003KT 220V050 9999 SCT018 27/25 Q1010 NOSIG
WABB,2023-12-02 12:30,6.21,M,M,2.00,WABB 021230Z VRB02KT 9999 SCT018 27/25 Q1010 NOSIG
WABB,2023-12-02 13:00,6.21,M,M,2.00,WABB 021300Z VRB02KT 9999 SCT018 27/25 Q1010 NOSIG
WABB,2023-12-02 14:00,6.21,M,M,2.00,WABB 021400Z VRB02KT 9999 SCT018 26/25 Q1010 NOSIG
WABB,2023-12-02 14:30,6.21,M,M,2.00,WABB 021430Z VRB02KT 9999 SCT018 26/25 Q1010 NOSIG
WABB,2023-12-02 15:00,6.21,M,M,2.00,WABB 021500Z VRB02KT 9999 SCT018 26/25 Q1009 NOSIG
WABB,2023-12-02 15:30,6.21,M,M,2.00,WABB 021530Z VRB02KT 9999 SCT018 26/25 Q1009 NOSIG
WABB,2023-12-02 16:00,6.21,M,M,2.00,WABB 021600Z VRB02KT 9999 SCT018 26/24 Q1009 NOSIG
WABB,2023-12-02 16:30,6.21,M,0.00,0.00,WABB 021630Z 00000KT 9999 SCT018 25/24 Q1008 NOSIG
WABB,2023-12-02 17:00,6.21,M,0.00,0.00,WABB 021700Z 00000KT 9999 SCT018 25/24 Q1008 NOSIG
WABB,2023-12-02 17:30,6.21,M,M,2.00,WABB 021730Z VRB02KT 9999 SCT018 25/24 Q1008 NOSIG
WABB,2023-12-02 18:00,6.21,M,M,2.00,WABB 021800Z VRB02KT 9999 SCT018 25/24 Q1008 NOSIG
WABB,2023-12-02 18:30,6.21,M,M,2.00,WABB 021830Z VRB02KT 9999 SCT018 25/24 Q1008 NOSIG
WABB,2023-12-02 19:00,6.21,M,M,2.00,WABB 021900Z VRB02KT 9999 SCT018 25/24 Q1008 NOSIG
WABB,2023-12-02 19:30,6.21,M,M,2.00,WABB 021930Z VRB02KT 9999 SCT018 25/24 Q1008 NOSIG
WABB,2023-12-02 20:00,6.21,M,M,2.00,WABB 022000Z VRB02KT 9999 SCT018 25/24 Q1008 NOSIG
WABB,2023-12-02 20:30,6.21,M,0.00,0.00,WABB 022030Z 00000KT 9999 FEW018 25/24 Q1009 NOSIG
WABB,2023-12-02 21:00,6.21,M,M,2.00,WABB 022100Z VRB02KT 9999 FEW018 25/24 Q1009 NOSIG
WABB,2023-12-02 21:30,6.21,M,M,2.00,WABB 022130Z VRB02KT 9999 FEW018 25/24 Q1010 NOSIG
WABB,2023-12-02 22:00,6.21,M,M,2.00,WABB 022200Z VRB02KT 9999 FEW018 26/25 Q1010 NOSIG
WABB,2023-12-02 22:30,6.21,M,M,2.00,WABB 022230Z VRB02KT 9999 FEW018 28/26 Q1010 NOSIG
WABB,2023-12-02 23:00,6.21,M,230.00,3.00,WABB 022300Z 23003KT 050V230 9999 FEW018 29/26 Q1010 NOSIG
WABB,2023-12-02 23:30,6.21,M,230.00,3.00,WABB 022330Z 23003KT 050V230 9999 FEW018 29/25 Q1010 NOSIG
WABB,2023-12-03 00:00,6.21,M,220.00,3.00,WABB 030000Z 22003KT 030V220 9999 FEW018 30/26 Q1010 NOSIG
WABB,2023-12-03 00:30,6.21,M,190.00,3.00,WABB 030030Z 19003KT 040V190 9999 FEW018 30/26 Q1010 NOSIG
WABB,2023-12-03 01:00,6.21,M,230.00,4.00,WABB 030100Z 23004KT 030V230 9999 FEW018 30/26 Q1010 NOSIG
WABB,2023-12-03 01:30,6.21,M,200.00,4.00,WABB 030130Z 20004KT 040V200 9999 FEW018 30/26 Q1010 NOSIG
WABB,2023-12-03 02:00,6.21,M,210.00,4.00,WABB 030200Z 21004KT 030V210 9999 FEW018 30/26 Q1009 NOSIG
WABB,2023-12-03 02:30,6.21,M,230.00,5.00,WABB 030230Z 23005KT 040V230 9999 FEW018 30/26 Q1009 NOSIG
WABB,2023-12-03 03:00,6.21,M,240.00,4.00,WABB 030300Z 24004KT 040V240 9999 FEW018 30/26 Q1008 NOSIG
WABB,2023-12-03 03:30,6.21,M,230.00,7.00,WABB 030330Z 23007KT 050V230 9999 FEW018 31/26 Q1008 NOSIG
WABB,2023-12-03 04:00,6.21,M,200.00,4.00,WABB 030400Z 20004KT 040V200 9999 FEW018 31/26 Q1008 NOSIG
WABB,2023-12-03 04:30,6.21,M,230.00,8.00,WABB 030430Z 23008KT 060V230 9999 FEW018 31/26 Q1007 NOSIG
WABB,2023-12-03 05:00,6.21,M,250.00,7.00,WABB 030500Z 25007KT 060V250 9999 FEW018 31/26 Q1007 NOSIG
WABB,2023-12-03 08:30,6.21,M,280.00,4.00,WABB 030830Z 28004KT 100V280 9999 FEW018 30/24 Q1007 NOSIG
WABB,2023-12-03 09:00,6.21,M,360.00,4.00,WABB 030900Z 36004KT 260V360 9999 FEW018 29/25 Q1007 NOSIG
WABB,2023-12-03 09:30,6.21,M,360.00,4.00,WABB 030930Z 36004KT 270V360 9999 FEW018 28/25 Q1007 NOSIG
WABB,2023-12-03 10:00,6.21,M,350.00,6.00,WABB 031000Z 35006KT 160V350 9999 FEW018 28/25 Q1007 NOSIG
WABB,2023-12-03 10:30,6.21,M,310.00,4.00,WABB 031030Z 31004KT 120V310 9999 FEW018 28/25 Q1008 NOSIG
WABB,2023-12-03 11:00,6.21,M,340.00,4.00,WABB 031100Z 34004KT 160V340 9999 FEW018 28/25 Q1008 NOSIG
WABB,2023-12-03 11:30,6.21,M,320.00,5.00,WABB 031130Z 32005KT 160V320 9999 FEW018 28/25 Q1008 NOSIG
WABB,2023-12-03 12:00,6.21,M,360.00,5.00,WABB 031200Z 36005KT 180V360 9999 FEW018 28/25 Q1009 NOSIG
WABB,2023-12-03 12:30,6.21,M,350.00,3.00,WABB 031230Z 35003KT 250V350 9999 FEW018 28/25 Q1009 NOSIG
WABB,2023-12-03 13:00,6.21,M,360.00,5.00,WABB 031300Z 36005KT 180V360 9999 FEW018 28/25 Q1009 NOSIG
WABB,2023-12-03 13:30,6.21,M,360.00,5.00,WABB 031330Z 36005KT 260V360 9999 FEW018 28/25 Q1009 NOSIG
WABB,2023-12-03 14:00,6.21,M,360.00,4.00,WABB 031400Z 36004KT 270V360 9999 FEW018 28/25 Q1009 NOSIG
WABB,2023-12-03 14:30,6.21,M,10.00,3.00,WABB 031430Z 01003KT 010V270 9999 FEW018 27/25 Q1009 NOSIG
WABB,2023-12-03 15:00,6.21,M,20.00,3.00,WABB 031500Z 02003KT 020V250 9999 FEW018 27/25 Q1009 NOSIG
WABB,2023-12-03 15:30,6.21,M,0.00,0.00,WABB 031530Z 00000KT 9999 FEW018 27/25 Q1009 NOSIG
WABB,2023-12-03 16:00,6.21,M,0.00,0.00,WABB 031600Z 00000KT 9999 FEW018 27/25 Q1008 NOSIG
WABB,2023-12-03 16:30,6.21,M,330.00,3.00,WABB 031630Z 33003KT 160V330 9999 FEW018 27/25 Q1008 NOSIG
WABB,2023-12-03 17:00,6.21,M,M,2.00,WABB 031700Z VRB02KT 9999 FEW018 27/25 Q1008 NOSIG
WABB,2023-12-03 17:30,6.21,M,350.00,3.00,WABB 031730Z 35003KT 170V350 9999 FEW018 26/25 Q1007 NOSIG
WABB,2023-12-03 18:00,6.21,M,350.00,4.00,WABB 031800Z 35004KT 160V350 9999 FEW018 27/26 Q1007 NOSIG
WABB,2023-12-03 18:30,6.21,VCTS,350.00,5.00,WABB 031830Z 35005KT 160V350 9999 VCTS FEW017CB FEW018 27/26 Q1007 NOSIG RMK CB AT S METAR WADD 031830Z 28006KT 5000 TSRA FEW014CB BKN015 27/25 Q1010 TEMPO TL1930 5000 TSRA RMK CB IN APCH AND CLIMB-OUT
WABB,2023-12-03 19:00,6.21,VCTS,320.00,5.00,WABB 031900Z 32005KT 140V320 9999 VCTS FEW017CB FEW018 27/25 Q1008 NOSIG RMK CB AT S METAR WIII 031900Z 18006KT 5000 HZ SCT019 25/25 Q1009 NOSIG
WABB,2023-12-03 20:00,6.21,VCTS,330.00,5.00,WABB 032000Z 33005KT 150V330 9999 VCTS FEW017CB FEW018 26/25 Q1008 NOSIG RMK CB AT S
WABB,2023-12-03 20:30,6.21,M,340.00,4.00,WABB 032030Z 34004KT 160V340 9999 FEW018 27/25 Q1009 NOSIG
WABB,2023-12-03 21:00,6.21,M,320.00,4.00,WABB 032100Z 32004KT 150V320 9999 FEW018 27/25 Q1009 NOSIG
WABB,2023-12-03 21:30,6.21,M,320.00,4.00,WABB 032130Z 32004KT 140V320 9999 FEW018 27/25 Q1009 NOSIG
WABB,2023-12-03 22:00,6.21,M,320.00,7.00,WABB 032200Z 32007KT 150V320 9999 FEW018 28/25 Q1009 NOSIG
WABB,2023-12-03 22:30,6.21,M,340.00,6.00,WABB 032230Z 34006KT 140V340 9999 FEW018 29/26 Q1010 NOSIG
WABB,2023-12-03 23:00,6.21,M,340.00,5.00,WABB 032300Z 34005KT 150V340 9999 FEW018 30/25 Q1010 NOSIG
WABB,2023-12-03 23:30,6.21,M,10.00,4.00,WABB 032330Z 01004KT 170V010 9999 FEW018 31/26 Q1010 NOSIG
WABB,2023-12-04 00:00,6.21,M,220.00,4.00,WABB 040000Z 22004KT 040V220 9999 FEW018 31/25 Q1010 NOSIG
WABB,2023-12-04 00:30,6.21,M,220.00,4.00,WABB 040030Z 22004KT 040V220 9999 FEW018 30/24 Q1010 NOSIG
WABB,2023-12-04 01:00,6.21,M,170.00,4.00,WABB 040100Z 17004KT 010V170 9999 FEW018 32/25 Q1010 NOSIG
WABB,2023-12-04 01:30,6.21,M,200.00,4.00,WABB 040130Z 20004KT 020V200 9999 FEW018 31/27 Q1010 NOSIG
WABB,2023-12-04 02:00,6.21,M,170.00,3.00,WABB 040200Z 17003KT 010V170 9999 SCT018 31/26 Q1009 NOSIG
WABB,2023-12-04 02:30,6.21,M,220.00,4.00,WABB 040230Z 22004KT 020V220 9999 SCT018 31/26 Q1009 NOSIG
WABB,2023-12-04 03:00,6.21,M,210.00,6.00,WABB 040300Z 21006KT 030V210 9999 SCT018 30/26 Q1008 NOSIG
WABB,2023-12-04 03:30,6.21,M,170.00,4.00,WABB 040330Z 17004KT 030V170 9999 SCT018 31/26 Q1008 NOSIG
WABB,2023-12-04 04:00,6.21,M,30.00,7.00,WABB 040400Z 03007KT 230V030 9999 FEW018TCU BKN018 30/25 Q1007 NOSIG RMK TCU AT NORTH EAST
WABB,2023-12-04 04:30,6.21,M,30.00,6.00,WABB 040430Z 03006KT 030V260 9999 FEW018TCU BKN018 30/25 Q1007 NOSIG RMK TCU AT NORTH EAST
WABB,2023-12-04 05:00,4.35,-RA,360.00,8.00,WABB 040500Z 36008KT 260V360 7000 -RA FEW018TCU BKN018 29/26 Q1007 NOSIG RMK TCU AT NORTH EAST
WABB,2023-12-04 05:30,4.35,-RA,30.00,7.00,WABB 040530Z 03007KT 030V240 7000 -RA FEW018TCU BKN018 30/25 Q1006 NOSIG RMK TCU AT NORTH EAST
WABB,2023-12-04 06:00,5.59,M,20.00,9.00,WABB 040600Z 02009KT 020V250 9000 SCT018 30/26 Q1006 RERA NOSIG
WABB,2023-12-04 06:30,5.59,M,20.00,5.00,WABB 040630Z 02005KT 020V250 9000 SCT018 28/25 Q1006 NOSIG
WABB,2023-12-04 07:00,5.59,M,40.00,5.00,WABB 040700Z 04005KT 240V040 9000 SCT018 29/25 Q1007 NOSIG
WABB,2023-12-04 07:30,5.59,M,340.00,5.00,WABB 040730Z 34005KT 160V340 9000 SCT018 29/25 Q1007 NOSIG
WABB,2023-12-04 08:00,5.59,M,340.00,5.00,WABB 040800Z 34005KT 170V340 9000 SCT018 28/25 Q1007 NOSIG
WABB,2023-12-04 08:30,5.59,M,20.00,6.00,WABB 040830Z 02006KT 020V250 9000 SCT018 28/24 Q1007 NOSIG
WABB,2023-12-04 09:00,5.59,M,360.00,3.00,WABB 040900Z 36003KT 170V360 9000 SCT018 28/24 Q1007 NOSIG
WABB,2023-12-04 09:30,5.59,M,350.00,4.00,WABB 040930Z 35004KT 160V350 9000 SCT018 28/25 Q1008 NOSIG
WABB,2023-12-04 10:00,5.59,M,10.00,6.00,WABB 041000Z 01006KT 010V270 9000 SCT018 28/25 Q1008 NOSIG
WABB,2023-12-04 10:30,5.59,M,350.00,3.00,WABB 041030Z 35003KT 180V350 9000 SCT018 28/25 Q1008 NOSIG
WABB,2023-12-04 11:00,5.59,M,M,2.00,WABB 041100Z VRB02KT 9000 SCT018 28/25 Q1008 NOSIG
WABB,2023-12-04 11:30,5.59,M,0.00,0.00,WABB 041130Z 00000KT 9000 SCT018 28/25 Q1009 NOSIG
WABB,2023-12-04 12:00,5.59,M,M,2.00,WABB 041200Z VRB02KT 9000 SCT018 27/25 Q1009 NOSIG
WABB,2023-12-04 12:30,5.59,M,0.00,0.00,WABB 041230Z 00000KT 9000 SCT018 27/25 Q1009 NOSIG
WABB,2023-12-04 13:00,5.59,M,320.00,3.00,WABB 041300Z 32003KT 130V320 9000 SCT018 27/25 Q1009 NOSIG
WABB,2023-12-04 13:30,5.59,M,M,2.00,WABB 041330Z VRB02KT 9000 SCT018 27/25 Q1009 NOSIG
WABB,2023-12-04 14:00,5.59,M,270.00,3.00,WABB 041400Z 27003KT 100V270 9000 SCT018 27/25 Q1009 NOSIG
WABB,2023-12-04 14:30,5.59,M,330.00,3.00,WABB 041430Z 33003KT 160V330 9000 SCT018 27/25 Q1008 NOSIG
WABB,2023-12-04 15:00,5.59,M,320.00,4.00,WABB 041500Z 32004KT 140V320 9000 SCT018 26/25 Q1008 NOSIG
WABB,2023-12-04 15:30,5.59,M,0.00,0.00,WABB 041530Z 00000KT 9000 SCT018 26/25 Q1008 NOSIG
WABB,2023-12-04 16:00,5.59,M,290.00,3.00,WABB 041600Z 29003KT 100V290 9000 SCT018 26/25 Q1008 NOSIG
WABB,2023-12-04 16:30,5.59,M,M,2.00,WABB 041630Z VRB02KT 9000 SCT018 26/25 Q1008 NOSIG
WABB,2023-12-04 17:00,5.59,M,M,2.00,WABB 041700Z VRB02KT 9000 SCT018 26/25 Q1008 NOSIG
WABB,2023-12-04 17:30,5.59,M,310.00,4.00,WABB 041730Z 31004KT 140V310 9000 SCT018 26/25 Q1007 NOSIG
WABB,2023-12-04 18:00,5.59,M,320.00,4.00,WABB 041800Z 32004KT 140V320 9000 SCT018 26/25 Q1007 NOSIG
WABB,2023-12-04 18:30,5.59,M,320.00,5.00,WABB 041830Z 32005KT 140V320 9000 SCT018 26/25 Q1007 NOSIG
WABB,2023-12-04 19:00,5.59,M,310.00,5.00,WABB 041900Z 31005KT 140V310 9000 SCT018 26/25 Q1008 NOSIG
WABB,2023-12-04 19:30,5.59,M,350.00,6.00,WABB 041930Z 35006KT 170V350 9000 SCT018 27/24 Q1008 NOSIG
WABB,2023-12-04 20:00,5.59,M,340.00,4.00,WABB 042000Z 34004KT 180V340 9000 SCT018 27/24 Q1008 NOSIG
WABB,2023-12-04 21:30,5.59,M,M,2.00,WABB 042130Z VRB02KT 9000 FEW016CB SCT018 26/25 Q1010 NOSIG RMK CB AT SE METAR WIII 042130Z 14003KT 4000 BR FEW020 25/24 Q1009 NOSIG
WABB,2023-12-04 22:00,5.59,M,M,2.00,WABB 042200Z VRB02KT 9000 FEW016CB SCT018 27/25 Q1010 NOSIG RMK CB AT SE
WABB,2023-12-04 22:30,5.59,M,0.00,0.00,WABB 042230Z 00000KT 9000 FEW016CB SCT018 27/25 Q1011 NOSIG RMK CB AT SE
WABB,2023-12-04 23:00,5.59,M,0.00,0.00,WABB 042300Z 00000KT 9000 FEW016CB SCT018 27/25 Q1011 NOSIG RMK CB AT S
WABB,2023-12-04 23:30,5.59,M,180.00,6.00,WABB 042330Z 18006KT 110V180 9000 FEW016CB SCT018 28/26 Q1011 NOSIG RMK CB AT S
WABB,2023-12-05 00:00,5.59,M,100.00,7.00,WABB 050000Z 10007KT 090V200 9000 FEW016CB SCT018 27/25 Q1011 NOSIG RMK CB AT S METAR WIDD 050000Z 00000KT 9000 FEW014 25/25 Q1011 NOSIG
WABB,2023-12-05 00:30,5.59,M,140.00,3.00,WABB 050030Z 14003KT 030V140 9000 FEW016CB SCT018 27/26 Q1011 NOSIG RMK CB AT S
WABB,2023-12-05 01:00,4.35,-RA,100.00,4.00,WABB 050100Z 10004KT 150V080 7000 -RA FEW016CB SCT018 27/25 Q1011 NOSIG RMK CB AT S
WABB,2023-12-05 01:30,1.24,-RA,190.00,4.00,WABB 050130Z 19004KT 120V190 2000 -RA FEW016CB SCT018 26/25 Q1011 NOSIG RMK CB AT S METAR WIMM 050130Z 09003KT 7000 -RA SCT017 26/25 Q1010 NOSIG
WABB,2023-12-05 02:00,3.73,-RA,150.00,3.00,WABB 050200Z 15003KT 110V170 6000 -RA FEW016CB SCT018 26/25 Q1011 NOSIG RMK CB AT S
WABB,2023-12-05 02:30,3.73,-RA,140.00,5.00,WABB 050230Z 14005KT 6000 -RA FEW016CB SCT018 26/25 Q1010 NOSIG RMK CB AT S
WABB,2023-12-05 03:00,3.73,-RA,0.00,0.00,WABB 050300Z 00000KT 6000 -RA FEW016CB SCT018 27/25 Q1010 NOSIG RMK CB AT S
WABB,2023-12-05 03:30,3.73,M,M,2.00,WABB 050330Z VRB02KT 6000 FEW016CB SCT018 28/24 Q1009 RERA NOSIG RMK CB AT S
WABB,2023-12-05 04:00,3.73,M,M,2.00,WABB 050400Z VRB02KT 6000 FEW016CB SCT018 29/24 Q1009 NOSIG RMK CB AT S
WABB,2023-12-05 04:30,6.21,M,230.00,4.00,WABB 050430Z 23004KT 050V230 9999 FEW016CB SCT018 28/25 Q1008 NOSIG RMK CB AT S
WABB,2023-12-05 05:00,6.21,M,M,2.00,WABB 050500Z VRB02KT 9999 FEW016CB SCT018 28/25 Q1008 NOSIG RMK CB AT S
WABB,2023-12-05 05:30,6.21,M,240.00,5.00,WABB 050530Z 24005KT 060V240 9999 FEW016CB SCT018 28/25 Q1007 NOSIG RMK CB AT S METAR WAAA 050530Z 20011KT 2000 TSRA FEW017CB BKN018 27/25 Q1008 TEMPO TL0600 18015G27KT 3000 TSRA RMK CB IN CLIMB-OUT
WABB,2023-12-05 06:00,6.21,M,230.00,4.00,WABB 050600Z 23004KT 050V230 9999 FEW016CB SCT018 29/25 Q1007 NOSIG RMK CB AT S
WABB,2023-12-05 06:30,6.21,M,230.00,7.00,WABB 050630Z 23007KT 060V230 9999 FEW016CB SCT018 29/25 Q1007 NOSIG RMK CB AT S
WABB,2023-12-05 07:00,6.21,M,230.00,3.00,WABB 050700Z 23003KT 050V230 9999 FEW016CB SCT018 28/24 Q1007 NOSIG RMK CB AT S METAR WIMM 050700Z 07005KT 9999 SCT017 30/25 Q1007 NOSIG
WABB,2023-12-05 07:30,6.21,M,260.00,3.00,WABB 050730Z 26003KT 070V260 9999 FEW016CB SCT018 28/24 Q1007 NOSIG RMK CB AT S
WABB,2023-12-05 08:00,6.21,M,260.00,3.00,WABB 050800Z 26003KT 080V260 9999 FEW016CB SCT018 28/25 Q1007 NOSIG RMK CB AT S METAR WIDD 050800Z 08005KT 9999 FEW014 30/25 Q1008 NOSIG
WABB,2023-12-05 08:30,6.21,M,290.00,5.00,WABB 050830Z 29005KT 090V290 9999 FEW016CB SCT018 28/25 Q1007 NOSIG RMK CB AT S METAR WIDD 050830Z 09006KT 9999 FEW014 30/25 Q1008 NOSIG
WABB,2023-12-05 09:00,6.21,M,270.00,5.00,WABB 050900Z 27005KT 080V270 9999 FEW016CB SCT018 28/25 Q1007 NOSIG RMK CB AT S METAR WIHH 050900Z 35006KT 7000 FEW020 33/24 Q1007 NOSIG
WABB,2023-12-05 09:30,6.21,M,300.00,4.00,WABB 050930Z 30004KT 130V300 9999 FEW016CB SCT018 28/25 Q1008 NOSIG RMK CB AT S
WABB,2023-12-05 10:00,6.21,M,300.00,6.00,WABB 051000Z 30006KT 120V300 9999 FEW016CB SCT018 28/25 Q1008 NOSIG RMK CB AT S METAR WAAA 051000Z 01003KT 9000 SCT018 27/26 Q1008 NOSIG
WABB,2023-12-05 10:30,6.21,M,320.00,4.00,WABB 051030Z 32004KT 150V320 9999 FEW016CB SCT018 27/25 Q1009 NOSIG RMK CB AT S METAR WIHH 051030Z 03012KT 7000 FEW020 31/24 Q1008 NOSIG METAR WIMM 051030Z 05009KT 9999 FEW017TCU 29/26 Q1007 NOSIG
WABB,2023-12-05 11:00,6.21,M,330.00,3.00,WABB 051100Z 33003KT 140V330 9999 FEW016CB SCT018 27/25 Q1009 NOSIG RMK CB AT S
WABB,2023-12-05 11:30,6.21,M,320.00,4.00,WABB 051130Z 32004KT 140V320 9999 FEW016CB SCT018 27/25 Q1009 NOSIG RMK CB AT S METAR WIDD 051130Z 04009KT 9999 FEW013CB SCT014 29/25 Q1011 NOSIG
WABB,2023-12-05 12:00,6.21,M,330.00,3.00,WABB 051200Z 33003KT 150V330 9999 FEW016CB SCT018 26/25 Q1009 NOSIG RMK CB AT S METAR WIDD 051200Z 34010KT 9999 FEW013CB SCT014 27/25 Q1011 NOSIG RMK CB TO W
WABB,2023-12-05 12:30,6.21,M,330.00,4.00,WABB 051230Z 33004KT 160V330 9999 FEW016CB SCT018 26/25 Q1009 NOSIG RMK CB AT S
WABB,2023-12-05 13:00,6.21,M,M,2.00,WABB 051300Z VRB02KT 9999 FEW018 26/25 Q1009 NOSIG
WABB,2023-12-05 13:30,6.21,M,M,2.00,WABB 051330Z VRB02KT 9999 FEW018 26/25 Q1009 NOSIG
WABB,2023-12-05 14:00,6.21,M,0.00,0.00,WABB 051400Z 00000KT 9999 FEW018 26/25 Q1009 NOSIG
WABB,2023-12-05 14:30,6.21,M,0.00,0.00,WABB 051430Z 00000KT 9999 FEW018 26/25 Q1009 NOSIG
WABB,2023-12-05 15:00,6.21,M,60.00,3.00,WABB 051500Z 06003KT 220V060 9999 FEW018 26/25 Q1008 NOSIG
WABB,2023-12-05 15:30,6.21,M,70.00,3.00,WABB 051530Z 07003KT 200V070 9999 FEW018 26/25 Q1008 NOSIG
WABB,2023-12-05 16:00,6.21,M,M,2.00,WABB 051600Z VRB02KT 9999 FEW018 26/25 Q1008 NOSIG
WABB,2023-12-05 16:30,6.21,M,M,2.00,WABB 051630Z VRB02KT 9999 FEW018 26/25 Q1008 NOSIG
WABB,2023-12-05 17:00,6.21,M,M,2.00,WABB 051700Z VRB02KT 9999 FEW018 26/25 Q1007 NOSIG
WABB,2023-12-05 17:30,6.21,M,0.00,0.00,WABB 051730Z 00000KT 9999 FEW018 27/25 Q1007 NOSIG
WABB,2023-12-05 18:00,6.21,M,M,2.00,WABB 051800Z VRB02KT 9999 FEW018 25/25 Q1007 NOSIG
WABB,2023-12-05 18:30,6.21,M,0.00,0.00,WABB 051830Z 00000KT 9999 FEW018 25/25 Q1008 NOSIG
WABB,2023-12-05 19:00,6.21,M,0.00,0.00,WABB 051900Z 00000KT 9999 FEW018 25/25 Q1008 NOSIG
WABB,2023-12-05 19:30,6.21,M,M,2.00,WABB 051930Z VRB02KT 9999 FEW018 25/25 Q1008 NOSIG
WABB,2023-12-05 20:00,6.21,M,0.00,0.00,WABB 052000Z 00000KT 9999 FEW018 25/25 Q1008 NOSIG
WABB,2023-12-05 20:30,6.21,M,M,2.00,WABB 052030Z VRB02KT 9999 FEW018 25/24 Q1008 NOSIG
WABB,2023-12-05 21:00,6.21,M,0.00,0.00,WABB 052100Z 00000KT 9999 FEW018 25/25 Q1009 NOSIG
WABB,2023-12-05 21:30,6.21,M,0.00,0.00,WABB 052130Z 00000KT 9999 FEW018 25/25 Q1010 NOSIG
WABB,2023-12-05 22:00,6.21,M,M,2.00,WABB 052200Z VRB02KT 9999 FEW018 26/25 Q1010 NOSIG
WABB,2023-12-05 22:30,6.21,M,M,2.00,WABB 052230Z VRB02KT 9999 FEW018 27/26 Q1010 NOSIG
WABB,2023-12-05 23:00,6.21,M,M,2.00,WABB 052300Z VRB02KT 9999 FEW018 27/26 Q1011 NOSIG
WABB,2023-12-05 23:30,5.59,M,M,2.00,WABB 052330Z VRB02KT 9000 FEW018 BKN100 28/26 Q1011 NOSIG
WABB,2023-12-06 00:00,5.59,M,M,2.00,WABB 060000Z VRB02KT 9000 FEW018 BKN100 28/26 Q1011 NOSIG
WABB,2023-12-06 00:30,6.21,M,0.00,0.00,WABB 060030Z 00000KT 9999 FEW018 SCT100 28/26 Q1011 NOSIG
WABB,2023-12-06 01:00,6.21,M,160.00,3.00,WABB 060100Z 16003KT 9999 FEW018 SCT100 29/26 Q1011 NOSIG
WABB,2023-12-06 01:30,6.21,M,110.00,8.00,WABB 060130Z 11008KT 170V110 9999 FEW018 SCT100 28/26 Q1010 NOSIG
WABB,2023-12-06 02:00,4.97,-RA,120.00,5.00,WABB 060200Z 12005KT 8000 -RA FEW018 BKN100 27/26 Q1010 NOSIG
WABB,2023-12-06 02:30,4.97,-RA,160.00,4.00,WABB 060230Z 16004KT 8000 -RA FEW018 BKN100 27/26 Q1010 NOSIG
WABB,2023-12-06 03:00,4.35,M,110.00,4.00,WABB 060300Z 11004KT 7000 FEW018 BKN100 28/26 Q1010 NOSIG
WABB,2023-12-06 03:30,4.35,-TSRA,340.00,7.00,WABB 060330Z 34007KT 160V340 7000 -TSRA FEW017CB FEW018 BKN100 26/25 Q1009 NOSIG RMK CB AT N
WABB,2023-12-06 04:00,4.97,-TSRA,310.00,3.00,WABB 060400Z 31003KT 140V310 8000 -TSRA FEW017CB FEW018 BKN100 27/24 Q1009 NOSIG RMK CB AT N
WABB,2023-12-06 04:30,6.21,M,M,2.00,WABB 060430Z VRB02KT 9999 FEW018 BKN100 28/25 Q1008 RETSRA NOSIG
WABB,2023-12-06 05:00,6.21,M,290.00,4.00,WABB 060500Z 29004KT 100V290 9999 FEW018 SCT100 28/26 Q1007 RERA NOSIG
WABB,2023-12-06 05:30,6.21,M,240.00,8.00,WABB 060530Z 24008KT 060V240 9999 FEW018 SCT100 29/26 Q1007 NOSIG
WABB,2023-12-06 06:00,6.21,M,260.00,5.00,WABB 060600Z 26005KT 080V260 9999 FEW018 29/26 Q1007 NOSIG
WABB,2023-12-06 06:30,6.21,M,190.00,5.00,WABB 060630Z 19005KT 040V190 9999 FEW018 29/26 Q1007 NOSIG
WABB,2023-12-06 07:00,6.21,M,220.00,6.00,WABB 060700Z 22006KT 050V220 9999 FEW018 29/26 Q1007 NOSIG
WABB,2023-12-06 07:30,6.21,M,220.00,7.00,WABB 060730Z 22007KT 050V220 9999 FEW018 29/26 Q1007 NOSIG
WABB,2023-12-06 08:00,6.21,M,230.00,6.00,WABB 060800Z 23006KT 060V230 9999 FEW018 29/26 Q1007 NOSIG
WABB,2023-12-06 08:30,6.21,M,260.00,3.00,WABB 060830Z 26003KT 080V260 9999 FEW018 29/26 Q1008 NOSIG
WABB,2023-12-06 09:00,6.21,M,280.00,3.00,WABB 060900Z 28003KT 100V280 9999 FEW018 28/26 Q1008 NOSIG
WABB,2023-12-06 09:30,6.21,M,M,2.00,WABB 060930Z VRB02KT 9999 FEW018 28/26 Q1008 NOSIG
WABB,2023-12-06 10:00,6.21,M,20.00,3.00,WABB 061000Z 02003KT 020V250 9999 FEW018 27/26 Q1009 NOSIG
WABB,2023-12-06 10:30,6.21,M,10.00,3.00,WABB 061030Z 01003KT 010V250 9999 FEW018 26/26 Q1009 NOSIG
WABB,2023-12-06 11:00,6.21,M,M,2.00,WABB 061100Z VRB02KT 9999 FEW018 26/26 Q1009 NOSIG
WABB,2023-12-06 11:30,6.21,M,M,2.00,WABB 061130Z VRB02KT 9999 FEW018 26/25 Q1010 NOSIG
WABB,2023-12-06 12:00,6.21,M,300.00,3.00,WABB 061200Z 30003KT 120V300 9999 FEW018 26/26 Q1010 NOSIG
WABB,2023-12-06 12:30,6.21,M,M,2.00,WABB 061230Z VRB02KT 9999 FEW018 26/25 Q1010 NOSIG
WABB,2023-12-06 13:00,6.21,M,0.00,0.00,WABB 061300Z 00000KT 9999 FEW018 26/25 Q1010 NOSIG
WABB,2023-12-06 13:30,6.21,M,M,2.00,WABB 061330Z VRB02KT 9999 FEW018 26/25 Q1010 NOSIG
WABB,2023-12-06 14:00,6.21,M,330.00,3.00,WABB 061400Z 33003KT 150V330 9999 FEW018 26/25 Q1010 NOSIG
WABB,2023-12-06 14:30,6.21,M,310.00,3.00,WABB 061430Z 31003KT 130V310 9999 FEW018 26/25 Q1010 NOSIG
WABB,2023-12-06 15:00,6.21,M,310.00,4.00,WABB 061500Z 31004KT 140V310 9999 FEW018 26/25 Q1009 NOSIG
WABB,2023-12-06 15:30,6.21,M,330.00,5.00,WABB 061530Z 33005KT 150V330 9999 FEW018 26/25 Q1009 NOSIG
WABB,2023-12-06 16:00,6.21,M,M,2.00,WABB 061600Z VRB02KT 9999 FEW018 26/25 Q1009 NOSIG
WABB,2023-12-06 16:30,6.21,M,320.00,3.00,WABB 061630Z 32003KT 140V320 9999 FEW018 26/25 Q1008 NOSIG
WABB,2023-12-06 17:00,6.21,M,340.00,3.00,WABB 061700Z 34003KT 160V340 9999 FEW018 26/25 Q1008 NOSIG
WABB,2023-12-06 17:30,6.21,M,0.00,0.00,WABB 061730Z 00000KT 9999 FEW018 26/25 Q1007 NOSIG
WABB,2023-12-06 18:00,6.21,M,0.00,0.00,WABB 061800Z 00000KT 9999 FEW018 26/24 Q1008 NOSIG
WABB,2023-12-06 18:30,6.21,M,0.00,0.00,WABB 061830Z 00000KT 9999 FEW018 25/24 Q1008 NOSIG
WABB,2023-12-06 19:00,6.21,M,360.00,4.00,WABB 061900Z 36004KT 270V360 9999 FEW018 25/24 Q1008 NOSIG
WABB,2023-12-06 19:30,6.21,M,330.00,3.00,WABB 061930Z 33003KT 140V330 9999 FEW018 25/24 Q1008 NOSIG
WABB,2023-12-06 20:00,6.21,M,M,2.00,WABB 062000Z VRB02KT 9999 FEW018 25/24 Q1008 NOSIG
WABB,2023-12-06 20:30,6.21,M,M,2.00,WABB 062030Z VRB02KT 9999 FEW012CB FEW018 25/24 Q1008 NOSIG RMK CB AT S
WABB,2023-12-06 21:00,6.21,M,0.00,0.00,WABB 062100Z 00000KT 9999 FEW012CB FEW018 25/24 Q1009 NOSIG RMK CB AT S
WABB,2023-12-06 21:30,6.21,M,0.00,0.00,WABB 062130Z 00000KT 9999 FEW012CB FEW018 26/25 Q1010 NOSIG RMK CB AT W
WABB,2023-12-06 22:00,6.21,M,M,2.00,WABB 062200Z VRB02KT 9999 FEW012CB FEW018 27/25 Q1010 NOSIG RMK CB AT W
WABB,2023-12-06 22:30,6.21,-RA,250.00,13.00,WABB 062230Z 25013KT 090V250 9999 -RA FEW012CB FEW018 27/24 Q1011 NOSIG RMK CB AT W
WABB,2023-12-06 23:00,4.35,-RA,260.00,5.00,WABB 062300Z 26005KT 080V260 7000 -RA FEW012CB FEW018 26/24 Q1011 NOSIG RMK CB AT W
WABB,2023-12-06 23:30,5.59,M,M,2.00,WABB 062330Z VRB02KT 9000 FEW018 26/24 Q1011 NOSIG
WABB,2023-12-07 00:00,5.59,-RA,220.00,4.00,WABB 070000Z 22004KT 060V220 9000 -RA FEW018 26/24 Q1011 NOSIG
WABB,2023-12-07 00:30,5.59,-RA,220.00,7.00,WABB 070030Z 22007KT 050V220 9000 -RA FEW018 27/25 Q1011 NOSIG
WABB,2023-12-07 01:00,5.59,-RA,180.00,4.00,WABB 070100Z 18004KT 030V180 9000 -RA FEW018 27/25 Q1011 NOSIG
WABB,2023-12-07 01:30,5.59,M,230.00,5.00,WABB 070130Z 23005KT 050V230 9000 FEW018 28/25 Q1011 NOSIG
WABB,2023-12-07 02:00,5.59,-RA,250.00,12.00,WABB 070200Z 25012KT 090V250 9000 -RA FEW018CB 28/25 Q1010 NOSIG RMK CB AT N
WABB,2023-12-07 02:30,5.59,-RA,260.00,7.00,WABB 070230Z 26007KT 090V260 9000 -RA FEW018CB 27/25 Q1009 NOSIG RMK CB AT N
WABB,2023-12-07 03:00,6.21,M,280.00,8.00,WABB 070300Z 28008KT 090V280 9999 FEW018 28/24 Q1009 NOSIG
WABB,2023-12-07 03:30,6.21,M,280.00,9.00,WABB 070330Z 28009KT 100V280 9999 FEW018 28/25 Q1008 NOSIG
WABB,2023-12-07 04:00,6.21,M,280.00,7.00,WABB 070400Z 28007KT 110V280 9999 FEW018 30/25 Q1008 NOSIG
WABB,2023-12-07 04:30,6.21,M,270.00,6.00,WABB 070430Z 27006KT 080V270 9999 FEW018 30/25 Q1007 NOSIG
WABB,2023-12-07 05:00,6.21,M,230.00,9.00,WABB 070500Z 23009KT 050V230 9999 FEW018 29/26 Q1007 NOSIG
WABB,2023-12-07 05:30,6.21,M,240.00,10.00,WABB 070530Z 24010KT 050V240 9999 FEW018 29/26 Q1006 NOSIG
WABB,2023-12-07 06:00,6.21,M,240.00,5.00,WABB 070600Z 24005KT 050V240 9999 FEW018 29/26 Q1006 NOSIG
WABB,2023-12-07 06:30,6.21,M,260.00,8.00,WABB 070630Z 26008KT 080V260 9999 FEW018 29/26 Q1006 NOSIG
WABB,2023-12-07 07:00,6.21,M,260.00,5.00,WABB 070700Z 26005KT 080V260 9999 FEW018 29/26 Q1007 NOSIG
WABB,2023-12-07 07:30,6.21,M,280.00,13.00,WABB 070730Z 28013KT 100V280 9999 FEW018 29/25 Q1007 NOSIG
WABB,2023-12-07 08:00,6.21,M,290.00,9.00,WABB 070800Z 29009KT 100V290 9999 FEW018 29/25 Q1007 NOSIG
WABB,2023-12-07 08:30,6.21,M,290.00,9.00,WABB 070830Z 29009KT 110V290 9999 FEW018 28/25 Q1008 NOSIG
WABB,2023-12-07 09:00,6.21,M,300.00,6.00,WABB 070900Z 30006KT 120V300 9999 FEW018 28/25 Q1008 NOSIG
WABB,2023-12-07 09:30,6.21,M,360.00,3.00,WABB 070930Z 36003KT 260V360 9999 FEW018 28/25 Q1008 NOSIG
WABB,2023-12-07 10:00,6.21,M,310.00,4.00,WABB 071000Z 31004KT 130V310 9999 FEW018 27/25 Q1009 NOSIG
WABB,2023-12-07 10:30,6.21,M,M,2.00,WABB 071030Z VRB02KT 9999 FEW018 27/25 Q1009 NOSIG
WABB,2023-12-07 11:00,6.21,M,M,2.00,WABB 071100Z VRB02KT 9999 FEW018 27/25 Q1010 NOSIG
WABB,2023-12-07 11:30,6.21,M,M,2.00,WABB 071130Z VRB02KT 9999 FEW018 26/25 Q1010 NOSIG
WABB,2023-12-07 12:00,6.21,M,M,2.00,WABB 071200Z VRB02KT 9999 FEW018 26/25 Q1010 NOSIG
WABB,2023-12-07 13:00,6.21,M,320.00,3.00,WABB 071300Z 32003KT 140V320 9999 FEW018 26/25 Q1010 NOSIG
WABB,2023-12-07 13:30,6.21,M,310.00,3.00,WABB 071330Z 31003KT 130V310 9999 FEW018 26/25 Q1010 NOSIG
WABB,2023-12-07 14:00,4.97,-RA,220.00,3.00,WABB 071400Z 22003KT 030V220 8000 -RA FEW018 BKN100 25/25 Q1010 NOSIG
WABB,2023-12-07 14:30,4.97,-RA,290.00,10.00,WABB 071430Z 29010KT 120V290 8000 -RA FEW018 BKN100 24/24 Q1010 NOSIG
WABB,2023-12-07 15:00,4.97,-RA,310.00,5.00,WABB 071500Z 31005KT 110V310 8000 -RA FEW018 BKN100 24/24 Q1010 NOSIG
WABB,2023-12-07 15:30,4.97,-RA,340.00,7.00,WABB 071530Z 34007KT 160V340 8000 -RA FEW018 BKN100 25/24 Q1009 NOSIG
WABB,2023-12-07 16:00,4.97,-RA,320.00,3.00,WABB 071600Z 32003KT 140V320 8000 -RA FEW018CB BKN100 25/25 Q1009 NOSIG RMK CB AT S
WABB,2023-12-07 16:30,4.97,-RA,310.00,3.00,WABB 071630Z 31003KT 130V310 8000 -RA FEW018CB BKN100 25/25 Q1008 NOSIG RMK CB AT S METAR WIHH 071630Z 20004KT 6000 SCT020 26/23 Q1011 NOSIG METAR WAAA 071630Z 07004KT 8000 FEW018CB SCT019 24/24 Q1011 NOSIG RMK CB IN CLIMB-OUT
WABB,2023-12-07 17:00,5.59,M,M,2.00,WABB 071700Z VRB02KT 9000 FEW018CB BKN100 25/25 Q1008 RERA NOSIG RMK CB AT S
WABB,2023-12-07 17:30,5.59,M,360.00,5.00,WABB 071730Z 36005KT 170V360 9000 FEW018CB BKN100 25/25 Q1008 NOSIG RMK CB AT S METAR WIDD 071730Z 34006KT 9999 FEW014 27/25 Q1012 NOSIG
WABB,2023-12-07 19:00,4.97,-RA,320.00,6.00,WABB 071900Z 32006KT 140V320 8000 -RA FEW018CB BKN100 25/24 Q1008 NOSIG RMK CB AT S METAR WIDD 071900Z 36003KT 9999 FEW014 26/24 Q1011 NOSIG
WABB,2023-12-07 20:00,6.21,M,320.00,4.00,WABB 072000Z 32004KT 140V320 9999 FEW018CB BKN100 25/24 Q1009 RERA NOSIG RMK CB AT S
WABB,2023-12-07 20:30,6.21,M,M,2.00,WABB 072030Z VRB02KT 9999 FEW018 BKN100 25/24 Q1008 NOSIG
WABB,2023-12-07 21:00,6.21,M,310.00,4.00,WABB 072100Z 31004KT 120V310 9999 FEW018 BKN100 25/24 Q1009 NOSIG
WABB,2023-12-07 21:30,6.21,M,340.00,3.00,WABB 072130Z 34003KT 150V340 9999 FEW018 BKN100 26/24 Q1010 NOSIG
WABB,2023-12-07 22:00,6.21,M,M,2.00,WABB 072200Z VRB02KT 9999 FEW018 BKN100 26/25 Q1010 NOSIG
WABB,2023-12-07 22:30,6.21,M,330.00,3.00,WABB 072230Z 33003KT 150V330 9999 FEW018 SCT100 27/25 Q1010 NOSIG
WABB,2023-12-07 23:00,6.21,M,280.00,5.00,WABB 072300Z 28005KT 110V280 9999 SCT018 28/26 Q1010 NOSIG
WABB,2023-12-07 23:30,6.21,M,250.00,4.00,WABB 072330Z 25004KT 080V250 9999 SCT018 29/25 Q1010 NOSIG
WABB,2023-12-08 00:00,6.21,M,240.00,5.00,WABB 080000Z 24005KT 080V240 9999 SCT018 29/26 Q1010 NOSIG
WABB,2023-12-08 00:30,6.21,M,240.00,4.00,WABB 080030Z 24004KT 060V240 9999 SCT018 30/25 Q1010 NOSIG
WABB,2023-12-08 01:00,6.21,M,240.00,3.00,WABB 080100Z 24003KT 240V030 9999 SCT018 30/26 Q1009 NOSIG
WABB,2023-12-08 01:30,6.21,M,230.00,6.00,WABB 080130Z 23006KT 040V230 9999 SCT018 30/26 Q1009 NOSIG
WABB,2023-12-08 02:00,6.21,M,190.00,3.00,WABB 080200Z 19003KT 050V190 9999 SCT018 30/26 Q1009 NOSIG
WABB,2023-12-08 02:30,6.21,M,240.00,8.00,WABB 080230Z 24008KT 050V240 9999 SCT018 30/26 Q1008 NOSIG
WABB,2023-12-08 03:00,5.59,M,250.00,7.00,WABB 080300Z 25007KT 050V250 9000 FEW017CB SCT018 31/26 Q1008 NOSIG RMK CB AT N
WABB,2023-12-08 03:30,5.59,VCTS,260.00,4.00,WABB 080330Z 26004KT 080V260 9000 VCTS FEW017CB SCT018 30/26 Q1008 NOSIG RMK CB AT N
WABB,2023-12-08 04:00,4.97,VCSH,240.00,6.00,WABB 080400Z 24006KT 080V240 8000 VCSH FEW017CB BKN018 29/26 Q1007 NOSIG RMK CB AT N
WABB,2023-12-08 04:30,5.59,VCSH,360.00,9.00,WABB 080430Z 36009KT 170V360 9000 VCSH FEW017CB SCT018 BKN100 28/25 Q1007 NOSIG RMK CB AT N
WABB,2023-12-08 05:00,5.59,M,320.00,6.00,WABB 080500Z 32006KT 150V320 9000 SCT018 BKN100 29/25 Q1007 NOSIG
WABB,2023-12-08 05:30,5.59,M,320.00,5.00,WABB 080530Z 32005KT 140V320 9000 SCT018 BKN100 29/26 Q1006 NOSIG
WABB,2023-12-08 06:00,5.59,M,280.00,6.00,WABB 080600Z 28006KT 100V280 9000 SCT018 OVC100 29/25 Q1006 NOSIG
WABB,2023-12-08 06:30,5.59,M,300.00,4.00,WABB 080630Z 30004KT 120V300 9000 SCT018 OVC100 29/26 Q1006 NOSIG
WABB,2023-12-08 07:00,6.21,M,290.00,5.00,WABB 080700Z 29005KT 120V290 9999 SCT018 BKN100 29/26 Q1006 NOSIG
WABB,2023-12-08 08:00,6.21,M,290.00,7.00,WABB 080800Z 29007KT 110V290 9999 SCT018 OVC100 29/26 Q1007 NOSIG
WABB,2023-12-08 08:30,6.21,M,320.00,4.00,WABB 080830Z 32004KT 130V320 9999 SCT018 SCT100 28/26 Q1007 NOSIG
WABB,2023-12-08 09:00,6.21,M,310.00,5.00,WABB 080900Z 31005KT 120V310 9999 SCT018 SCT100 28/26 Q1007 NOSIG
WABB,2023-12-08 09:30,6.21,M,310.00,3.00,WABB 080930Z 31003KT 130V310 9999 SCT018 SCT100 28/26 Q1008 NOSIG
WABB,2023-12-08 10:00,6.21,M,0.00,0.00,WABB 081000Z 00000KT 9999 SCT018 SCT100 27/26 Q1008 NOSIG
WABB,2023-12-08 10:30,6.21,M,330.00,4.00,WABB 081030Z 33004KT 160V330 9999 SCT018 SCT100 27/26 Q1008 NOSIG
WABB,2023-12-08 11:00,6.21,M,300.00,4.00,WABB 081100Z 30004KT 120V300 9999 SCT018 SCT100 27/26 Q1009 NOSIG
WABB,2023-12-08 11:30,6.21,M,320.00,3.00,WABB 081130Z 32003KT 140V320 9999 SCT018 SCT100 27/26 Q1009 NOSIG
WABB,2023-12-08 12:00,6.21,M,320.00,3.00,WABB 081200Z 32003KT 140V320 9999 FEW018 SCT100 26/26 Q1009 NOSIG
WABB,2023-12-08 12:30,6.21,M,300.00,4.00,WABB 081230Z 30004KT 120V300 9999 FEW018 SCT100 26/26 Q1009 NOSIG
WABB,2023-12-08 13:00,6.21,M,310.00,3.00,WABB 081300Z 31003KT 130V310 9999 FEW018 SCT100 26/26 Q1009 NOSIG
WABB,2023-12-08 13:30,6.21,M,M,2.00,WABB 081330Z VRB02KT 9999 FEW018 SCT100 26/25 Q1009 NOSIG
WABB,2023-12-08 14:00,6.21,M,310.00,5.00,WABB 081400Z 31005KT 130V310 9999 FEW018 SCT100 26/25 Q1010 NOSIG
WABB,2023-12-08 14:30,6.21,M,280.00,10.00,WABB 081430Z 28010KT 100V280 9999 FEW018 SCT100 25/24 Q1010 NOSIG
WABB,2023-12-08 15:00,6.21,M,280.00,6.00,WABB 081500Z 28006KT 100V280 9999 FEW018 SCT100 25/24 Q1009 NOSIG
WABB,2023-12-08 15:30,6.21,M,280.00,8.00,WABB 081530Z 28008KT 100V280 9999 FEW018 SCT100 25/24 Q1009 NOSIG
WABB,2023-12-08 16:00,6.21,-RA,270.00,6.00,WABB 081600Z 27006KT 090V270 9999 -RA FEW018 SCT100 26/24 Q1008 NOSIG
WABB,2023-12-08 16:30,6.21,-RA,250.00,5.00,WABB 081630Z 25005KT 090V250 9999 -RA FEW018 SCT100 26/25 Q1008 NOSIG
WABB,2023-12-08 17:00,6.21,-RA,250.00,3.00,WABB 081700Z 25003KT 060V250 9999 -RA FEW018 SCT100 26/25 Q1008 NOSIG
WABB,2023-12-08 17:30,6.21,-RA,250.00,8.00,WABB 081730Z 25008KT 070V250 9999 -RA FEW018 SCT100 28/26 Q1008 NOSIG
WABB,2023-12-08 18:00,6.21,-RA,250.00,11.00,WABB 081800Z 25011KT 080V250 9999 -RA FEW018 SCT100 28/25 Q1007 NOSIG
WABB,2023-12-08 18:30,6.21,-RA,260.00,5.00,WABB 081830Z 26005KT 080V260 9999 -RA FEW018 SCT100 28/25 Q1007 NOSIG
WABB,2023-12-08 19:00,6.21,-RA,280.00,11.00,WABB 081900Z 28011KT 100V280 9999 -RA FEW018 SCT100 28/25 Q1007 NOSIG
WABB,2023-12-08 19:30,6.21,-RA,310.00,7.00,WABB 081930Z 31007KT 120V310 9999 -RA FEW018 SCT100 27/25 Q1008 NOSIG
WABB,2023-12-08 20:00,6.21,M,340.00,5.00,WABB 082000Z 34005KT 150V340 9999 FEW018 SCT100 26/24 Q1008 RERA NOSIG
WABB,2023-12-08 20:30,6.21,M,330.00,5.00,WABB 082030Z 33005KT 150V330 9999 FEW018 SCT100 25/24 Q1008 NOSIG
WABB,2023-12-08 21:00,6.21,M,310.00,13.00,WABB 082100Z 31013KT 130V310 9999 FEW018CB SCT018 SCT100 26/25 Q1008 NOSIG RMK CB AT N METAR WIMM 082100Z 26003KT 4000 BR SCT017 26/25 Q1009 NOSIG
WABB,2023-12-08 22:00,6.21,M,290.00,7.00,WABB 082200Z 29007KT 110V290 9999 SCT018 SCT100 26/24 Q1009 NOSIG
WABB,2023-12-08 22:30,6.21,M,300.00,9.00,WABB 082230Z 30009KT 110V300 9999 SCT018 SCT100 27/25 Q1009 NOSIG
WABB,2023-12-08 23:00,6.21,M,290.00,8.00,WABB 082300Z 29008KT 090V290 9999 SCT018 SCT100 29/26 Q1010 NOSIG
WABB,2023-12-08 23:30,6.21,M,270.00,7.00,WABB 082330Z 27007KT 080V270 9999 SCT018 SCT100 29/26 Q1010 NOSIG
WABB,2023-12-09 00:00,6.21,M,300.00,13.00,WABB 090000Z 30013KT 110V300 9999 SCT018 SCT100 30/26 Q1010 NOSIG
WABB,2023-12-09 00:30,6.21,M,270.00,10.00,WABB 090030Z 27010KT 090V270 9999 SCT018 SCT100 30/25 Q1009 NOSIG
WABB,2023-12-09 01:00,6.21,M,250.00,7.00,WABB 090100Z 25007KT 080V250 9999 SCT018 SCT100 30/25 Q1009 NOSIG
WABB,2023-12-09 01:30,6.21,M,270.00,7.00,WABB 090130Z 27007KT 080V270 9999 SCT018 SCT100 30/26 Q1009 NOSIG
WABB,2023-12-09 02:00,6.21,M,250.00,8.00,WABB 090200Z 25008KT 080V250 9999 SCT018 SCT100 30/26 Q1009 NOSIG
WABB,2023-12-09 02:30,6.21,M,270.00,13.00,WABB 090230Z 27013KT 080V270 9999 SCT018 SCT100 30/26 Q1008 NOSIG
WABB,2023-12-09 03:00,6.21,M,250.00,12.00,WABB 090300Z 25012KT 080V250 9999 SCT018 SCT100 30/26 Q1008 NOSIG
WABB,2023-12-09 03:30,6.21,M,250.00,8.00,WABB 090330Z 25008KT 080V250 9999 SCT018 SCT100 30/26 Q1008 NOSIG
WABB,2023-12-09 04:00,6.21,M,240.00,9.00,WABB 090400Z 24009KT 070V240 9999 SCT018 SCT100 30/26 Q1007 NOSIG
WABB,2023-12-09 04:30,6.21,M,280.00,6.00,WABB 090430Z 28006KT 280V070 9999 SCT018 SCT100 30/25 Q1007 NOSIG
WABB,2023-12-09 05:00,6.21,M,260.00,11.00,WABB 090500Z 26011KT 070V260 9999 FEW013 SCT100 30/26 Q1007 NOSIG
WABB,2023-12-09 05:30,6.21,M,260.00,13.00,WABB 090530Z 26013KT 080V260 9999 FEW013 SCT100 30/26 Q1006 NOSIG
WABB,2023-12-09 06:00,6.21,M,270.00,10.00,WABB 090600Z 27010KT 070V270 9999 FEW013 SCT100 30/26 Q1006 NOSIG
WABB,2023-12-09 06:30,6.21,M,260.00,10.00,WABB 090630Z 26010KT 080V260 9999 FEW013 SCT100 30/26 Q1006 NOSIG
WABB,2023-12-09 07:00,6.21,M,250.00,8.00,WABB 090700Z 25008KT 080V250 9999 FEW013 SCT100 31/25 Q1006 NOSIG
WABB,2023-12-09 07:30,6.21,M,280.00,8.00,WABB 090730Z 28008KT 090V280 9999 FEW013 SCT100 30/25 Q1006 NOSIG
WABB,2023-12-09 08:00,6.21,M,280.00,7.00,WABB 090800Z 28007KT 100V280 9999 FEW013 SCT100 30/25 Q1006 NOSIG
WABB,2023-12-09 08:30,6.21,M,280.00,8.00,WABB 090830Z 28008KT 100V280 9999 FEW013 SCT100 29/25 Q1007 NOSIG
WABB,2023-12-09 09:00,6.21,M,280.00,9.00,WABB 090900Z 28009KT 100V280 9999 FEW013 SCT100 29/25 Q1007 NOSIG
WABB,2023-12-09 09:30,6.21,M,290.00,7.00,WABB 090930Z 29007KT 120V290 9999 FEW013 SCT100 28/26 Q1007 NOSIG
WABB,2023-12-09 10:00,6.21,M,290.00,5.00,WABB 091000Z 29005KT 100V290 9999 FEW013 SCT100 28/26 Q1008 NOSIG
WABB,2023-12-09 11:00,6.21,M,310.00,5.00,WABB 091100Z 31005KT 130V310 9999 SCT018 28/26 Q1008 NOSIG
WABB,2023-12-09 12:00,6.21,M,310.00,4.00,WABB 091200Z 31004KT 140V310 9999 SCT018 BKN100 28/26 Q1009 NOSIG
WABB,2023-12-09 12:30,6.21,M,320.00,6.00,WABB 091230Z 32006KT 130V320 9999 SCT018 OVC100 28/26 Q1009 NOSIG
WABB,2023-12-09 13:00,6.21,M,300.00,12.00,WABB 091300Z 30012KT 100V300 9999 SCT018 OVC100 28/26 Q1009 NOSIG
WABB,2023-12-09 13:30,4.35,-SHRA,300.00,14.00,WABB 091330Z 30014KT 110V300 7000 -SHRA FEW017CB BKN018 25/24 Q1009 TEMPO -RA RMK CB AT S
WABB,2023-12-09 14:00,4.35,-RA,300.00,6.00,WABB 091400Z 30006KT 120V300 7000 -RA FEW017CB BKN018 25/24 Q1009 RESHRA TEMPO -RA RMK CB AT S
WABB,2023-12-09 14:30,4.35,-RA,280.00,3.00,WABB 091430Z 28003KT 100V280 7000 -RA BKN018 OVC100 25/25 Q1009 TEMPO -RA
WABB,2023-12-09 15:00,4.97,-RA,300.00,4.00,WABB 091500Z 30004KT 120V300 8000 -RA BKN018 OVC100 25/25 Q1008 NOSIG
WABB,2023-12-09 15:30,5.59,M,290.00,8.00,WABB 091530Z 29008KT 110V290 9000 SCT018 OVC100 26/25 Q1008 RERA NOSIG
WABB,2023-12-09 16:00,5.59,M,300.00,4.00,WABB 091600Z 30004KT 120V300 9000 SCT018 OVC100 26/25 Q1008 NOSIG
WABB,2023-12-09 16:30,5.59,-RA,290.00,4.00,WABB 091630Z 29004KT 120V290 9000 -RA SCT018 OVC100 26/25 Q1007 NOSIG
WABB,2023-12-09 17:00,5.59,-RA,330.00,3.00,WABB 091700Z 33003KT 150V330 9000 -RA SCT018 OVC100 26/25 Q1007 NOSIG
WABB,2023-12-09 17:30,5.59,-RA,320.00,4.00,WABB 091730Z 32004KT 160V320 9000 -RA SCT018 OVC100 25/24 Q1006 NOSIG
WABB,2023-12-09 18:00,6.21,M,330.00,7.00,WABB 091800Z 33007KT 150V330 9999 SCT018 BKN100 25/24 Q1006 RERA NOSIG
WABB,2023-12-09 18:30,6.21,M,300.00,3.00,WABB 091830Z 30003KT 130V300 9999 SCT018 BKN100 25/24 Q1006 NOSIG
WABB,2023-12-09 19:00,6.21,M,M,2.00,WABB 091900Z VRB02KT 9999 SCT018 BKN100 26/25 Q1007 NOSIG
WABB,2023-12-09 19:30,6.21,M,M,2.00,WABB 091930Z VRB02KT 9999 SCT018 BKN100 26/25 Q1007 NOSIG
WABB,2023-12-09 20:00,4.35,-RA,290.00,9.00,WABB 092000Z 29009KT 130V290 7000 -RA BKN018 OVC100 26/25 Q1007 TEMPO -RA
WABB,2023-12-09 20:30,4.97,-RA,290.00,4.00,WABB 092030Z 29004KT 100V290 8000 -RA BKN018 OVC100 26/24 Q1008 NOSIG
WABB,2023-12-09 21:00,4.35,-RA,350.00,5.00,WABB 092100Z 35005KT 170V350 7000 -RA BKN018 OVC100 25/25 Q1008 TEMPO -RA
WABB,2023-12-09 21:30,4.35,-RA,230.00,3.00,WABB 092130Z 23003KT 050V230 7000 -RA BKN018 OVC100 26/25 Q1009 TEMPO -RA
WABB,2023-12-09 22:00,1.86,SHRA,250.00,8.00,WABB 092200Z 25008KT 060V250 3000 SHRA FEW017CB BKN018 24/24 Q1009 TEMPO -RA RMK CB AT SW
WABB,2023-12-09 22:30,3.11,RA,270.00,7.00,WABB 092230Z 27007KT 080V270 5000 RA FEW017CB BKN018 25/25 Q1009 RESHRA TEMPO -RA RMK CB AT SW
WABB,2023-12-09 23:00,4.35,-RA,280.00,6.00,WABB 092300Z 28006KT 090V280 7000 -RA BKN018 OVC100 26/25 Q1009 TEMPO -RA
WABB,2023-12-09 23:30,4.35,-RA,250.00,7.00,WABB 092330Z 25007KT 080V250 7000 -RA BKN018 OVC100 27/25 Q1009 TEMPO -RA
WABB,2023-12-10 00:00,4.35,-RA,250.00,10.00,WABB 100000Z 25010KT 090V250 7000 -RA BKN018 OVC100 28/26 Q1009 TEMPO -RA
WABB,2023-12-10 00:30,4.35,-RA,270.00,12.00,WABB 100030Z 27012KT 080V270 7000 -RA BKN018 OVC100 26/25 Q1009 TEMPO -RA
WABB,2023-12-10 01:00,5.59,M,270.00,9.00,WABB 100100Z 27009KT 110V270 9000 SCT018 OVC100 27/25 Q1009 RERA NOSIG
WABB,2023-12-10 01:30,5.59,M,260.00,9.00,WABB 100130Z 26009KT 080V260 9000 SCT018 OVC100 28/25 Q1008 NOSIG
WABB,2023-12-10 02:00,5.59,M,280.00,9.00,WABB 100200Z 28009KT 090V280 9000 SCT018 OVC100 29/25 Q1008 NOSIG
WABB,2023-12-10 02:30,6.21,M,240.00,6.00,WABB 100230Z 24006KT 080V240 9999 SCT018 OVC100 29/25 Q1008 NOSIG
WABB,2023-12-10 03:00,6.21,M,260.00,7.00,WABB 100300Z 26007KT 070V260 9999 SCT018 OVC100 29/25 Q1007 NOSIG
WABB,2023-12-10 03:30,6.21,M,240.00,7.00,WABB 100330Z 24007KT 070V240 9999 SCT018 OVC100 30/26 Q1007 NOSIG
WABB,2023-12-10 04:00,6.21,M,250.00,9.00,WABB 100400Z 25009KT 070V250 9999 SCT018 OVC100 30/26 Q1007 NOSIG
WABB,2023-12-10 04:30,6.21,M,240.00,8.00,WABB 100430Z 24008KT 060V240 9999 SCT018 OVC100 30/26 Q1006 NOSIG
WABB,2023-12-10 05:00,6.21,M,230.00,13.00,WABB 100500Z 23013KT 050V230 9999 SCT018 OVC100 29/26 Q1006 NOSIG
WABB,2023-12-10 05:30,6.21,M,260.00,8.00,WABB 100530Z 26008KT 060V260 9999 SCT018 OVC100 30/26 Q1005 NOSIG
WABB,2023-12-10 06:00,6.21,M,240.00,9.00,WABB 100600Z 24009KT 070V240 9999 SCT018 OVC100 29/26 Q1005 NOSIG
WABB,2023-12-10 06:30,6.21,M,250.00,9.00,WABB 100630Z 25009KT 070V250 9999 SCT018 OVC100 29/26 Q1005 NOSIG
WABB,2023-12-10 07:00,6.21,M,260.00,9.00,WABB 100700Z 26009KT 080V260 9999 SCT018 OVC100 29/25 Q1005 NOSIG
WABB,2023-12-10 07:30,6.21,M,230.00,8.00,WABB 100730Z 23008KT 070V230 9999 SCT018 OVC100 29/26 Q1005 NOSIG
WABB,2023-12-10 08:00,6.21,M,280.00,7.00,WABB 100800Z 28007KT 080V280 9999 SCT018 OVC100 29/25 Q1005 NOSIG
WABB,2023-12-10 08:30,6.21,M,270.00,7.00,WABB 100830Z 27007KT 080V270 9999 SCT018 BKN100 29/25 Q1005 NOSIG
WABB,2023-12-10 09:00,6.21,M,280.00,9.00,WABB 100900Z 28009KT 080V280 9999 SCT018 BKN100 29/26 Q1006 NOSIG
WABB,2023-12-10 09:30,6.21,M,260.00,8.00,WABB 100930Z 26008KT 090V260 9999 SCT018 SCT100 28/25 Q1006 NOSIG
WABB,2023-12-10 10:00,6.21,M,280.00,5.00,WABB 101000Z 28005KT 100V280 9999 SCT018 SCT100 28/25 Q1007 NOSIG
WABB,2023-12-10 10:30,6.21,M,M,2.00,WABB 101030Z VRB02KT 9999 FEW018 SCT100 28/26 Q1007 NOSIG
WABB,2023-12-10 11:00,6.21,M,300.00,4.00,WABB 101100Z 30004KT 130V300 9999 FEW018 SCT100 27/26 Q1008 NOSIG
WABB,2023-12-10 11:30,6.21,M,300.00,3.00,WABB 101130Z 30003KT 120V300 9999 FEW018 SCT100 27/25 Q1008 NOSIG
WABB,2023-12-10 12:00,6.21,M,340.00,3.00,WABB 101200Z 34003KT 150V340 9999 FEW018 SCT100 27/25 Q1008 NOSIG
WABB,2023-12-10 12:30,6.21,M,330.00,3.00,WABB 101230Z 33003KT 150V330 9999 FEW018 SCT100 27/25 Q1008 NOSIG
WABB,2023-12-10 13:00,6.21,M,300.00,3.00,WABB 101300Z 30003KT 120V300 9999 FEW018 SCT100 26/25 Q1008 NOSIG
WABB,2023-12-10 13:30,6.21,M,330.00,5.00,WABB 101330Z 33005KT 150V330 9999 FEW018 SCT100 27/25 Q1008 NOSIG
WABB,2023-12-10 14:00,6.21,M,330.00,4.00,WABB 101400Z 33004KT 150V330 9999 FEW018 SCT100 27/25 Q1008 NOSIG
WABB,2023-12-10 14:30,6.21,M,330.00,3.00,WABB 101430Z 33003KT 150V330 9999 FEW018 SCT100 27/25 Q1007 NOSIG
WABB,2023-12-10 15:00,6.21,M,320.00,3.00,WABB 101500Z 32003KT 140V320 9999 FEW018 SCT100 27/25 Q1007 NOSIG
WABB,2023-12-10 15:30,6.21,M,310.00,5.00,WABB 101530Z 31005KT 140V310 9999 FEW018 SCT100 27/25 Q1007 NOSIG
WABB,2023-12-10 16:00,6.21,M,330.00,4.00,WABB 101600Z 33004KT 140V330 9999 FEW018 SCT100 27/25 Q1007 NOSIG
WABB,2023-12-10 16:30,6.21,M,330.00,4.00,WABB 101630Z 33004KT 150V330 9999 FEW018 SCT100 26/25 Q1006 NOSIG
WABB,2023-12-10 17:00,6.21,M,310.00,3.00,WABB 101700Z 31003KT 140V310 9999 FEW018 SCT100 26/25 Q1006 NOSIG
WABB,2023-12-10 17:30,6.21,M,300.00,3.00,WABB 101730Z 30003KT 120V300 9999 FEW018 SCT100 26/25 Q1006 NOSIG
WABB,2023-12-10 18:00,6.21,M,330.00,3.00,WABB 101800Z 33003KT 140V330 9999 FEW018 SCT100 26/25 Q1006 NOSIG
WABB,2023-12-10 18:30,6.21,M,320.00,4.00,WABB 101830Z 32004KT 140V320 9999 FEW018 SCT100 26/25 Q1006 NOSIG
WABB,2023-12-10 19:00,6.21,M,320.00,3.00,WABB 101900Z 32003KT 150V320 9999 FEW018 SCT100 26/25 Q1006 NOSIG
WABB,2023-12-10 19:30,6.21,M,320.00,6.00,WABB 101930Z 32006KT 150V320 9999 FEW018 SCT100 26/25 Q1007 NOSIG
WABB,2023-12-10 20:00,6.21,M,340.00,5.00,WABB 102000Z 34005KT 150V340 9999 FEW018 SCT100 26/25 Q1007 NOSIG
WABB,2023-12-10 20:30,6.21,M,320.00,4.00,WABB 102030Z 32004KT 130V320 9999 FEW018 SCT100 26/25 Q1007 NOSIG
WABB,2023-12-10 21:00,6.21,M,320.00,4.00,WABB 102100Z 32004KT 140V320 9999 FEW018 SCT100 26/25 Q1007 NOSIG
WABB,2023-12-10 21:30,6.21,M,310.00,4.00,WABB 102130Z 31004KT 130V310 9999 FEW018 SCT100 27/25 Q1008 NOSIG
WABB,2023-12-10 22:00,6.21,M,320.00,4.00,WABB 102200Z 32004KT 150V320 9999 FEW018 SCT100 28/25 Q1008 NOSIG
WABB,2023-12-10 22:30,6.21,M,300.00,7.00,WABB 102230Z 30007KT 120V300 9999 FEW018 SCT100 29/25 Q1008 NOSIG
WABB,2023-12-10 23:00,6.21,M,290.00,7.00,WABB 102300Z 29007KT 090V290 9999 FEW018 SCT100 30/25 Q1008 NOSIG
WABB,2023-12-10 23:30,6.21,M,220.00,6.00,WABB 102330Z 22006KT 060V220 9999 FEW018 SCT100 30/25 Q1008 NOSIG
WABB,2023-12-11 00:00,6.21,M,290.00,7.00,WABB 110000Z 29007KT 290V080 9999 FEW018 SCT100 30/26 Q1008 NOSIG
WABB,2023-12-11 00:30,6.21,M,250.00,8.00,WABB 110030Z 25008KT 060V250 9999 FEW018 SCT100 31/26 Q1009 NOSIG
WABB,2023-12-11 01:00,6.21,M,260.00,9.00,WABB 110100Z 26009KT 080V260 9999 FEW018 SCT100 31/26 Q1008 NOSIG
WABB,2023-12-11 01:30,6.21,M,270.00,8.00,WABB 110130Z 27008KT 270V060 9999 SCT018 SCT100 31/27 Q1008 NOSIG
WABB,2023-12-11 02:00,6.21,M,260.00,8.00,WABB 110200Z 26008KT 080V260 9999 SCT018 SCT100 31/26 Q1008 NOSIG
WABB,2023-12-11 02:30,6.21,M,260.00,13.00,WABB 110230Z 26013KT 070V260 9999 SCT018 SCT100 31/26 Q1008 NOSIG
WABB,2023-12-11 03:00,6.21,M,260.00,5.00,WABB 110300Z 26005KT 070V260 9999 SCT018 SCT100 30/27 Q1007 NOSIG
WABB,2023-12-11 03:30,6.21,M,260.00,7.00,WABB 110330Z 26007KT 070V260 9999 SCT018 SCT100 31/26 Q1006 NOSIG
WABB,2023-12-11 04:00,6.21,M,250.00,8.00,WABB 110400Z 25008KT 060V250 9999 SCT018 SCT100 31/26 Q1006 NOSIG
WABB,2023-12-11 04:30,6.21,M,260.00,10.00,WABB 110430Z 26010KT 070V260 9999 SCT018 SCT100 30/26 Q1006 NOSIG
WABB,2023-12-11 05:00,6.21,M,260.00,6.00,WABB 110500Z 26006KT 070V260 9999 SCT018 SCT100 30/26 Q1005 NOSIG
WABB,2023-12-11 05:30,6.21,M,260.00,11.00,WABB 110530Z 26011KT 080V260 9999 SCT018 SCT100 30/26 Q1005 NOSIG
WABB,2023-12-11 06:00,6.21,M,270.00,6.00,WABB 110600Z 27006KT 080V270 9999 SCT018 SCT100 30/26 Q1005 NOSIG
WABB,2023-12-11 06:30,6.21,M,260.00,8.00,WABB 110630Z 26008KT 070V260 9999 SCT018 SCT100 31/25 Q1005 NOSIG
WABB,2023-12-11 07:00,6.21,M,270.00,11.00,WABB 110700Z 27011KT 080V270 9999 SCT018 SCT100 31/25 Q1005 NOSIG
WABB,2023-12-11 07:30,6.21,M,260.00,7.00,WABB 110730Z 26007KT 080V260 9999 SCT018 SCT100 31/25 Q1005 NOSIG
WABB,2023-12-11 08:00,6.21,M,250.00,5.00,WABB 110800Z 25005KT 080V250 9999 SCT018 SCT100 31/25 Q1006 NOSIG
WABB,2023-12-11 08:30,6.21,M,290.00,7.00,WABB 110830Z 29007KT 100V290 9999 SCT018 SCT100 30/24 Q1006 NOSIG
WABB,2023-12-11 09:00,6.21,M,280.00,6.00,WABB 110900Z 28006KT 100V280 9999 SCT018 SCT100 30/24 Q1007 NOSIG
WABB,2023-12-11 09:30,6.21,M,300.00,5.00,WABB 110930Z 30005KT 120V300 9999 SCT018 SCT100 28/25 Q1007 NOSIG
WABB,2023-12-11 10:30,6.21,M,320.00,5.00,WABB 111030Z 32005KT 130V320 9999 SCT018 SCT100 28/25 Q1008 NOSIG
WABB,2023-12-11 11:00,6.21,M,340.00,4.00,WABB 111100Z 34004KT 150V340 9999 SCT018 SCT100 27/25 Q1008 NOSIG
WABB,2023-12-11 11:30,6.21,M,300.00,4.00,WABB 111130Z 30004KT 130V300 9999 SCT018 SCT100 27/25 Q1009 NOSIG
WABB,2023-12-11 12:00,6.21,M,320.00,3.00,WABB 111200Z 32003KT 150V320 9999 SCT018 SCT100 27/25 Q1009 NOSIG
WABB,2023-12-11 12:30,6.21,M,320.00,4.00,WABB 111230Z 32004KT 140V320 9999 SCT018 SCT100 27/25 Q1009 NOSIG
WABB,2023-12-11 13:00,6.21,M,320.00,4.00,WABB 111300Z 32004KT 150V320 9999 SCT018 SCT100 27/25 Q1009 NOSIG
WABB,2023-12-11 13:30,6.21,M,340.00,4.00,WABB 111330Z 34004KT 150V340 9999 SCT018 SCT100 27/25 Q1009 NOSIG
WABB,2023-12-11 14:00,6.21,M,320.00,4.00,WABB 111400Z 32004KT 140V320 9999 SCT018 SCT100 26/25 Q1008 NOSIG
WABB,2023-12-11 14:30,6.21,M,300.00,4.00,WABB 111430Z 30004KT 120V300 9999 SCT018 SCT100 26/25 Q1008 NOSIG
WABB,2023-12-11 15:00,6.21,M,320.00,4.00,WABB 111500Z 32004KT 130V320 9999 SCT018 SCT100 27/25 Q1008 NOSIG
WABB,2023-12-11 15:30,6.21,M,320.00,3.00,WABB 111530Z 32003KT 140V320 9999 SCT018 SCT100 26/25 Q1008 NOSIG
WABB,2023-12-11 16:00,6.21,M,M,2.00,WABB 111600Z VRB02KT 9999 SCT018 SCT100 26/25 Q1008 NOSIG
WABB,2023-12-11 16:30,6.21,M,320.00,3.00,WABB 111630Z 32003KT 140V320 9999 SCT018 SCT100 26/25 Q1007 NOSIG
WABB,2023-12-11 17:00,6.21,M,320.00,3.00,WABB 111700Z 32003KT 150V320 9999 FEW018 SCT100 26/25 Q1007 NOSIG
WABB,2023-12-11 17:30,6.21,M,350.00,3.00,WABB 111730Z 35003KT 180V350 9999 FEW018 SCT100 26/25 Q1007 NOSIG
WABB,2023-12-11 18:00,6.21,M,300.00,3.00,WABB 111800Z 30003KT 120V300 9999 FEW018 SCT100 26/25 Q1007 NOSIG
WABB,2023-12-11 18:30,6.21,M,320.00,4.00,WABB 111830Z 32004KT 140V320 9999 FEW018 SCT100 26/25 Q1007 NOSIG
WABB,2023-12-11 19:00,6.21,M,290.00,3.00,WABB 111900Z 29003KT 120V290 9999 FEW018 SCT100 26/25 Q1007 NOSIG
WABB,2023-12-11 19:30,6.21,M,M,2.00,WABB 111930Z VRB02KT 9999 FEW018 SCT100 26/25 Q1007 NOSIG
WABB,2023-12-11 20:00,6.21,M,0.00,0.00,WABB 112000Z 00000KT 9999 FEW018 SCT100 26/25 Q1008 NOSIG
WABB,2023-12-11 20:30,6.21,M,M,2.00,WABB 112030Z VRB02KT 9999 SCT018 SCT100 26/25 Q1008 NOSIG
WABB,2023-12-11 21:00,6.21,M,250.00,4.00,WABB 112100Z 25004KT 090V250 9999 FEW017CB SCT018 BKN100 26/25 Q1008 NOSIG RMK CB AT S
WABB,2023-12-11 21:30,6.21,M,310.00,4.00,WABB 112130Z 31004KT 130V310 9999 FEW017CB SCT018 BKN100 27/25 Q1008 NOSIG RMK CB AT S
WABB,2023-12-11 22:00,6.21,M,M,2.00,WABB 112200Z VRB02KT 9999 SCT018 BKN100 28/25 Q1009 NOSIG
WABB,2023-12-11 22:30,6.21,M,250.00,3.00,WABB 112230Z 25003KT 080V250 9999 SCT018 BKN100 28/25 Q1009 NOSIG
WABB,2023-12-11 23:00,6.21,M,260.00,3.00,WABB 112300Z 26003KT 060V260 9999 SCT018 BKN100 29/25 Q1009 NOSIG
WABB,2023-12-11 23:30,6.21,M,220.00,7.00,WABB 112330Z 22007KT 040V220 9999 SCT018 BKN100 29/26 Q1009 NOSIG
WABB,2023-12-12 00:00,6.21,M,230.00,5.00,WABB 120000Z 23005KT 040V230 9999 SCT018 BKN100 29/26 Q1010 NOSIG
WABB,2023-12-12 00:30,6.21,M,200.00,7.00,WABB 120030Z 20007KT 040V200 9999 SCT018 BKN100 30/26 Q1009 NOSIG
WABB,2023-12-12 01:00,6.21,M,240.00,6.00,WABB 120100Z 24006KT 060V240 9999 SCT018 BKN100 30/26 Q1009 NOSIG
WABB,2023-12-12 01:30,6.21,M,270.00,12.00,WABB 120130Z 27012KT 270V060 9999 SCT018 BKN100 30/26 Q1008 NOSIG
WABB,2023-12-12 02:30,6.21,M,230.00,13.00,WABB 120230Z 23013KT 050V230 9999 FEW017CB SCT018 BKN100 30/26 Q1008 NOSIG RMK CB AT S
WABB,2023-12-12 03:00,6.21,M,230.00,4.00,WABB 120300Z 23004KT 040V230 9999 SCT018 BKN100 30/26 Q1007 NOSIG
WABB,2023-12-12 03:30,6.21,M,230.00,6.00,WABB 120330Z 23006KT 050V230 9999 SCT018 BKN100 29/26 Q1006 NOSIG
WABB,2023-12-12 04:00,6.21,M,240.00,7.00,WABB 120400Z 24007KT 070V240 9999 SCT018 BKN100 30/27 Q1006 NOSIG
WABB,2023-12-12 04:30,6.21,M,260.00,7.00,WABB 120430Z 26007KT 070V260 9999 SCT018 BKN100 30/26 Q1006 NOSIG
WABB,2023-12-12 05:00,6.21,M,260.00,11.00,WABB 120500Z 26011KT 070V260 9999 SCT018 BKN100 30/26 Q1006 NOSIG
WABB,2023-12-12 05:30,6.21,M,260.00,5.00,WABB 120530Z 26005KT 060V260 9999 SCT018 30/26 Q1005 NOSIG
WABB,2023-12-12 06:00,6.21,M,260.00,3.00,WABB 120600Z 26003KT 070V260 9999 SCT018 30/26 Q1005 NOSIG
WABB,2023-12-12 06:30,6.21,M,280.00,8.00,WABB 120630Z 28008KT 080V280 9999 SCT018 30/26 Q1006 NOSIG
WABB,2023-12-12 07:00,6.21,M,240.00,6.00,WABB 120700Z 24006KT 070V240 9999 SCT018 30/26 Q1006 NOSIG
WABB,2023-12-12 07:30,6.21,M,310.00,7.00,WABB 120730Z 31007KT 110V310 9999 SCT018 30/26 Q1006 NOSIG
WABB,2023-12-12 08:00,6.21,M,330.00,4.00,WABB 120800Z 33004KT 150V330 9999 SCT018 29/25 Q1006 NOSIG
WABB,2023-12-12 08:30,6.21,M,300.00,8.00,WABB 120830Z 30008KT 120V300 9999 SCT018 29/26 Q1006 NOSIG
WABB,2023-12-12 09:00,6.21,M,320.00,5.00,WABB 120900Z 32005KT 130V320 9999 SCT018 29/26 Q1007 NOSIG
WABB,2023-12-12 09:30,6.21,M,310.00,5.00,WABB 120930Z 31005KT 130V310 9999 SCT018 28/26 Q1007 NOSIG
WABB,2023-12-12 10:30,6.21,M,320.00,3.00,WABB 121030Z 32003KT 140V320 9999 SCT018 28/25 Q1008 NOSIG
WABB,2023-12-12 12:00,6.21,M,320.00,3.00,WABB 121200Z 32003KT 140V320 9999 SCT018 27/25 Q1009 NOSIG
WABB,2023-12-12 12:30,6.21,M,280.00,3.00,WABB 121230Z 28003KT 100V280 9999 SCT018 27/25 Q1009 NOSIG
WABB,2023-12-12 13:00,6.21,M,290.00,4.00,WABB 121300Z 29004KT 110V290 9999 SCT018 27/26 Q1009 NOSIG
WABB,2023-12-12 13:30,6.21,M,300.00,4.00,WABB 121330Z 30004KT 120V300 9999 SCT018 27/26 Q1009 NOSIG
WABB,2023-12-12 14:00,6.21,M,M,2.00,WABB 121400Z VRB02KT 9999 SCT018 27/26 Q1009 NOSIG
WABB,2023-12-12 14:30,6.21,M,M,2.00,WABB 121430Z VRB02KT 9999 SCT018 26/25 Q1009 NOSIG
WABB,2023-12-12 15:00,6.21,M,M,2.00,WABB 121500Z VRB02KT 9999 SCT018 26/25 Q1009 NOSIG
WABB,2023-12-12 15:30,6.21,M,0.00,0.00,WABB 121530Z 00000KT 9999 SCT018 26/26 Q1009 NOSIG
WABB,2023-12-12 19:00,5.59,-RA,240.00,7.00,WABB 121900Z 24007KT 060V240 9000 -RA SCT018 26/24 Q1008 NOSIG
WABB,2023-12-12 19:30,5.59,M,250.00,6.00,WABB 121930Z 25006KT 080V250 9000 SCT018 27/24 Q1008 RERA NOSIG
WABB,2023-12-12 20:00,5.59,M,270.00,5.00,WABB 122000Z 27005KT 080V270 9000 SCT018 27/24 Q1008 NOSIG
WABB,2023-12-12 20:30,5.59,M,260.00,3.00,WABB 122030Z 26003KT 090V260 9000 SCT018 27/25 Q1008 NOSIG
WABB,2023-12-12 21:00,5.59,M,330.00,3.00,WABB 122100Z 33003KT 150V330 9000 SCT018 26/25 Q1008 NOSIG
WABB,2023-12-12 21:30,5.59,M,320.00,4.00,WABB 122130Z 32004KT 140V320 9000 SCT018 26/25 Q1009 NOSIG
WABB,2023-12-12 22:00,5.59,M,310.00,3.00,WABB 122200Z 31003KT 140V310 9000 SCT018 26/25 Q1009 NOSIG
WABB,2023-12-12 22:30,5.59,M,330.00,4.00,WABB 122230Z 33004KT 140V330 9000 SCT018 27/25 Q1009 NOSIG
WABB,2023-12-12 23:00,5.59,M,290.00,5.00,WABB 122300Z 29005KT 110V290 9000 SCT018 27/25 Q1010 NOSIG
WABB,2023-12-12 23:30,5.59,M,260.00,4.00,WABB 122330Z 26004KT 080V260 9000 SCT018 28/26 Q1010 NOSIG
WABB,2023-12-13 00:00,5.59,M,270.00,5.00,WABB 130000Z 27005KT 090V270 9000 SCT018 28/25 Q1010 NOSIG
WABB,2023-12-13 00:30,5.59,M,280.00,5.00,WABB 130030Z 28005KT 080V280 9000 SCT018 28/26 Q1010 NOSIG
WABB,2023-12-13 01:00,6.21,M,260.00,6.00,WABB 130100Z 26006KT 090V260 9999 FEW018 28/26 Q1009 NOSIG
WABB,2023-12-13 01:30,6.21,M,280.00,4.00,WABB 130130Z 28004KT 080V280 9999 FEW018 28/26 Q1009 NOSIG
WABB,2023-12-13 02:00,6.21,M,280.00,3.00,WABB 130200Z 28003KT 280V060 9999 FEW018 29/26 Q1009 NOSIG
WABB,2023-12-13 02:30,6.21,M,240.00,8.00,WABB 130230Z 24008KT 050V240 9999 FEW018 30/26 Q1008 NOSIG
WABB,2023-12-13 03:00,6.21,M,230.00,7.00,WABB 130300Z 23007KT 050V230 9999 FEW018 30/26 Q1008 NOSIG
WABB,2023-12-13 03:30,6.21,M,240.00,6.00,WABB 130330Z 24006KT 050V240 9999 FEW018 30/26 Q1008 NOSIG
WABB,2023-12-13 04:00,6.21,M,240.00,6.00,WABB 130400Z 24006KT 050V240 9999 FEW018CB 30/26 Q1007 NOSIG RMK CB AT N
WABB,2023-12-13 04:30,6.21,M,350.00,3.00,WABB 130430Z 35003KT 270V350 9999 FEW018CB 30/25 Q1007 NOSIG RMK CB AT N
WABB,2023-12-13 05:00,6.21,M,50.00,6.00,WABB 130500Z 05006KT 300V060 9999 FEW018CB 30/25 Q1007 NOSIG RMK CB AT N
WABB,2023-12-13 05:30,6.21,M,10.00,8.00,WABB 130530Z 01008KT 010V250 9999 FEW018CB 29/24 Q1007 NOSIG RMK CB AT N
WABB,2023-12-13 06:00,6.21,M,330.00,6.00,WABB 130600Z 33006KT 140V330 9999 FEW018 30/25 Q1006 NOSIG
WABB,2023-12-13 06:30,6.21,M,330.00,7.00,WABB 130630Z 33007KT 150V330 9999 FEW018 30/25 Q1006 NOSIG
WABB,2023-12-13 07:00,6.21,M,350.00,7.00,WABB 130700Z 35007KT 150V350 9999 FEW018 30/25 Q1006 NOSIG
WABB,2023-12-13 07:30,6.21,M,340.00,7.00,WABB 130730Z 34007KT 160V340 9999 FEW018 30/25 Q1006 NOSIG
WABB,2023-12-13 08:00,6.21,M,340.00,7.00,WABB 130800Z 34007KT 160V340 9999 FEW018 30/25 Q1007 NOSIG
WABB,2023-12-13 08:30,6.21,M,340.00,8.00,WABB 130830Z 34008KT 160V340 9999 FEW018 30/25 Q1007 NOSIG
WABB,2023-12-13 09:00,6.21,M,340.00,5.00,WABB 130900Z 34005KT 160V340 9999 FEW018 29/25 Q1007 NOSIG
WABB,2023-12-13 09:30,6.21,M,330.00,5.00,WABB 130930Z 33005KT 150V330 9999 FEW018 28/26 Q1008 NOSIG
WABB,2023-12-13 10:00,6.21,M,310.00,3.00,WABB 131000Z 31003KT 140V310 9999 FEW018 28/26 Q1008 NOSIG
WABB,2023-12-13 10:30,6.21,M,M,2.00,WABB 131030Z VRB02KT 9999 FEW018 28/26 Q1008 NOSIG
WABB,2023-12-13 11:00,6.21,M,M,2.00,WABB 131100Z VRB02KT 9999 FEW018 28/26 Q1008 NOSIG
WABB,2023-12-13 11:30,6.21,M,M,2.00,WABB 131130Z VRB02KT 9999 FEW018 28/26 Q1009 NOSIG
WABB,2023-12-13 12:00,6.21,M,320.00,3.00,WABB 131200Z 32003KT 140V320 9999 FEW018 27/26 Q1009 NOSIG
WABB,2023-12-13 12:30,6.21,M,300.00,4.00,WABB 131230Z 30004KT 120V300 9999 FEW018 27/26 Q1009 NOSIG
WABB,2023-12-13 13:00,6.21,M,340.00,4.00,WABB 131300Z 34004KT 160V340 9999 FEW018 27/26 Q1009 NOSIG
WABB,2023-12-13 13:30,6.21,M,M,2.00,WABB 131330Z VRB02KT 9999 FEW018 27/26 Q1009 NOSIG
WABB,2023-12-13 14:00,6.21,M,340.00,4.00,WABB 131400Z 34004KT 160V340 9999 FEW018 27/26 Q1009 NOSIG
WABB,2023-12-13 14:30,6.21,M,0.00,0.00,WABB 131430Z 00000KT 9999 FEW018 26/25 Q1009 NOSIG
WABB,2023-12-13 15:00,6.21,M,M,2.00,WABB 131500Z VRB02KT 9999 FEW018 26/25 Q1009 NOSIG
WABB,2023-12-13 15:30,6.21,M,230.00,3.00,WABB 131530Z 23003KT 050V230 9999 FEW018 26/25 Q1009 NOSIG
WABB,2023-12-13 16:00,6.21,M,330.00,4.00,WABB 131600Z 33004KT 150V330 9999 FEW018 26/25 Q1009 NOSIG
WABB,2023-12-13 16:30,6.21,M,M,2.00,WABB 131630Z VRB02KT 9999 FEW018 26/25 Q1008 NOSIG
WABB,2023-12-13 17:00,6.21,M,0.00,0.00,WABB 131700Z 00000KT 9999 FEW018 26/25 Q1008 NOSIG
WABB,2023-12-13 17:30,6.21,M,M,2.00,WABB 131730Z VRB02KT 9999 FEW018 26/25 Q1008 NOSIG
WABB,2023-12-13 18:00,6.21,M,20.00,3.00,WABB 131800Z 02003KT 020V260 9999 FEW018 26/25 Q1008 NOSIG
WABB,2023-12-13 18:30,6.21,M,M,2.00,WABB 131830Z VRB02KT 9999 FEW018 26/25 Q1008 NOSIG
WABB,2023-12-13 19:00,6.21,M,0.00,0.00,WABB 131900Z 00000KT 9999 FEW018 26/25 Q1008 NOSIG
WABB,2023-12-13 19:30,6.21,M,M,2.00,WABB 131930Z VRB02KT 9999 FEW018 26/25 Q1008 NOSIG
WABB,2023-12-13 20:00,6.21,M,340.00,6.00,WABB 132000Z 34006KT 160V340 9999 FEW018 26/25 Q1009 NOSIG
WABB,2023-12-13 20:30,5.59,-RA,320.00,6.00,WABB 132030Z 32006KT 130V320 9000 -RA FEW018 26/25 Q1009 NOSIG
WABB,2023-12-13 21:00,4.97,-RA,320.00,4.00,WABB 132100Z 32004KT 130V320 8000 -RA FEW018 25/25 Q1009 NOSIG
WABB,2023-12-13 21:30,4.97,-RA,30.00,4.00,WABB 132130Z 03004KT 030V240 8000 -RA FEW018 BKN100 26/25 Q1009 NOSIG
WABB,2023-12-13 22:00,5.59,M,M,2.00,WABB 132200Z VRB02KT 9000 FEW018 BKN100 26/25 Q1010 NOSIG
WABB,2023-12-13 22:30,4.97,M,40.00,3.00,WABB 132230Z 04003KT 220V040 8000 SCT018 OVC100 26/25 Q1010 NOSIG
WABB,2023-12-13 23:00,5.59,M,50.00,3.00,WABB 132300Z 05003KT 220V050 9000 SCT018 BKN100 26/25 Q1010 NOSIG
WABB,2023-12-13 23:30,5.59,-RA,110.00,4.00,WABB 132330Z 11004KT 170V110 9000 -RA SCT018 BKN100 27/25 Q1010 NOSIG
WABB,2023-12-14 00:00,5.59,M,M,2.00,WABB 140000Z VRB02KT 9000 SCT018 BKN100 27/26 Q1011 RERA NOSIG
WABB,2023-12-14 00:30,5.59,M,M,2.00,WABB 140030Z VRB02KT 9000 SCT018 BKN100 28/26 Q1010 NOSIG
WABB,2023-12-14 01:00,5.59,M,140.00,2.00,WABB 140100Z 14002KT 9000 SCT018 BKN100 28/26 Q1010 NOSIG
WABB,2023-12-14 01:30,5.59,M,M,2.00,WABB 140130Z VRB02KT 9000 SCT018 BKN100 29/26 Q1010 NOSIG
WABB,2023-12-14 02:00,6.21,M,210.00,3.00,WABB 140200Z 21003KT 010V210 9999 SCT018 OVC100 29/26 Q1010 NOSIG
WABB,2023-12-14 02:30,6.21,M,M,2.00,WABB 140230Z VRB02KT 9999 SCT018 SCT100 29/26 Q1010 NOSIG
WABB,2023-12-14 03:00,6.21,M,260.00,4.00,WABB 140300Z 26004KT 260V050 9999 SCT018 SCT100 29/26 Q1009 NOSIG
WABB,2023-12-14 03:30,6.21,M,M,2.00,WABB 140330Z VRB02KT 9999 SCT018 SCT100 29/26 Q1009 NOSIG
WABB,2023-12-14 04:00,6.21,M,240.00,6.00,WABB 140400Z 24006KT 060V240 9999 SCT018 SCT100 29/26 Q1008 NOSIG
WABB,2023-12-14 04:30,6.21,M,250.00,3.00,WABB 140430Z 25003KT 060V250 9999 SCT018 30/26 Q1008 NOSIG
WABB,2023-12-14 05:00,6.21,M,250.00,9.00,WABB 140500Z 25009KT 060V250 9999 SCT018 30/26 Q1008 NOSIG
WABB,2023-12-14 05:30,6.21,M,230.00,5.00,WABB 140530Z 23005KT 060V230 9999 SCT018 29/26 Q1007 NOSIG
WABB,2023-12-14 06:00,6.21,M,290.00,3.00,WABB 140600Z 29003KT 130V290 9999 SCT018 29/26 Q1007 NOSIG
WABB,2023-12-14 06:30,6.21,M,340.00,5.00,WABB 140630Z 34005KT 150V340 9999 BKN018 28/25 Q1007 NOSIG
WABB,2023-12-14 07:00,6.21,M,320.00,6.00,WABB 140700Z 32006KT 150V320 9999 SCT018 BKN100 28/24 Q1007 NOSIG
WABB,2023-12-14 07:30,6.21,M,M,2.00,WABB 140730Z VRB02KT 9999 SCT018 28/24 Q1007 NOSIG
WABB,2023-12-14 08:00,6.21,M,270.00,5.00,WABB 140800Z 27005KT 110V270 9999 SCT018 28/25 Q1007 NOSIG
WABB,2023-12-14 08:30,6.21,M,270.00,5.00,WABB 140830Z 27005KT 100V270 9999 SCT018 28/25 Q1007 NOSIG
WABB,2023-12-14 09:00,6.21,M,340.00,4.00,WABB 140900Z 34004KT 160V340 9999 SCT018 27/25 Q1007 NOSIG
WABB,2023-12-14 09:30,6.21,M,330.00,3.00,WABB 140930Z 33003KT 160V330 9999 SCT018 27/25 Q1007 NOSIG
WABB,2023-12-14 10:00,6.21,M,M,2.00,WABB 141000Z VRB02KT 9999 FEW018 27/25 Q1007 NOSIG
WABB,2023-12-14 10:30,6.21,M,M,2.00,WABB 141030Z VRB02KT 9999 FEW018 26/25 Q1008 NOSIG
WABB,2023-12-14 11:00,6.21,M,M,2.00,WABB 141100Z VRB02KT 9999 FEW018 26/25 Q1008 NOSIG
WABB,2023-12-14 11:30,6.21,M,310.00,3.00,WABB 141130Z 31003KT 130V310 9999 FEW018 26/25 Q1008 NOSIG
WABB,2023-12-14 12:00,6.21,M,300.00,4.00,WABB 141200Z 30004KT 130V300 9999 FEW018 26/25 Q1009 NOSIG
WABB,2023-12-14 12:30,6.21,M,320.00,4.00,WABB 141230Z 32004KT 140V320 9999 FEW018 26/25 Q1009 NOSIG
WABB,2023-12-14 13:00,6.21,M,330.00,3.00,WABB 141300Z 33003KT 140V330 9999 FEW018 26/25 Q1009 NOSIG
WABB,2023-12-14 13:30,6.21,M,M,2.00,WABB 141330Z VRB02KT 9999 FEW018 26/25 Q1009 NOSIG
WABB,2023-12-14 14:00,6.21,M,M,2.00,WABB 141400Z VRB02KT 9999 FEW018 26/25 Q1009 NOSIG
WABB,2023-12-14 14:30,6.21,M,0.00,0.00,WABB 141430Z 00000KT 9999 FEW018 26/25 Q1008 NOSIG
WABB,2023-12-14 15:00,6.21,M,M,2.00,WABB 141500Z VRB02KT 9999 FEW018 25/25 Q1008 NOSIG
WABB,2023-12-14 15:30,6.21,M,M,2.00,WABB 141530Z VRB02KT 9999 FEW018 25/25 Q1008 NOSIG
WABB,2023-12-14 16:00,6.21,M,340.00,3.00,WABB 141600Z 34003KT 160V340 9999 FEW018 25/25 Q1008 NOSIG
WABB,2023-12-14 16:30,6.21,M,300.00,3.00,WABB 141630Z 30003KT 130V300 9999 FEW018 25/25 Q1007 NOSIG
WABB,2023-12-14 17:00,6.21,M,340.00,4.00,WABB 141700Z 34004KT 160V340 9999 FEW018 26/25 Q1007 NOSIG
WABB,2023-12-14 17:30,6.21,M,300.00,3.00,WABB 141730Z 30003KT 140V300 9999 FEW018 26/25 Q1007 NOSIG
WABB,2023-12-14 18:30,6.21,M,320.00,4.00,WABB 141830Z 32004KT 140V320 9999 FEW018 26/25 Q1007 NOSIG
WABB,2023-12-14 19:00,6.21,M,320.00,4.00,WABB 141900Z 32004KT 140V320 9999 FEW018 26/25 Q1007 NOSIG
WABB,2023-12-14 19:30,6.21,M,320.00,4.00,WABB 141930Z 32004KT 140V320 9999 FEW018 26/25 Q1007 NOSIG
WABB,2023-12-14 20:00,6.21,M,320.00,5.00,WABB 142000Z 32005KT 130V320 9999 FEW018 26/25 Q1008 NOSIG
WABB,2023-12-14 20:30,6.21,M,320.00,3.00,WABB 142030Z 32003KT 140V320 9999 FEW018 26/25 Q1008 NOSIG
WABB,2023-12-14 21:00,6.21,M,320.00,3.00,WABB 142100Z 32003KT 140V320 9999 FEW018 26/25 Q1008 NOSIG
WABB,2023-12-14 21:30,6.21,M,320.00,4.00,WABB 142130Z 32004KT 130V320 9999 FEW018 26/25 Q1008 NOSIG
WABB,2023-12-14 22:00,6.21,M,300.00,4.00,WABB 142200Z 30004KT 140V300 9999 FEW018 27/26 Q1009 NOSIG
WABB,2023-12-14 22:30,6.21,M,310.00,3.00,WABB 142230Z 31003KT 120V310 9999 FEW018 28/26 Q1009 NOSIG
WABB,2023-12-14 23:00,6.21,M,300.00,9.00,WABB 142300Z 30009KT 110V300 9999 FEW018 29/26 Q1009 NOSIG
WABB,2023-12-14 23:30,6.21,M,260.00,6.00,WABB 142330Z 26006KT 080V260 9999 FEW018 30/26 Q1009 NOSIG
WABB,2023-12-15 00:00,6.21,M,260.00,6.00,WABB 150000Z 26006KT 080V260 9999 FEW018 30/26 Q1009 NOSIG
WABB,2023-12-15 00:30,6.21,M,250.00,6.00,WABB 150030Z 25006KT 080V250 9999 FEW018 31/26 Q1009 NOSIG
WABB,2023-12-15 01:00,5.59,M,250.00,5.00,WABB 150100Z 25005KT 080V250 9000 FEW018 30/26 Q1009 NOSIG
WABB,2023-12-15 01:30,5.59,M,260.00,8.00,WABB 150130Z 26008KT 070V260 9000 FEW018 31/26 Q1008 NOSIG
WABB,2023-12-15 02:00,5.59,M,250.00,9.00,WABB 150200Z 25009KT 070V250 9000 FEW018 31/26 Q1008 NOSIG
WABB,2023-12-15 02:30,5.59,M,250.00,11.00,WABB 150230Z 25011KT 060V250 9000 FEW018 31/27 Q1008 NOSIG
WABB,2023-12-15 03:00,5.59,-RA,260.00,6.00,WABB 150300Z 26006KT 080V260 9000 -RA FEW018 31/26 Q1008 NOSIG
WABB,2023-12-15 03:30,3.11,RA,300.00,17.00,WABB 150330Z 30017KT 110V300 5000 RA FEW014CB BKN018 27/26 Q1008 NOSIG RMK CB OVER THE FIELD
WABB,2023-12-15 04:00,6.21,M,290.00,6.00,WABB 150400Z 29006KT 140V290 9999 FEW014CB SCT018 30/26 Q1007 RERA NOSIG RMK CB AT E
WABB,2023-12-15 04:30,6.21,M,250.00,6.00,WABB 150430Z 25006KT 060V250 9999 FEW014CB SCT018 30/26 Q1007 NOSIG RMK CB AT E
WABB,2023-12-15 05:00,6.21,M,310.00,9.00,WABB 150500Z 31009KT 130V310 9999 FEW014CB SCT018 30/26 Q1006 NOSIG RMK CB AT E
WABB,2023-12-15 05:30,6.21,M,260.00,16.00,WABB 150530Z 26016KT 080V260 9999 FEW014CB SCT018 30/26 Q1006 NOSIG RMK CB AT E
WABB,2023-12-15 06:00,6.21,M,280.00,8.00,WABB 150600Z 28008KT 080V280 9999 FEW014CB SCT018 30/26 Q1006 NOSIG RMK CB AT E
WABB,2023-12-15 06:30,6.21,M,280.00,12.00,WABB 150630Z 28012KT 100V280 9999 FEW014CB SCT018 30/26 Q1006 NOSIG RMK CB AT E
WABB,2023-12-15 07:00,6.21,M,270.00,8.00,WABB 150700Z 27008KT 080V270 9999 FEW014CB SCT018 30/26 Q1006 NOSIG RMK CB AT E
WABB,2023-12-15 07:30,6.21,M,270.00,8.00,WABB 150730Z 27008KT 080V270 9999 FEW014CB SCT018 30/26 Q1006 NOSIG RMK CB AT E
WABB,2023-12-15 09:00,6.21,M,290.00,10.00,WABB 150900Z 29010KT 100V290 9999 SCT018 29/25 Q1006 NOSIG
WABB,2023-12-15 10:00,6.21,M,290.00,4.00,WABB 151000Z 29004KT 110V290 9999 SCT018 28/26 Q1007 NOSIG
WABB,2023-12-15 10:30,6.21,M,300.00,3.00,WABB 151030Z 30003KT 120V300 9999 SCT018 27/26 Q1008 NOSIG
WABB,2023-12-15 11:00,6.21,M,M,2.00,WABB 151100Z VRB02KT 9999 FEW018 27/26 Q1008 NOSIG
WABB,2023-12-15 11:30,6.21,M,10.00,3.00,WABB 151130Z 01003KT 010V260 9999 FEW018 27/26 Q1009 NOSIG
WABB,2023-12-15 12:00,6.21,M,M,2.00,WABB 151200Z VRB02KT 9999 FEW018 27/26 Q1009 NOSIG
WABB,2023-12-15 12:30,6.21,M,320.00,3.00,WABB 151230Z 32003KT 140V320 9999 FEW018 27/26 Q1009 NOSIG
WABB,2023-12-15 13:00,6.21,M,M,2.00,WABB 151300Z VRB02KT 9999 FEW018 27/25 Q1009 NOSIG
WABB,2023-12-15 13:30,6.21,M,320.00,4.00,WABB 151330Z 32004KT 140V320 9999 FEW018 27/25 Q1009 NOSIG
WABB,2023-12-15 14:00,6.21,M,M,2.00,WABB 151400Z VRB02KT 9999 FEW018 27/25 Q1009 NOSIG
WABB,2023-12-15 14:30,6.21,M,310.00,4.00,WABB 151430Z 31004KT 140V310 9999 FEW018 27/25 Q1008 NOSIG
WABB,2023-12-15 15:00,6.21,M,0.00,0.00,WABB 151500Z 00000KT 9999 SCT018 27/25 Q1008 NOSIG
WABB,2023-12-15 15:30,6.21,M,0.00,0.00,WABB 151530Z 00000KT 9999 SCT018 27/25 Q1008 NOSIG
WABB,2023-12-15 16:00,6.21,M,50.00,3.00,WABB 151600Z 05003KT 210V050 9999 SCT018 26/25 Q1008 NOSIG
WABB,2023-12-15 16:30,6.21,M,M,2.00,WABB 151630Z VRB02KT 9999 SCT018 26/25 Q1008 NOSIG
WABB,2023-12-15 17:00,6.21,M,360.00,3.00,WABB 151700Z 36003KT 180V360 9999 SCT018 26/25 Q1007 NOSIG
WABB,2023-12-15 17:30,6.21,M,20.00,3.00,WABB 151730Z 02003KT 020V240 9999 SCT018 26/25 Q1007 NOSIG
WABB,2023-12-15 18:00,6.21,M,M,2.00,WABB 151800Z VRB02KT 9999 SCT018 25/25 Q1007 NOSIG
WABB,2023-12-15 18:30,6.21,M,M,2.00,WABB 151830Z VRB02KT 9999 SCT018 25/25 Q1007 NOSIG
WABB,2023-12-15 19:00,6.21,M,M,2.00,WABB 151900Z VRB02KT 9999 SCT018 25/25 Q1007 NOSIG
WABB,2023-12-15 19:30,6.21,M,M,2.00,WABB 151930Z VRB02KT 9999 SCT018 26/25 Q1007 NOSIG
WABB,2023-12-15 20:00,6.21,M,M,2.00,WABB 152000Z VRB02KT 9999 SCT018 26/25 Q1007 NOSIG
WABB,2023-12-15 20:30,6.21,M,0.00,0.00,WABB 152030Z 00000KT 9999 SCT018 25/25 Q1007 NOSIG
WABB,2023-12-15 21:00,6.21,M,40.00,3.00,WABB 152100Z 04003KT 230V040 9999 SCT018 25/25 Q1007 NOSIG
WABB,2023-12-15 21:30,6.21,M,0.00,0.00,WABB 152130Z 00000KT 9999 SCT018 26/26 Q1008 NOSIG
WABB,2023-12-15 22:00,6.21,M,M,2.00,WABB 152200Z VRB02KT 9999 SCT018 27/26 Q1008 NOSIG
WABB,2023-12-15 22:30,6.21,M,300.00,4.00,WABB 152230Z 30004KT 110V300 9999 SCT018 29/26 Q1008 NOSIG
WABB,2023-12-15 23:00,6.21,M,240.00,5.00,WABB 152300Z 24005KT 050V240 9999 FEW018 29/26 Q1008 NOSIG
WABB,2023-12-15 23:30,6.21,M,260.00,4.00,WABB 152330Z 26004KT 090V260 9999 FEW018 30/26 Q1008 NOSIG
WABB,2023-12-16 00:00,6.21,M,270.00,6.00,WABB 160000Z 27006KT 080V270 9999 FEW018 30/26 Q1008 NOSIG
WABB,2023-12-16 00:30,6.21,M,210.00,5.00,WABB 160030Z 21005KT 050V210 9999 FEW018 30/26 Q1009 NOSIG
WABB,2023-12-16 01:00,6.21,M,250.00,7.00,WABB 160100Z 25007KT 060V250 9999 FEW018 30/26 Q1008 NOSIG
WABB,2023-12-16 01:30,6.21,M,240.00,3.00,WABB 160130Z 24003KT 050V240 9999 SCT018 31/27 Q1008 NOSIG
WABB,2023-12-16 02:00,6.21,M,220.00,3.00,WABB 160200Z 22003KT 040V220 9999 SCT018 31/27 Q1008 NOSIG
WABB,2023-12-16 02:30,6.21,M,M,2.00,WABB 160230Z VRB02KT 9999 SCT018 32/27 Q1008 NOSIG
WABB,2023-12-16 03:00,6.21,M,260.00,6.00,WABB 160300Z 26006KT 060V260 9999 SCT018 32/25 Q1008 NOSIG
WABB,2023-12-16 03:30,6.21,M,270.00,6.00,WABB 160330Z 27006KT 080V270 9999 SCT018 31/26 Q1007 NOSIG
WABB,2023-12-16 04:00,6.21,M,250.00,8.00,WABB 160400Z 25008KT 080V250 9999 SCT018 31/27 Q1007 NOSIG
WABB,2023-12-16 04:30,6.21,M,250.00,5.00,WABB 160430Z 25005KT 080V250 9999 SCT018 32/26 Q1006 NOSIG
WABB,2023-12-16 05:00,6.21,M,260.00,9.00,WABB 160500Z 26009KT 080V260 9999 SCT018 31/26 Q1006 NOSIG
WABB,2023-12-16 05:30,6.21,M,260.00,6.00,WABB 160530Z 26006KT 090V260 9999 SCT018 31/26 Q1006 NOSIG
WABB,2023-12-16 06:00,6.21,M,260.00,5.00,WABB 160600Z 26005KT 080V260 9999 FEW018 31/26 Q1006 NOSIG
WABB,2023-12-16 06:30,6.21,M,280.00,5.00,WABB 160630Z 28005KT 280V070 9999 FEW018 31/26 Q1005 NOSIG
WABB,2023-12-16 07:00,6.21,M,260.00,5.00,WABB 160700Z 26005KT 060V260 9999 FEW018 31/26 Q1005 NOSIG
WABB,2023-12-16 07:30,6.21,M,250.00,7.00,WABB 160730Z 25007KT 080V250 9999 FEW018 31/26 Q1005 NOSIG
WABB,2023-12-16 08:00,6.21,M,250.00,8.00,WABB 160800Z 25008KT 070V250 9999 FEW018 31/26 Q1006 NOSIG
WABB,2023-12-16 08:30,6.21,M,260.00,4.00,WABB 160830Z 26004KT 070V260 9999 FEW018 30/26 Q1006 NOSIG
WABB,2023-12-16 09:00,6.21,M,280.00,4.00,WABB 160900Z 28004KT 100V280 9999 FEW018 30/26 Q1006 NOSIG
WABB,2023-12-16 09:30,6.21,M,350.00,4.00,WABB 160930Z 35004KT 180V350 9999 FEW018 29/26 Q1007 NOSIG
WABB,2023-12-16 10:00,6.21,M,M,2.00,WABB 161000Z VRB02KT 9999 FEW018 29/26 Q1007 NOSIG
WABB,2023-12-16 10:30,6.21,M,M,2.00,WABB 161030Z VRB02KT 9999 FEW018 28/26 Q1007 NOSIG
WABB,2023-12-16 11:00,6.21,M,M,2.00,WABB 161100Z VRB02KT 9999 FEW018 28/26 Q1008 NOSIG
WABB,2023-12-16 11:30,6.21,M,340.00,3.00,WABB 161130Z 34003KT 160V340 9999 FEW018 28/26 Q1008 NOSIG
WABB,2023-12-16 12:00,6.21,M,310.00,3.00,WABB 161200Z 31003KT 130V310 9999 FEW018 28/26 Q1009 NOSIG
WABB,2023-12-16 12:30,6.21,M,340.00,3.00,WABB 161230Z 34003KT 150V340 9999 FEW018 28/26 Q1009 NOSIG
WABB,2023-12-16 13:00,6.21,M,M,2.00,WABB 161300Z VRB02KT 9999 FEW018 28/26 Q1009 NOSIG
WABB,2023-12-16 13:30,6.21,M,0.00,0.00,WABB 161330Z 00000KT 9999 FEW018 27/25 Q1008 NOSIG
WABB,2023-12-16 14:00,6.21,M,M,2.00,WABB 161400Z VRB02KT 9999 FEW018 27/25 Q1008 NOSIG
WABB,2023-12-16 14:30,6.21,M,M,2.00,WABB 161430Z VRB02KT 9999 FEW018 26/25 Q1009 NOSIG
WABB,2023-12-16 15:00,6.21,M,0.00,0.00,WABB 161500Z 00000KT 9999 FEW018 26/25 Q1009 NOSIG
WABB,2023-12-16 15:30,6.21,M,M,2.00,WABB 161530Z VRB02KT 9999 FEW018 26/25 Q1008 NOSIG
WABB,2023-12-16 16:00,6.21,M,M,2.00,WABB 161600Z VRB02KT 9999 FEW018 26/25 Q1008 NOSIG
WABB,2023-12-16 16:30,6.21,M,310.00,3.00,WABB 161630Z 31003KT 130V310 9999 FEW018 26/25 Q1008 NOSIG
WABB,2023-12-16 17:00,6.21,M,290.00,5.00,WABB 161700Z 29005KT 120V290 9999 FEW018 27/25 Q1008 NOSIG
WABB,2023-12-16 17:30,6.21,M,230.00,7.00,WABB 161730Z 23007KT 040V230 9999 FEW018 27/25 Q1008 NOSIG
WABB,2023-12-16 18:00,6.21,M,230.00,7.00,WABB 161800Z 23007KT 060V230 9999 FEW018 27/25 Q1008 NOSIG
WABB,2023-12-16 18:30,6.21,M,270.00,11.00,WABB 161830Z 27011KT 080V270 9999 FEW018 27/25 Q1008 NOSIG
WABB,2023-12-16 19:00,6.21,M,270.00,10.00,WABB 161900Z 27010KT 080V270 9999 FEW018 27/25 Q1008 NOSIG
WABB,2023-12-16 19:30,6.21,M,270.00,6.00,WABB 161930Z 27006KT 090V270 9999 FEW018 26/24 Q1008 NOSIG
WABB,2023-12-16 20:00,6.21,M,M,2.00,WABB 162000Z VRB02KT 9999 FEW018 25/24 Q1008 NOSIG
WABB,2023-12-16 20:30,6.21,M,300.00,4.00,WABB 162030Z 30004KT 110V300 9999 FEW018 25/24 Q1008 NOSIG
WABB,2023-12-16 21:00,6.21,M,M,2.00,WABB 162100Z VRB02KT 9999 FEW018 25/24 Q1009 NOSIG
WABB,2023-12-16 21:30,6.21,M,360.00,3.00,WABB 162130Z 36003KT 170V360 9999 FEW018 26/25 Q1009 NOSIG
WABB,2023-12-16 22:00,6.21,M,300.00,3.00,WABB 162200Z 30003KT 130V300 9999 FEW018 26/25 Q1010 NOSIG
WABB,2023-12-16 22:30,6.21,M,310.00,4.00,WABB 162230Z 31004KT 130V310 9999 FEW018 27/25 Q1010 NOSIG
WABB,2023-12-16 23:00,6.21,M,280.00,4.00,WABB 162300Z 28004KT 100V280 9999 FEW018 28/25 Q1010 NOSIG
WABB,2023-12-16 23:30,6.21,M,310.00,5.00,WABB 162330Z 31005KT 120V310 9999 FEW018 28/26 Q1010 NOSIG
WABB,2023-12-17 00:00,6.21,M,270.00,5.00,WABB 170000Z 27005KT 090V270 9999 FEW018 29/26 Q1010 NOSIG
WABB,2023-12-17 00:30,6.21,M,240.00,4.00,WABB 170030Z 24004KT 060V240 9999 FEW018 29/26 Q1010 NOSIG
WABB,2023-12-17 01:00,6.21,M,270.00,5.00,WABB 170100Z 27005KT 080V270 9999 FEW018 29/26 Q1010 NOSIG
WABB,2023-12-17 01:30,6.21,M,270.00,8.00,WABB 170130Z 27008KT 080V270 9999 FEW018 30/26 Q1009 NOSIG
WABB,2023-12-17 02:00,6.21,M,280.00,8.00,WABB 170200Z 28008KT 090V280 9999 FEW018 30/26 Q1009 NOSIG
WABB,2023-12-17 02:30,6.21,M,250.00,8.00,WABB 170230Z 25008KT 070V250 9999 FEW018 31/26 Q1009 NOSIG
WABB,2023-12-17 03:00,6.21,M,250.00,6.00,WABB 170300Z 25006KT 070V250 9999 FEW018 31/26 Q1008 NOSIG
WABB,2023-12-17 03:30,6.21,M,250.00,6.00,WABB 170330Z 25006KT 080V250 9999 FEW018 30/25 Q1008 NOSIG
WABB,2023-12-17 04:00,6.21,M,270.00,8.00,WABB 170400Z 27008KT 090V270 9999 FEW018 31/26 Q1007 NOSIG
WABB,2023-12-17 04:30,6.21,M,280.00,11.00,WABB 170430Z 28011KT 090V280 9999 FEW018 30/26 Q1007 NOSIG
WABB,2023-12-17 05:00,6.21,M,260.00,6.00,WABB 170500Z 26006KT 080V260 9999 FEW018 31/26 Q1006 NOSIG
WABB,2023-12-17 05:30,6.21,M,270.00,8.00,WABB 170530Z 27008KT 090V270 9999 FEW018 31/26 Q1006 NOSIG
WABB,2023-12-17 06:00,6.21,M,250.00,8.00,WABB 170600Z 25008KT 080V250 9999 FEW018 30/25 Q1006 NOSIG
WABB,2023-12-17 06:30,6.21,M,250.00,5.00,WABB 170630Z 25005KT 080V250 9999 FEW018 30/25 Q1006 NOSIG
WABB,2023-12-17 07:00,6.21,M,270.00,8.00,WABB 170700Z 27008KT 080V270 9999 FEW018 31/25 Q1006 NOSIG
WABB,2023-12-17 07:30,6.21,M,280.00,5.00,WABB 170730Z 28005KT 090V280 9999 FEW018 31/24 Q1006 NOSIG
WABB,2023-12-17 08:00,6.21,M,290.00,6.00,WABB 170800Z 29006KT 110V290 9999 FEW018 31/24 Q1007 NOSIG
WABB,2023-12-17 08:30,6.21,M,290.00,8.00,WABB 170830Z 29008KT 110V290 9999 FEW018 30/25 Q1007 NOSIG
WABB,2023-12-17 09:00,6.21,M,30.00,4.00,WABB 170900Z 03004KT 220V030 9999 FEW018 29/26 Q1007 NOSIG
WABB,2023-12-17 09:30,6.21,M,20.00,5.00,WABB 170930Z 02005KT 020V250 9999 FEW018 28/26 Q1007 NOSIG
WABB,2023-12-17 10:00,6.21,M,30.00,4.00,WABB 171000Z 03004KT 030V240 9999 FEW018 28/26 Q1008 NOSIG
WABB,2023-12-17 10:30,6.21,M,M,2.00,WABB 171030Z VRB02KT 9999 FEW018 28/26 Q1008 NOSIG
WABB,2023-12-17 11:00,6.21,M,M,2.00,WABB 171100Z VRB02KT 9999 FEW018 28/25 Q1009 NOSIG
WABB,2023-12-17 11:30,6.21,M,360.00,3.00,WABB 171130Z 36003KT 260V360 9999 FEW018 28/25 Q1009 NOSIG
WABB,2023-12-17 12:00,6.21,M,M,2.00,WABB 171200Z VRB02KT 9999 FEW018 27/25 Q1009 NOSIG
WABB,2023-12-17 12:30,6.21,M,280.00,3.00,WABB 171230Z 28003KT 110V280 9999 FEW018 27/25 Q1010 NOSIG
WABB,2023-12-17 13:00,6.21,M,310.00,5.00,WABB 171300Z 31005KT 130V310 9999 FEW018 27/25 Q1010 NOSIG
WABB,2023-12-17 13:30,6.21,M,330.00,4.00,WABB 171330Z 33004KT 140V330 9999 FEW018 27/25 Q1009 NOSIG
WABB,2023-12-17 14:00,6.21,M,280.00,3.00,WABB 171400Z 28003KT 100V280 9999 FEW018 27/25 Q1009 NOSIG
WABB,2023-12-17 14:30,6.21,M,320.00,3.00,WABB 171430Z 32003KT 140V320 9999 FEW018 26/25 Q1009 NOSIG
WABB,2023-12-17 15:00,6.21,M,0.00,0.00,WABB 171500Z 00000KT 9999 FEW018 27/25 Q1009 NOSIG
WABB,2023-12-17 15:30,6.21,M,M,2.00,WABB 171530Z VRB02KT 9999 FEW018 27/25 Q1009 NOSIG
WABB,2023-12-17 16:00,6.21,M,290.00,3.00,WABB 171600Z 29003KT 120V290 9999 FEW018 27/26 Q1009 NOSIG
WABB,2023-12-17 16:30,6.21,M,300.00,3.00,WABB 171630Z 30003KT 130V300 9999 FEW018 27/25 Q1008 NOSIG
WABB,2023-12-17 17:00,6.21,M,330.00,3.00,WABB 171700Z 33003KT 150V330 9999 FEW018 26/25 Q1008 NOSIG
WABB,2023-12-17 17:30,6.21,M,300.00,3.00,WABB 171730Z 30003KT 120V300 9999 FEW017CB SCT018 26/25 Q1008 NOSIG RMK CB AT W
WABB,2023-12-17 18:00,6.21,M,310.00,4.00,WABB 171800Z 31004KT 120V310 9999 FEW017CB SCT018 26/25 Q1008 NOSIG RMK CB AT W
WABB,2023-12-17 18:30,6.21,M,M,2.00,WABB 171830Z VRB02KT 9999 FEW017CB SCT018 26/25 Q1008 NOSIG RMK CB AT W
WABB,2023-12-17 19:00,6.21,M,0.00,0.00,WABB 171900Z 00000KT 9999 FEW017CB SCT018 26/25 Q1008 NOSIG RMK CB AT W
WABB,2023-12-17 19:30,6.21,M,310.00,3.00,WABB 171930Z 31003KT 140V310 9999 FEW017CB SCT018 26/25 Q1008 NOSIG RMK CB AT W
WABB,2023-12-17 20:00,6.21,M,0.00,0.00,WABB 172000Z 00000KT 9999 FEW017CB SCT018 26/25 Q1008 NOSIG RMK CB AT W METAR WIDD 172000Z 02004KT 9999 FEW014 26/24 Q1010 NOSIG
WABB,2023-12-17 20:30,6.21,M,0.00,0.00,WABB 172030Z 00000KT 9999 SCT018 26/25 Q1009 NOSIG
WABB,2023-12-17 21:00,6.21,M,20.00,3.00,WABB 172100Z 02003KT 020V250 9999 SCT018 26/25 Q1010 NOSIG
WABB,2023-12-17 21:30,6.21,M,0.00,0.00,WABB 172130Z 00000KT 9999 SCT018 26/26 Q1010 NOSIG
WABB,2023-12-17 22:00,6.21,M,M,2.00,WABB 172200Z VRB02KT 9999 SCT018 27/26 Q1010 NOSIG
WABB,2023-12-17 22:30,5.59,M,20.00,6.00,WABB 172230Z 02006KT 020V250 9000 SCT018 27/25 Q1011 NOSIG
WABB,2023-12-17 23:00,5.59,M,30.00,6.00,WABB 172300Z 03006KT 030V240 9000 SCT018 27/25 Q1011 NOSIG
WABB,2023-12-17 23:30,5.59,M,50.00,6.00,WABB 172330Z 05006KT 230V050 9000 SCT018 28/26 Q1011 NOSIG
WABB,2023-12-18 00:00,6.21,M,360.00,7.00,WABB 180000Z 36007KT 170V360 9999 SCT018 30/26 Q1011 NOSIG
WABB,2023-12-18 00:30,6.21,M,320.00,7.00,WABB 180030Z 32007KT 130V320 9999 SCT018 30/26 Q1011 NOSIG
WABB,2023-12-18 01:00,6.21,M,290.00,5.00,WABB 180100Z 29005KT 140V290 9999 SCT018 31/26 Q1010 NOSIG
WABB,2023-12-18 02:00,6.21,M,220.00,5.00,WABB 180200Z 22005KT 020V220 9999 SCT018 30/26 Q1009 NOSIG
WABB,2023-12-18 02:30,5.59,M,210.00,3.00,WABB 180230Z 21003KT 100V210 9000 SCT018 31/27 Q1009 NOSIG
WABB,2023-12-18 03:00,5.59,M,180.00,3.00,WABB 180300Z 18003KT 090V180 9000 SCT018 30/26 Q1009 NOSIG
WABB,2023-12-18 03:30,4.97,VCSH,210.00,3.00,WABB 180330Z 21003KT 010V210 8000 VCSH SCT018 BKN100 30/26 Q1008 NOSIG
WABB,2023-12-18 04:00,2.49,-TSRA,20.00,6.00,WABB 180400Z 02006KT 020V250 4000 -TSRA FEW018CB SCT018 OVC100 26/25 Q1008 TEMPO FR0400 TL0500 RA RMK CB AT N
WABB,2023-12-18 04:30,3.73,-TSRA,40.00,7.00,WABB 180430Z 04007KT 230V040 6000 -TSRA FEW018CB SCT018 OVC100 26/25 Q1008 TEMPO FR0400 TL0500 RA RMK CB AT N
WABB,2023-12-18 05:00,3.11,-TSRA,60.00,5.00,WABB 180500Z 06005KT 200V060 5000 -TSRA FEW018CB SCT018 OVC100 26/25 Q1007 TEMPO FR0400 TL0500 RA RMK CB AT N METAR WIDD 180500Z 04011KT 9999 SCT014 31/24 Q1012 NOSIG
WABB,2023-12-18 06:00,5.59,M,50.00,5.00,WABB 180600Z 05005KT 220V050 9000 FEW018CB SCT018 OVC100 26/25 Q1007 RERA RMK CB AT N
WABB,2023-12-18 06:30,5.59,M,30.00,5.00,WABB 180630Z 03005KT 030V240 9000 FEW018CB SCT018 OVC100 27/25 Q1007 RMK CB AT N METAR WIHH 180630Z 25004KT 6000 SCT020 35/22 Q1007 NOSIG
WABB,2023-12-18 07:00,4.97,-RA,330.00,5.00,WABB 180700Z 33005KT 150V330 8000 -RA FEW018CB SCT018 BKN100 27/25 Q1007 RMK CB AT N
WABB,2023-12-18 07:30,4.97,-RA,40.00,5.00,WABB 180730Z 04005KT 230V040 8000 -RA FEW018CB SCT018 BKN100 26/26 Q1008 RMK CB AT N METAR WIII 180730Z 34010KT 9999 FEW020 34/24 Q1007 NOSIG
WABB,2023-12-18 08:00,5.59,-RA,10.00,7.00,WABB 180800Z 01007KT 010V270 9000 -RA FEW018CB SCT018 BKN100 27/26 Q1008 RMK CB AT N METAR WIDD 180800Z 05014KT 9999 FEW014 31/24 Q1009 NOSIG
WABB,2023-12-18 08:30,6.21,M,20.00,7.00,WABB 180830Z 02007KT 020V260 9999 FEW018CB SCT018 27/25 Q1008 RMK CB AT N METAR WIHH 180830Z 34006KT 6000 SCT020 35/23 Q1006 NOSIG METAR WADD 180830Z VRB04KT 9999 FEW018 30/19 Q1008 NOSIG
WABB,2023-12-18 09:00,6.21,M,30.00,5.00,WABB 180900Z 03005KT 030V250 9999 FEWCB SCT018 26/25 Q1008 RMK CB AT N METAR WIDD 180900Z 04011KT 9999 FEW014 30/25 Q1010 NOSIG
WABB,2023-12-18 09:30,6.21,M,350.00,5.00,WABB 180930Z 35005KT 270V350 9999 FEW018CB SCT018 26/24 Q1008 RMK CB AT N METAR WIDD 180930Z 04009KT 9999 FEW014 30/24 Q1010 NOSIG
WABB,2023-12-18 10:00,6.21,M,340.00,3.00,WABB 181000Z 34003KT 160V340 9999 SCT018 26/24 Q1009
WABB,2023-12-18 10:30,6.21,M,330.00,4.00,WABB 181030Z 33004KT 150V330 9999 FEW018 26/24 Q1009
WABB,2023-12-18 11:00,6.21,M,340.00,4.00,WABB 181100Z 34004KT 150V340 9999 FEW018 27/25 Q1010
WABB,2023-12-18 11:30,6.21,M,M,2.00,WABB 181130Z VRB02KT 9999 FEW018 26/24 Q1010
WABB,2023-12-18 12:00,6.21,M,M,2.00,WABB 181200Z VRB02KT 9999 FEW018 27/24 Q1010
WABB,2023-12-18 12:30,6.21,M,350.00,3.00,WABB 181230Z 35003KT 160V350 9999 FEW018 26/24 Q1010
WABB,2023-12-18 13:00,6.21,M,340.00,3.00,WABB 181300Z 34003KT 160V340 9999 FEW018 27/24 Q1010
WABB,2023-12-18 13:30,6.21,M,M,2.00,WABB 181330Z VRB02KT 9999 FEW018 26/24 Q1010
WABB,2023-12-18 14:00,6.21,M,M,2.00,WABB 181400Z VRB02KT 9999 FEW018 26/24 Q1009
WABB,2023-12-18 14:30,6.21,M,0.00,0.00,WABB 181430Z 00000KT 9999 FEW018 26/24 Q1009
WABB,2023-12-18 15:00,6.21,M,0.00,0.00,WABB 181500Z 00000KT 9999 FEW018 25/24 Q1009
WABB,2023-12-18 15:30,6.21,M,0.00,0.00,WABB 181530Z 00000KT 9999 FEW018 25/25 Q1009
WABB,2023-12-18 16:00,6.21,M,M,2.00,WABB 181600Z VRB02KT 9999 FEW018 25/25 Q1009
WABB,2023-12-18 16:30,6.21,M,M,2.00,WABB 181630Z VRB02KT 9999 FEW018 26/25 Q1009
WABB,2023-12-18 17:00,6.21,M,10.00,3.00,WABB 181700Z 01003KT 010V260 9999 FEW018 25/25 Q1009
WABB,2023-12-18 17:30,6.21,TS,M,2.00,WABB 181730Z VRB02KT 9999 TS FEW011CB FEW018 25/25 Q1008 RMK CB AT W
WABB,2023-12-18 18:00,6.21,TS,0.00,0.00,WABB 181800Z 00000KT 9999 TS FEW011CB FEW018 26/25 Q1008 RMK CB AT W
WABB,2023-12-18 18:30,6.21,TS,0.00,0.00,WABB 181830Z 00000KT 9999 TS FEW011CB FEW018 25/25 Q1008 RMK CB AT W
WABB,2023-12-18 19:00,6.21,TS,0.00,0.00,WABB 181900Z 00000KT 9999 TS FEW011CB FEW018 25/25 Q1009 RMK CB AT W
WABB,2023-12-18 19:30,6.21,TS,0.00,0.00,WABB 181930Z 00000KT 9999 TS FEW011CB FEW018 25/25 Q1009 RMK CB AT W
WABB,2023-12-18 20:00,6.21,TS,M,2.00,WABB 182000Z VRB02KT 9999 TS FEW011CB FEW018 25/25 Q1009 RMK CB AT W
WABB,2023-12-18 20:30,6.21,TS,0.00,0.00,WABB 182030Z 00000KT 9999 TS FEW011CB FEW018 25/25 Q1010 RMK CB AT W
WABB,2023-12-18 21:00,6.21,VCSH,310.00,3.00,WABB 182100Z 31003KT 140V310 9999 VCSH FEW011CB FEW018 25/25 Q1010 RETS RMK CB AT W AND N
WABB,2023-12-18 21:30,6.21,M,330.00,3.00,WABB 182130Z 33003KT 160V330 9999 FEW011CB FEW018 26/25 Q1011 RMK CB AT W AND N
WABB,2023-12-18 22:00,6.21,M,10.00,7.00,WABB 182200Z 01007KT 010V260 9999 FEW011CB FEW018 26/25 Q1011 RMK CB AT SW AND N
WABB,2023-12-18 22:30,6.21,M,10.00,8.00,WABB 182230Z 01008KT 180V010 9999 FEW011CB FEW018 26/25 Q1011 RMK CB AT S
WABB,2023-12-18 23:00,6.21,M,20.00,4.00,WABB 182300Z 02004KT 020V240 9999 FEW011CB FEW018 27/25 Q1011 RMK CB AT S
WABB,2023-12-18 23:30,6.21,M,360.00,4.00,WABB 182330Z 36004KT 170V360 9999 SCT018 BKN100 27/25 Q1011 NOSIG
WABB,2023-12-19 00:00,5.59,M,M,2.00,WABB 190000Z VRB02KT 9000 SCT018 OVC100 27/25 Q1012 NOSIG
WABB,2023-12-19 00:30,5.59,M,300.00,3.00,WABB 190030Z 30003KT 140V300 9000 SCT018 OVC100 28/25 Q1011 NOSIG
WABB,2023-12-19 01:00,5.59,M,340.00,4.00,WABB 190100Z 34004KT 180V340 9000 SCT018 OVC100 28/26 Q1011 NOSIG
WABB,2023-12-19 01:30,5.59,M,310.00,4.00,WABB 190130Z 31004KT 130V310 9000 SCT018 OVC100 28/25 Q1010 NOSIG
WABB,2023-12-19 02:00,5.59,M,280.00,6.00,WABB 190200Z 28006KT 110V280 9000 SCT018 OVC100 28/25 Q1010 NOSIG
WABB,2023-12-19 02:30,5.59,M,230.00,3.00,WABB 190230Z 23003KT 070V230 9000 SCT018 OVC100 29/25 Q1009 NOSIG
WABB,2023-12-19 03:00,5.59,M,270.00,3.00,WABB 190300Z 27003KT 270V020 9000 SCT018 OVC100 28/26 Q1009 NOSIG
WABB,2023-12-19 03:30,5.59,M,170.00,3.00,WABB 190330Z 17003KT 010V190 9000 BKN018 OVC100 28/26 Q1009 NOSIG
WABB,2023-12-19 04:00,1.86,RA,260.00,6.00,WABB 190400Z 26006KT 070V260 3000 RA BKN018 OVC100 27/26 Q1008 TEMPO -RA
WABB,2023-12-19 04:30,4.35,-RA,220.00,3.00,WABB 190430Z 22003KT 020V220 7000 -RA BKN018 OVC100 27/26 Q1008 TEMPO -RA
WABB,2023-12-19 05:00,4.97,-RA,M,2.00,WABB 190500Z VRB02KT 8000 -RA BKN018 OVC100 28/26 Q1008 TEMPO -RA
WABB,2023-12-19 05:30,4.97,M,0.00,0.00,WABB 190530Z 00000KT 8000 BKN018 OVC100 28/26 Q1007 RERA NOSIG
WABB,2023-12-19 06:00,6.21,-RA,120.00,3.00,WABB 190600Z 12003KT 160V100 9999 -RA SCT018 BKN100 28/26 Q1007 NOSIG
WABB,2023-12-19 06:30,6.21,M,120.00,4.00,WABB 190630Z 12004KT 9999 SCT018 SCT100 28/26 Q1007 RERA NOSIG
WABB,2023-12-19 07:00,6.21,M,120.00,4.00,WABB 190700Z 12004KT 9999 SCT018 SCT100 28/26 Q1007 NOSIG
WABB,2023-12-19 07:30,6.21,M,M,2.00,WABB 190730Z VRB02KT 9999 SCT018 28/26 Q1007 NOSIG
WABB,2023-12-19 08:00,6.21,M,140.00,2.00,WABB 190800Z 14002KT 9999 SCT018 28/26 Q1008 NOSIG
WABB,2023-12-19 08:30,6.21,M,120.00,3.00,WABB 190830Z 12003KT 160V100 9999 SCT018 28/26 Q1008 NOSIG
WABB,2023-12-19 09:00,6.21,M,M,2.00,WABB 190900Z VRB02KT 9999 SCT018 28/26 Q1008 NOSIG
WABB,2023-12-19 09:30,6.21,M,60.00,4.00,WABB 190930Z 06004KT 220V060 9999 SCT018 27/26 Q1009 NOSIG
WABB,2023-12-19 10:00,6.21,M,M,2.00,WABB 191000Z VRB02KT 9999 SCT018 27/26 Q1009 NOSIG
WABB,2023-12-19 10:30,6.21,M,0.00,0.00,WABB 191030Z 00000KT 9999 SCT018 26/26 Q1009 NOSIG
WABB,2023-12-19 11:00,6.21,M,0.00,0.00,WABB 191100Z 00000KT 9999 SCT018 26/26 Q1009 NOSIG
WABB,2023-12-19 11:30,6.21,M,M,2.00,WABB 191130Z VRB02KT 9999 SCT018 26/26 Q1009 NOSIG
WABB,2023-12-19 12:00,6.21,M,M,2.00,WABB 191200Z VRB02KT 9999 SCT018 26/26 Q1010 NOSIG
WABB,2023-12-19 12:30,6.21,M,M,2.00,WABB 191230Z VRB02KT 9999 SCT018 26/26 Q1010 NOSIG
WABB,2023-12-19 13:00,6.21,M,0.00,0.00,WABB 191300Z 00000KT 9999 SCT018 26/26 Q1010 NOSIG
WABB,2023-12-19 13:30,6.21,M,M,2.00,WABB 191330Z VRB02KT 9999 SCT018 26/26 Q1010 NOSIG
WABB,2023-12-19 14:00,6.21,M,0.00,0.00,WABB 191400Z 00000KT 9999 SCT018 26/25 Q1010 NOSIG
WABB,2023-12-19 14:30,6.21,M,M,2.00,WABB 191430Z VRB02KT 9999 SCT018 26/25 Q1010 NOSIG
WABB,2023-12-19 15:00,6.21,M,M,2.00,WABB 191500Z VRB02KT 9999 SCT018 26/25 Q1010 NOSIG
WABB,2023-12-19 15:30,6.21,M,0.00,0.00,WABB 191530Z 00000KT 9999 SCT018 25/25 Q1009 NOSIG
WABB,2023-12-19 16:00,6.21,M,M,2.00,WABB 191600Z VRB02KT 9999 SCT018 25/25 Q1009 NOSIG
WABB,2023-12-19 16:30,6.21,M,M,2.00,WABB 191630Z VRB02KT 9999 SCT018 25/25 Q1008 NOSIG
WABB,2023-12-19 17:00,6.21,M,40.00,6.00,WABB 191700Z 04006KT 230V040 9999 SCT018 26/25 Q1008 NOSIG
WABB,2023-12-19 17:30,6.21,M,M,2.00,WABB 191730Z VRB02KT 9999 SCT018 25/25 Q1008 NOSIG
WABB,2023-12-19 18:00,6.21,M,60.00,3.00,WABB 191800Z 06003KT 210V060 9999 SCT018 25/24 Q1008 NOSIG
WABB,2023-12-19 18:30,6.21,M,M,2.00,WABB 191830Z VRB02KT 9999 SCT018 25/24 Q1008 NOSIG
WABB,2023-12-19 19:00,6.21,M,M,2.00,WABB 191900Z VRB02KT 9999 SCT018 25/24 Q1008 NOSIG
WABB,2023-12-19 19:30,6.21,M,M,2.00,WABB 191930Z VRB02KT 9999 SCT018 25/24 Q1008 NOSIG
WABB,2023-12-19 20:00,6.21,M,0.00,0.00,WABB 192000Z 00000KT 9999 SCT018 25/24 Q1008 NOSIG
WABB,2023-12-19 20:30,6.21,M,320.00,7.00,WABB 192030Z 32007KT 150V320 9999 SCT018 25/25 Q1009 NOSIG
WABB,2023-12-19 21:00,6.21,M,M,2.00,WABB 192100Z VRB02KT 9999 SCT018 26/25 Q1009 RERA NOSIG
WABB,2023-12-19 21:30,6.21,M,0.00,0.00,WABB 192130Z 00000KT 9999 SCT018 26/25 Q1009 NOSIG
WABB,2023-12-19 22:00,6.21,M,M,2.00,WABB 192200Z VRB02KT 9999 SCT018 27/25 Q1010 NOSIG
WABB,2023-12-19 22:30,6.21,M,90.00,3.00,WABB 192230Z 09003KT 190V090 9999 SCT018 29/26 Q1010 NOSIG
WABB,2023-12-19 23:00,6.21,M,120.00,3.00,WABB 192300Z 12003KT 9999 SCT018 29/25 Q1010 NOSIG
WABB,2023-12-19 23:30,6.21,M,120.00,2.00,WABB 192330Z 12002KT 9999 SCT018 29/26 Q1010 NOSIG
WABB,2023-12-20 00:00,6.21,M,150.00,5.00,WABB 200000Z 15005KT 9999 SCT018 30/26 Q1010 NOSIG
WABB,2023-12-20 00:30,4.97,-RA,120.00,6.00,WABB 200030Z 12006KT 8000 -RA SCT018 BKN100 28/26 Q1010 NOSIG
WABB,2023-12-20 01:00,5.59,M,120.00,4.00,WABB 200100Z 12004KT 110V170 9000 SCT018 BKN100 28/27 Q1010 RERA NOSIG
WABB,2023-12-20 01:30,3.11,-TSRA,230.00,5.00,WABB 200130Z 23005KT 050V230 5000 2500W -TSRA FEW017CB SCT018 BKN100 26/25 Q1010 NOSIG RMK CB AT SE
WABB,2023-12-20 02:00,3.73,-TSRA,280.00,5.00,WABB 200200Z 28005KT 110V280 6000 3000W -TSRA FEW017CB SCT018 BKN100 26/24 Q1010 NOSIG RMK CB AT SE METAR WIII 200200Z VRB04KT 9999 FEW021 30/20 Q1011 NOSIG
WABB,2023-12-20 02:30,5.59,TS,M,2.00,WABB 200230Z VRB02KT 9000 TS FEW017CB SCT018 BKN100 26/26 Q1010 RERA NOSIG RMK CB AT W
WABB,2023-12-20 03:00,5.59,-TSRA,0.00,0.00,WABB 200300Z 00000KT 9000 -TSRA FEW017CB SCT018 BKN100 26/25 Q1009 NOSIG RMK CB AT NW
WABB,2023-12-20 03:30,5.59,-TSRA,320.00,5.00,WABB 200330Z 32005KT 140V320 9000 4500W -TSRA FEW017CB SCT018 BKN100 27/25 Q1009 NOSIG RMK CB AT W
WABB,2023-12-20 04:30,4.97,-RA,M,2.00,WABB 200430Z VRB02KT 8000 -RA FEW017CB SCT018 BKN100 26/26 Q1008 RETS NOSIG RMK CB AT W
WABB,2023-12-20 05:00,5.59,-RA,280.00,3.00,WABB 200500Z 28003KT 110V280 9000 -RA SCT018 BKN100 26/25 Q1007 NOSIG
WABB,2023-12-20 05:30,5.59,-RA,310.00,4.00,WABB 200530Z 31004KT 130V310 9000 -RA SCT018 BKN100 26/25 Q1007 NOSIG
WABB,2023-12-20 06:00,6.21,-RA,320.00,5.00,WABB 200600Z 32005KT 140V320 9999 -RA SCT018 BKN100 27/26 Q1007 NOSIG
WABB,2023-12-20 06:30,6.21,-RA,300.00,3.00,WABB 200630Z 30003KT 120V300 9999 -RA SCT018 BKN100 28/26 Q1007 NOSIG
WABB,2023-12-20 07:00,6.21,M,330.00,3.00,WABB 200700Z 33003KT 160V330 9999 SCT018 BKN100 28/26 Q1006 RERA NOSIG
WABB,2023-12-20 07:30,6.21,M,360.00,3.00,WABB 200730Z 36003KT 270V360 9999 SCT018 BKN100 28/26 Q1007 NOSIG
WABB,2023-12-20 08:00,6.21,M,350.00,5.00,WABB 200800Z 35005KT 160V350 9999 SCT018 BKN100 29/26 Q1007 NOSIG
WABB,2023-12-20 08:30,6.21,M,290.00,3.00,WABB 200830Z 29003KT 110V290 9999 SCT018 BKN100 29/26 Q1007 NOSIG
WABB,2023-12-20 09:00,6.21,M,270.00,3.00,WABB 200900Z 27003KT 100V270 9999 SCT018 BKN100 28/26 Q1008 NOSIG
WABB,2023-12-20 09:30,6.21,M,0.00,0.00,WABB 200930Z 00000KT 9999 SCT018 BKN100 28/26 Q1008 NOSIG
WABB,2023-12-20 10:00,6.21,M,0.00,0.00,WABB 201000Z 00000KT 9999 SCT018 BKN100 27/26 Q1008 NOSIG
WABB,2023-12-20 10:30,6.21,M,M,2.00,WABB 201030Z VRB02KT 9999 SCT018 BKN100 27/26 Q1009 NOSIG
WABB,2023-12-20 11:00,6.21,M,310.00,3.00,WABB 201100Z 31003KT 120V310 9999 FEW018 26/26 Q1009 NOSIG
WABB,2023-12-20 11:30,6.21,M,0.00,0.00,WABB 201130Z 00000KT 9999 FEW018 26/26 Q1010 NOSIG
WABB,2023-12-20 12:00,6.21,M,M,2.00,WABB 201200Z VRB02KT 9999 SCT018 26/26 Q1010 NOSIG
WABB,2023-12-20 12:30,6.21,M,M,2.00,WABB 201230Z VRB02KT 9999 SCT018 26/25 Q1010 NOSIG
WABB,2023-12-20 13:00,6.21,M,40.00,3.00,WABB 201300Z 04003KT 230V040 9999 FEW018 26/25 Q1010 NOSIG
WABB,2023-12-20 13:30,6.21,M,290.00,3.00,WABB 201330Z 29003KT 120V290 9999 FEW018 26/25 Q1010 NOSIG
WABB,2023-12-20 14:00,6.21,M,M,2.00,WABB 201400Z VRB02KT 9999 FEW018 26/26 Q1010 NOSIG
WABB,2023-12-20 14:30,6.21,M,M,2.00,WABB 201430Z VRB02KT 9999 FEW018 26/25 Q1010 NOSIG
WABB,2023-12-20 15:00,6.21,M,0.00,0.00,WABB 201500Z 00000KT 9999 FEW018 26/25 Q1010 NOSIG
WABB,2023-12-20 15:30,6.21,M,M,2.00,WABB 201530Z VRB02KT 9999 FEW018 25/25 Q1009 NOSIG
WABB,2023-12-20 16:00,6.21,M,310.00,3.00,WABB 201600Z 31003KT 120V310 9999 FEW018 25/25 Q1009 NOSIG
WABB,2023-12-20 16:30,6.21,M,310.00,5.00,WABB 201630Z 31005KT 130V310 9999 FEW018 25/25 Q1008 NOSIG
WABB,2023-12-20 17:00,6.21,M,320.00,4.00,WABB 201700Z 32004KT 130V320 9999 FEW018 26/25 Q1008 NOSIG
WABB,2023-12-20 17:30,6.21,M,320.00,3.00,WABB 201730Z 32003KT 130V320 9999 FEW018 26/25 Q1008 NOSIG
WABB,2023-12-20 18:00,6.21,M,M,2.00,WABB 201800Z VRB02KT 9999 FEW018 25/25 Q1008 NOSIG
WABB,2023-12-20 18:30,6.21,M,M,2.00,WABB 201830Z VRB02KT 9999 FEW018 25/24 Q1008 NOSIG
WABB,2023-12-20 19:00,6.21,M,M,2.00,WABB 201900Z VRB02KT 9999 FEW018 25/24 Q1008 NOSIG
WABB,2023-12-20 19:30,6.21,M,0.00,0.00,WABB 201930Z 00000KT 9999 FEW018 25/24 Q1008 NOSIG
WABB,2023-12-20 20:00,6.21,M,M,2.00,WABB 202000Z VRB02KT 9999 FEW018 25/24 Q1009 NOSIG
WABB,2023-12-20 20:30,6.21,M,20.00,6.00,WABB 202030Z 02006KT 020V250 9999 FEW018 25/25 Q1009 NOSIG
WABB,2023-12-20 21:00,6.21,M,20.00,6.00,WABB 202100Z 02006KT 020V250 9999 FEW018 25/25 Q1009 NOSIG
WABB,2023-12-20 21:30,6.21,M,350.00,5.00,WABB 202130Z 35005KT 170V350 9999 SCT018 BKN100 26/25 Q1010 NOSIG
WABB,2023-12-20 22:00,6.21,M,10.00,3.00,WABB 202200Z 01003KT 010V270 9999 SCT018 26/25 Q1010 RERA NOSIG
WABB,2023-12-20 22:30,6.21,M,320.00,4.00,WABB 202230Z 32004KT 150V320 9999 SCT018 27/25 Q1011 NOSIG
WABB,2023-12-20 23:00,6.21,M,310.00,3.00,WABB 202300Z 31003KT 140V310 9999 SCT018 SCT100 28/25 Q1011 NOSIG
WABB,2023-12-20 23:30,6.21,M,270.00,4.00,WABB 202330Z 27004KT 120V270 9999 SCT018 SCT100 29/25 Q1011 NOSIG
WABB,2023-12-21 00:00,6.21,M,210.00,6.00,WABB 210000Z 21006KT 040V210 9999 SCT018 SCT100 29/25 Q1012 NOSIG
WABB,2023-12-21 00:30,3.73,RA,230.00,5.00,WABB 210030Z 23005KT 060V230 6000 RA FEW014CB BKN018 OVC100 25/24 Q1012 TEMPO RA RMK CB OVER THE FIELD
WABB,2023-12-21 01:00,3.73,RA,240.00,7.00,WABB 210100Z 24007KT 070V240 6000 RA FEW014CB BKN018 OVC100 28/24 Q1011 TEMPO RA RMK CB OVER THE FIELD
WABB,2023-12-21 01:30,6.21,M,M,2.00,WABB 210130Z VRB02KT 9999 SCT018 BKN100 29/25 Q1011 NOSIG
WABB,2023-12-21 02:00,6.21,M,220.00,5.00,WABB 210200Z 22005KT 040V220 9999 SCT018 BKN100 28/25 Q1010 NOSIG
WABB,2023-12-21 02:30,6.21,M,240.00,4.00,WABB 210230Z 24004KT 050V240 9999 SCT018 BKN100 28/25 Q1010 NOSIG
WABB,2023-12-21 03:00,6.21,M,220.00,5.00,WABB 210300Z 22005KT 040V220 9999 SCT018 BKN100 29/25 Q1009 NOSIG
WABB,2023-12-21 03:30,6.21,M,M,2.00,WABB 210330Z VRB02KT 9999 SCT018 BKN100 29/26 Q1009 NOSIG
WABB,2023-12-21 04:00,6.21,M,270.00,3.00,WABB 210400Z 27003KT 080V270 9999 SCT018 BKN100 29/25 Q1008 NOSIG
WABB,2023-12-21 04:30,6.21,M,320.00,7.00,WABB 210430Z 32007KT 130V320 9999 SCT018 BKN100 30/26 Q1008 NOSIG
WABB,2023-12-21 05:00,6.21,M,M,2.00,WABB 210500Z VRB02KT 9999 SCT018 BKN100 30/26 Q1008 RERA NOSIG
WABB,2023-12-21 05:30,6.21,M,M,2.00,WABB 210530Z VRB02KT 9999 SCT018 BKN100 30/26 Q1008 NOSIG
WABB,2023-12-21 06:00,6.21,M,0.00,0.00,WABB 210600Z 00000KT 9999 SCT018 BKN100 30/26 Q1007 NOSIG
WABB,2023-12-21 06:30,6.21,M,M,2.00,WABB 210630Z VRB02KT 9999 SCT018 BKN100 30/26 Q1007 NOSIG
WABB,2023-12-21 07:00,6.21,M,270.00,4.00,WABB 210700Z 27004KT 270V060 9999 SCT018 BKN100 30/26 Q1008 NOSIG
WABB,2023-12-21 07:30,6.21,M,230.00,5.00,WABB 210730Z 23005KT 050V230 9999 SCT018 BKN100 30/26 Q1008 NOSIG
WABB,2023-12-21 08:00,6.21,M,230.00,3.00,WABB 210800Z 23003KT 040V230 9999 SCT018 BKN100 30/26 Q1008 NOSIG
WABB,2023-12-21 08:30,6.21,M,0.00,0.00,WABB 210830Z 00000KT 9999 SCT018 BKN100 29/26 Q1008 NOSIG
WABB,2023-12-21 09:00,6.21,M,M,2.00,WABB 210900Z VRB02KT 9999 SCT018 BKN100 29/26 Q1009 NOSIG
WABB,2023-12-21 09:30,6.21,M,M,2.00,WABB 210930Z VRB02KT 9999 SCT018 BKN100 28/26 Q1009 NOSIG
WABB,2023-12-21 10:00,6.21,TS,M,2.00,WABB 211000Z VRB02KT 9999 TS FEW017CB SCT018 BKN100 28/26 Q1009 NOSIG RMK CB AT SE
WABB,2023-12-21 10:30,6.21,TS,350.00,3.00,WABB 211030Z 35003KT 160V350 9999 TS FEW017CB SCT018 BKN100 28/25 Q1010 NOSIG RMK CB AT SE
WABB,2023-12-21 11:00,6.21,TS,340.00,3.00,WABB 211100Z 34003KT 160V340 9999 TS FEW017CB SCT018 BKN100 27/25 Q1011 NOSIG RMK CB AT SE
WABB,2023-12-21 11:30,6.21,TS,320.00,5.00,WABB 211130Z 32005KT 130V320 9999 TS FEW017CB SCT018 BKN100 27/25 Q1011 NOSIG RMK CB AT SE
WABB,2023-12-21 12:00,6.21,M,330.00,4.00,WABB 211200Z 33004KT 140V330 9999 SCT018 BKN100 27/25 Q1011 NOSIG
WABB,2023-12-21 12:30,6.21,M,M,2.00,WABB 211230Z VRB02KT 9999 SCT018 BKN100 27/25 Q1011 NOSIG
WABB,2023-12-21 13:00,6.21,M,330.00,3.00,WABB 211300Z 33003KT 160V330 9999 SCT018 BKN100 26/25 Q1010 NOSIG
WABB,2023-12-21 13:30,6.21,M,290.00,3.00,WABB 211330Z 29003KT 100V290 9999 SCT018 BKN100 27/25 Q1011 NOSIG
WABB,2023-12-21 14:00,6.21,M,M,2.00,WABB 211400Z VRB02KT 9999 SCT018 BKN100 26/25 Q1011 NOSIG
WABB,2023-12-21 14:30,6.21,M,310.00,3.00,WABB 211430Z 31003KT 130V310 9999 SCT018 BKN100 26/25 Q1011 NOSIG
WABB,2023-12-21 15:00,6.21,M,M,2.00,WABB 211500Z VRB02KT 9999 SCT018 BKN100 25/25 Q1011 NOSIG
WABB,2023-12-21 15:30,6.21,M,M,2.00,WABB 211530Z VRB02KT 9999 SCT018 BKN100 25/24 Q1011 NOSIG
WABB,2023-12-21 16:00,6.21,M,M,2.00,WABB 211600Z VRB02KT 9999 SCT018 BKN100 25/24 Q1010 NOSIG
WABB,2023-12-21 16:30,6.21,M,310.00,4.00,WABB 211630Z 31004KT 120V310 9999 SCT018 BKN100 25/24 Q1010 NOSIG
WABB,2023-12-21 17:00,6.21,M,330.00,4.00,WABB 211700Z 33004KT 150V330 9999 SCT018 BKN100 25/24 Q1009 NOSIG
WABB,2023-12-21 17:30,6.21,M,310.00,4.00,WABB 211730Z 31004KT 120V310 9999 SCT018 BKN100 26/25 Q1009 NOSIG
WABB,2023-12-21 18:00,6.21,M,300.00,4.00,WABB 211800Z 30004KT 120V300 9999 SCT018 BKN100 25/24 Q1009 NOSIG
WABB,2023-12-21 18:30,6.21,M,280.00,4.00,WABB 211830Z 28004KT 100V280 9999 SCT018 BKN100 26/24 Q1009 NOSIG
WABB,2023-12-21 19:00,6.21,M,0.00,0.00,WABB 211900Z 00000KT 9999 SCT018 BKN100 25/24 Q1009 NOSIG
WABB,2023-12-21 19:30,6.21,M,320.00,4.00,WABB 211930Z 32004KT 140V320 9999 SCT018 BKN100 25/24 Q1010 NOSIG
WABB,2023-12-21 20:00,6.21,M,330.00,3.00,WABB 212000Z 33003KT 140V330 9999 SCT018 BKN100 25/24 Q1010 NOSIG
WABB,2023-12-21 20:30,6.21,M,M,2.00,WABB 212030Z VRB02KT 9999 SCT018 BKN100 25/25 Q1011 NOSIG
WABB,2023-12-21 21:00,4.97,-RA,200.00,4.00,WABB 212100Z 20004KT 030V200 8000 4000W -RA FEW017CB SCT018 BKN100 26/25 Q1011 NOSIG RMK CB AT SE
WABB,2023-12-21 21:30,4.97,-RA,M,2.00,WABB 212130Z VRB02KT 8000 -RA FEW017CB BKN018 OVC100 25/24 Q1012 NOSIG RMK CB AT SE
WABB,2023-12-21 22:00,5.59,-RA,M,2.00,WABB 212200Z VRB02KT 9000 -RA SCT018 BKN100 26/23 Q1012 NOSIG
WABB,2023-12-21 22:30,6.21,M,280.00,9.00,WABB 212230Z 28009KT 080V280 9999 SCT018 BKN100 27/24 Q1012 RERA NOSIG
WABB,2023-12-21 23:00,6.21,M,300.00,6.00,WABB 212300Z 30006KT 110V300 9999 SCT018 BKN100 26/25 Q1012 NOSIG
WABB,2023-12-21 23:30,6.21,M,280.00,5.00,WABB 212330Z 28005KT 120V280 9999 SCT018 BKN100 27/25 Q1012 NOSIG
WABB,2023-12-22 00:00,6.21,M,290.00,3.00,WABB 220000Z 29003KT 290V080 9999 FEW018 SCT100 28/25 Q1012 NOSIG
WABB,2023-12-22 00:30,6.21,M,220.00,5.00,WABB 220030Z 22005KT 040V220 9999 FEW018 SCT100 29/25 Q1012 NOSIG
WABB,2023-12-22 01:00,6.21,M,230.00,5.00,WABB 220100Z 23005KT 040V230 9999 FEW018 SCT100 29/26 Q1011 NOSIG
WABB,2023-12-22 01:30,6.21,M,230.00,6.00,WABB 220130Z 23006KT 040V230 9999 FEW018 SCT100 29/26 Q1011 NOSIG
WABB,2023-12-22 02:00,6.21,M,250.00,6.00,WABB 220200Z 25006KT 050V250 9999 FEW018 SCT100 30/26 Q1011 NOSIG
WABB,2023-12-22 02:30,6.21,M,270.00,6.00,WABB 220230Z 27006KT 270V060 9999 FEW018 SCT100 30/26 Q1010 NOSIG
WABB,2023-12-22 03:00,6.21,M,250.00,9.00,WABB 220300Z 25009KT 070V250 9999 FEW018 SCT100 30/27 Q1010 NOSIG
WABB,2023-12-22 03:30,6.21,M,220.00,11.00,WABB 220330Z 22011KT 060V220 9999 FEW018 SCT100 30/26 Q1009 NOSIG
WABB,2023-12-22 04:00,6.21,M,210.00,7.00,WABB 220400Z 21007KT 050V210 9999 FEW018 SCT100 30/27 Q1009 NOSIG
WABB,2023-12-22 04:30,6.21,M,220.00,12.00,WABB 220430Z 22012KT 050V220 9999 FEW018 SCT100 30/27 Q1009 NOSIG
WABB,2023-12-22 05:00,6.21,M,230.00,9.00,WABB 220500Z 23009KT 050V230 9999 FEW018 SCT100 30/26 Q1008 NOSIG
WABB,2023-12-22 05:30,6.21,M,260.00,5.00,WABB 220530Z 26005KT 070V260 9999 FEW017CB FEW018 SCT100 30/26 Q1009 NOSIG RMK CB OVER THE FIELD
WABB,2023-12-22 06:00,2.49,-RA,50.00,8.00,WABB 220600Z 05008KT 210V050 4000 -RA FEW017CB SCT018 BKN100 26/25 Q1009 NOSIG RMK CB OVER THE FIELD
WABB,2023-12-22 06:30,2.49,-TSRA,50.00,6.00,WABB 220630Z 05006KT 210V050 4000 -TSRA FEW017CB SCT018 BKN100 26/26 Q1009 NOSIG RMK CB OVER THE FIELD
WABB,2023-12-22 07:00,5.59,M,50.00,4.00,WABB 220700Z 05004KT 230V050 9000 SCT018 BKN100 27/26 Q1009 RETSRA NOSIG
WABB,2023-12-22 07:30,5.59,M,20.00,5.00,WABB 220730Z 02005KT 020V230 9000 SCT018 BKN100 27/26 Q1009 NOSIG
WABB,2023-12-22 08:00,5.59,M,M,2.00,WABB 220800Z VRB02KT 9000 SCT018 BKN100 27/25 Q1010 NOSIG
WABB,2023-12-22 08:30,5.59,M,40.00,8.00,WABB 220830Z 04008KT 240V040 9000 SCT018 BKN100 27/26 Q1010 NOSIG
WABB,2023-12-22 09:00,5.59,M,40.00,5.00,WABB 220900Z 04005KT 240V040 9000 SCT018 BKN100 27/26 Q1010 NOSIG
WABB,2023-12-22 09:30,5.59,M,10.00,5.00,WABB 220930Z 01005KT 010V260 9000 SCT018 BKN100 27/25 Q1010 NOSIG
WABB,2023-12-22 10:00,5.59,M,30.00,4.00,WABB 221000Z 03004KT 230V030 9000 SCT018 BKN100 27/25 Q1011 NOSIG
WABB,2023-12-22 10:30,6.21,M,360.00,6.00,WABB 221030Z 36006KT 180V360 9999 SCT018 BKN100 27/26 Q1011 NOSIG
WABB,2023-12-22 11:00,6.21,M,340.00,5.00,WABB 221100Z 34005KT 160V340 9999 SCT018 BKN100 27/26 Q1011 NOSIG
WABB,2023-12-22 11:30,6.21,M,20.00,3.00,WABB 221130Z 02003KT 020V270 9999 SCT018 BKN100 27/25 Q1012 NOSIG
WABB,2023-12-22 12:00,6.21,M,360.00,6.00,WABB 221200Z 36006KT 170V360 9999 SCT018 BKN100 27/25 Q1012 NOSIG
WABB,2023-12-22 12:30,6.21,M,350.00,7.00,WABB 221230Z 35007KT 260V350 9999 SCT018 BKN100 27/26 Q1012 NOSIG
WABB,2023-12-22 13:00,6.21,M,20.00,3.00,WABB 221300Z 02003KT 020V250 9999 SCT018 BKN100 26/25 Q1012 NOSIG
WABB,2023-12-22 13:30,6.21,M,140.00,2.00,WABB 221330Z 14002KT 9999 SCT018 BKN100 26/26 Q1012 NOSIG
WABB,2023-12-22 14:00,6.21,M,20.00,3.00,WABB 221400Z 02003KT 020V240 9999 SCT018 BKN100 26/25 Q1012 NOSIG
WABB,2023-12-22 14:30,6.21,M,20.00,3.00,WABB 221430Z 02003KT 020V260 9999 SCT018 BKN100 26/25 Q1012 NOSIG
WABB,2023-12-22 15:00,5.59,-RA,10.00,10.00,WABB 221500Z 01010KT 170V010 9000 -RA FEW015CB SCT018 BKN100 26/25 Q1012 NOSIG RMK CB AT N
WABB,2023-12-22 15:30,5.59,-RA,70.00,6.00,WABB 221530Z 07006KT 220V070 9000 -RA FEW015CB SCT018 BKN100 25/25 Q1011 NOSIG RMK CB AT N
WABB,2023-12-22 16:00,5.59,-RA,10.00,4.00,WABB 221600Z 01004KT 010V260 9000 -RA FEW015CB SCT018 BKN100 26/25 Q1011 NOSIG RMK CB AT N METAR WIDD 221600Z 36010KT 9999 SCT014 26/24 Q1013 NOSIG
WABB,2023-12-22 16:30,5.59,M,300.00,6.00,WABB 221630Z 30006KT 130V300 9000 FEW015CB SCT018 BKN100 26/25 Q1011 RERA NOSIG RMK CB AT N
WABB,2023-12-22 17:00,5.59,-RA,M,2.00,WABB 221700Z VRB02KT 9000 -RA FEW015CB SCT018 BKN100 25/24 Q1011 NOSIG RMK CB AT S
WABB,2023-12-22 17:30,5.59,-RA,30.00,4.00,WABB 221730Z 03004KT 230V030 9000 -RA FEW015CB SCT018 BKN100 25/25 Q1011 NOSIG RMK CB AT S
WABB,2023-12-22 18:00,5.59,-RA,20.00,8.00,WABB 221800Z 02008KT 020V240 9000 -RA FEW015CB SCT018 BKN100 26/24 Q1011 NOSIG RMK CB AT S
WABB,2023-12-22 18:30,5.59,-RA,20.00,5.00,WABB 221830Z 02005KT 020V250 9000 -RA FEW015CB SCT018 BKN100 25/24 Q1010 NOSIG RMK CB AT S
WABB,2023-12-22 19:00,5.59,-RA,50.00,3.00,WABB 221900Z 05003KT 220V050 9000 -RA FEW015CB SCT018 BKN100 26/25 Q1011 NOSIG RMK CB AT S
WABB,2023-12-22 19:30,5.59,-RA,0.00,0.00,WABB 221930Z 00000KT 9000 -RA FEW015CB SCT018 BKN100 26/25 Q1011 NOSIG RMK CB AT S
WABB,2023-12-22 20:00,5.59,-RA,M,2.00,WABB 222000Z VRB02KT 9000 -RA FEW015CB SCT018 BKN100 26/25 Q1011 NOSIG RMK CB AT S
WABB,2023-12-22 20:30,5.59,M,0.00,0.00,WABB 222030Z 00000KT 9000 FEW015CB SCT018 BKN100 26/25 Q1012 RERA NOSIG RMK CB AT S
WABB,2023-12-22 21:00,6.21,M,290.00,3.00,WABB 222100Z 29003KT 120V290 9999 SCT018 BKN100 25/25 Q1012 NOSIG
WABB,2023-12-22 21:30,6.21,M,M,2.00,WABB 222130Z VRB02KT 9999 SCT018 BKN100 26/25 Q1013 NOSIG
WABB,2023-12-22 22:00,6.21,M,M,2.00,WABB 222200Z VRB02KT 9999 SCT018 BKN100 26/25 Q1013 NOSIG
WABB,2023-12-22 22:30,6.21,M,M,2.00,WABB 222230Z VRB02KT 9999 SCT018 BKN100 26/26 Q1013 NOSIG
WABB,2023-12-22 23:00,6.21,M,M,2.00,WABB 222300Z VRB02KT 9999 SCT018 SCT100 28/26 Q1013 NOSIG
WABB,2023-12-22 23:30,6.21,M,180.00,5.00,WABB 222330Z 18005KT 010V180 9999 SCT018 SCT100 29/26 Q1013 NOSIG
WABB,2023-12-23 00:00,6.21,M,M,2.00,WABB 230000Z VRB02KT 9999 SCT018 SCT100 29/26 Q1014 NOSIG
WABB,2023-12-23 00:30,6.21,M,240.00,4.00,WABB 230030Z 24004KT 040V240 9999 SCT018 SCT100 30/26 Q1013 NOSIG
WABB,2023-12-23 01:00,6.21,M,230.00,4.00,WABB 230100Z 23004KT 050V230 9999 SCT018 SCT100 29/26 Q1013 NOSIG
WABB,2023-12-23 01:30,6.21,M,220.00,5.00,WABB 230130Z 22005KT 030V220 9999 SCT018 SCT100 29/26 Q1013 NOSIG
WABB,2023-12-23 02:00,6.21,M,240.00,4.00,WABB 230200Z 24004KT 240V030 9999 SCT018 SCT100 29/26 Q1012 NOSIG
WABB,2023-12-23 02:30,6.21,M,200.00,5.00,WABB 230230Z 20005KT 040V200 9999 SCT018 SCT100 29/26 Q1012 NOSIG
WABB,2023-12-23 03:00,6.21,M,250.00,4.00,WABB 230300Z 25004KT 050V250 9999 SCT018 SCT100 29/26 Q1011 NOSIG
WABB,2023-12-23 03:30,6.21,M,260.00,3.00,WABB 230330Z 26003KT 260V030 9999 SCT018 SCT100 29/26 Q1011 NOSIG
WABB,2023-12-23 04:00,6.21,M,210.00,4.00,WABB 230400Z 21004KT 060V210 9999 SCT018 SCT100 29/26 Q1010 NOSIG
WABB,2023-12-23 04:30,6.21,M,M,2.00,WABB 230430Z VRB02KT 9999 SCT018 SCT100 29/25 Q1010 NOSIG
WABB,2023-12-23 05:00,6.21,M,330.00,5.00,WABB 230500Z 33005KT 150V330 9999 SCT018 SCT100 28/25 Q1009 NOSIG
WABB,2023-12-23 05:30,6.21,M,310.00,5.00,WABB 230530Z 31005KT 130V310 9999 SCT018 SCT100 29/24 Q1009 NOSIG
WABB,2023-12-23 06:00,6.21,M,350.00,6.00,WABB 230600Z 35006KT 170V350 9999 SCT018 SCT100 29/25 Q1009 NOSIG
WABB,2023-12-23 06:30,6.21,M,290.00,5.00,WABB 230630Z 29005KT 100V290 9999 FEW011CB SCT018 SCT100 29/25 Q1009 NOSIG RMK CB AT S
WABB,2023-12-23 07:00,6.21,M,M,2.00,WABB 230700Z VRB02KT 9999 FEW011CB SCT018 SCT100 29/26 Q1009 NOSIG RMK CB AT S
WABB,2023-12-23 07:30,2.49,-RA,340.00,11.00,WABB 230730Z 34011KT 150V340 4000 -RA FEW011CB SCT018 SCT100 27/26 Q1010 NOSIG RMK CB AT S
WABB,2023-12-23 08:00,2.49,-RA,M,2.00,WABB 230800Z VRB02KT 4000 -RA FEW011CB SCT018 SCT100 27/25 Q1010 NOSIG RMK CB AT S
WABB,2023-12-23 08:30,2.49,-RA,0.00,0.00,WABB 230830Z 00000KT 4000 -RA FEW011CB SCT018 SCT100 27/25 Q1010 NOSIG RMK CB AT S
WABB,2023-12-23 09:00,2.49,M,240.00,3.00,WABB 230900Z 24003KT 050V240 4000 SCT018 SCT100 26/26 Q1010 RERA NOSIG
WABB,2023-12-23 09:30,2.49,-RA,0.00,0.00,WABB 230930Z 00000KT 4000 -RA FEW011CB SCT018 SCT100 26/26 Q1011 NOSIG RMK CB AT SW
WABB,2023-12-23 10:00,2.49,M,M,2.00,WABB 231000Z VRB02KT 4000 SCT018 SCT100 26/26 Q1011 RERA NOSIG
WABB,2023-12-23 10:30,2.49,M,M,2.00,WABB 231030Z VRB02KT 4000 SCT018 SCT100 26/25 Q1011 NOSIG
WABB,2023-12-23 11:00,2.49,M,M,2.00,WABB 231100Z VRB02KT 4000 SCT018 SCT100 26/26 Q1011 NOSIG
WABB,2023-12-23 11:30,2.49,M,330.00,3.00,WABB 231130Z 33003KT 160V330 4000 SCT018 SCT100 26/26 Q1011 NOSIG
WABB,2023-12-23 12:00,5.59,M,310.00,5.00,WABB 231200Z 31005KT 130V310 9000 SCT018 SCT100 26/26 Q1012 NOSIG
WABB,2023-12-23 12:30,3.73,-RA,M,2.00,WABB 231230Z VRB02KT 6000 -RA SCT018 SCT100 26/26 Q1012 NOSIG
WABB,2023-12-23 13:00,3.73,-RA,30.00,4.00,WABB 231300Z 03004KT 030V240 6000 -RA SCT018 SCT100 26/25 Q1012 NOSIG
WABB,2023-12-23 13:30,3.73,-RA,M,2.00,WABB 231330Z VRB02KT 6000 -RA SCT018 SCT100 25/25 Q1012 NOSIG
WABB,2023-12-23 14:00,5.59,M,M,2.00,WABB 231400Z VRB02KT 9000 SCT018 SCT100 25/25 Q1012 RERA NOSIG
WABB,2023-12-23 14:30,5.59,M,M,2.00,WABB 231430Z VRB02KT 9000 SCT018 SCT100 25/25 Q1011 NOSIG
WABB,2023-12-23 15:00,6.21,M,20.00,4.00,WABB 231500Z 02004KT 020V240 9999 SCT018 SCT100 25/24 Q1011 RERA NOSIG
WABB,2023-12-23 15:30,6.21,M,M,2.00,WABB 231530Z VRB02KT 9999 SCT018 SCT100 25/24 Q1011 NOSIG
WABB,2023-12-23 16:00,6.21,M,50.00,4.00,WABB 231600Z 05004KT 220V050 9999 SCT018 SCT100 25/25 Q1010 NOSIG
WABB,2023-12-23 16:30,6.21,M,60.00,4.00,WABB 231630Z 06004KT 220V060 9999 SCT018 SCT100 25/24 Q1010 NOSIG
WABB,2023-12-23 17:00,6.21,M,60.00,4.00,WABB 231700Z 06004KT 220V060 9999 SCT018 SCT100 25/24 Q1010 NOSIG
WABB,2023-12-23 17:30,6.21,M,40.00,6.00,WABB 231730Z 04006KT 220V040 9999 SCT018 SCT100 25/24 Q1010 NOSIG
WABB,2023-12-23 18:00,6.21,M,40.00,6.00,WABB 231800Z 04006KT 230V040 9999 SCT018 SCT100 25/24 Q1010 NOSIG
WABB,2023-12-23 18:30,6.21,M,40.00,5.00,WABB 231830Z 04005KT 220V040 9999 SCT018 SCT100 25/24 Q1010 NOSIG
WABB,2023-12-23 19:00,6.21,M,50.00,9.00,WABB 231900Z 05009KT 230V050 9999 SCT018 SCT100 25/25 Q1010 NOSIG
WABB,2023-12-23 19:30,6.21,M,0.00,0.00,WABB 231930Z 00000KT 9999 SCT018 SCT100 25/24 Q1010 NOSIG
WABB,2023-12-23 20:00,6.21,M,130.00,2.00,WABB 232000Z 13002KT 9999 SCT018 SCT100 25/25 Q1010 NOSIG
WABB,2023-12-23 20:30,6.21,M,M,2.00,WABB 232030Z VRB02KT 9999 FEW018 SCT100 25/25 Q1010 NOSIG
WABB,2023-12-23 21:00,6.21,M,80.00,4.00,WABB 232100Z 08004KT 200V080 9999 FEW018 SCT100 26/25 Q1011 NOSIG
WABB,2023-12-23 21:30,6.21,M,80.00,5.00,WABB 232130Z 08005KT 190V080 9999 FEW018 SCT100 26/25 Q1011 NOSIG
WABB,2023-12-23 22:00,6.21,M,M,2.00,WABB 232200Z VRB02KT 9999 FEW018 SCT100 27/25 Q1012 NOSIG
WABB,2023-12-23 22:30,6.21,M,120.00,3.00,WABB 232230Z 12003KT 180V120 9999 FEW018 SCT100 27/25 Q1012 NOSIG
WABB,2023-12-23 23:00,6.21,M,90.00,7.00,WABB 232300Z 09007KT 160V090 9999 FEW018 SCT100 28/26 Q1012 NOSIG
WABB,2023-12-23 23:30,6.21,M,130.00,7.00,WABB 232330Z 13007KT 9999 FEW018 SCT100 29/26 Q1012 NOSIG
WABB,2023-12-24 00:00,6.21,M,160.00,5.00,WABB 240000Z 16005KT 9999 FEW018 SCT100 29/25 Q1013 NOSIG
WABB,2023-12-24 00:30,6.21,M,130.00,6.00,WABB 240030Z 13006KT 9999 FEW018 SCT100 28/26 Q1013 NOSIG
WABB,2023-12-24 01:00,6.21,M,130.00,4.00,WABB 240100Z 13004KT 120V180 9999 FEW018 SCT100 29/26 Q1012 NOSIG
WABB,2023-12-24 01:30,6.21,M,140.00,3.00,WABB 240130Z 14003KT 9999 FEW018 SCT100 29/26 Q1012 NOSIG
WABB,2023-12-24 02:00,6.21,M,120.00,4.00,WABB 240200Z 12004KT 9999 FEW018 SCT100 30/26 Q1011 NOSIG
WABB,2023-12-24 02:30,6.21,M,190.00,4.00,WABB 240230Z 19004KT 090V190 9999 FEW018 SCT100 30/26 Q1011 NOSIG
WABB,2023-12-24 03:00,6.21,M,M,2.00,WABB 240300Z VRB02KT 9999 FEW018 SCT100 30/26 Q1011 NOSIG
WABB,2023-12-24 03:30,6.21,TS,220.00,5.00,WABB 240330Z 22005KT 050V220 9999 TS FEW017CB FEW018 SCT100 30/26 Q1011 NOSIG RMK CB AT NW METAR WIII 240330Z VRB05KT 9000 FEW020 33/23 Q1012 NOSIG
WABB,2023-12-24 04:00,4.35,-RA,330.00,6.00,WABB 240400Z 33006KT 140V330 7000 -RA FEW017CB FEW018 BKN100 26/25 Q1010 NOSIG RMK CB AT NW METAR WIDD 240400Z 04005KT 9999 SCT014 30/25 Q1014 NOSIG
WABB,2023-12-24 04:30,4.97,-RA,100.00,3.00,WABB 240430Z 10003KT 160V100 8000 -RA FEW017CB FEW018 BKN100 27/24 Q1010 NOSIG RMK CB AT NW
WABB,2023-12-24 05:00,4.97,-RA,M,2.00,WABB 240500Z VRB02KT 8000 -RA FEW017CB FEW018 BKN100 27/25 Q1009 NOSIG RMK CB AT NW METAR WIII 240500Z 03010KT 9999 SCT020 34/23 Q1011 NOSIG
WABB,2023-12-24 05:30,6.21,M,M,2.00,WABB 240530Z VRB02KT 9999 FEW017CB FEW018 BKN100 28/24 Q1009 NOSIG RMK CB AT NW
WABB,2023-12-24 06:30,6.21,M,200.00,5.00,WABB 240630Z 20005KT 010V200 9999 FEW017CB FEW018 BKN100 29/25 Q1009 NOSIG RMK CB AT NW METAR WIHH 240630Z 02003KT 5000 HZ SCT018 34/23 Q1009 NOSIG
WABB,2023-12-24 07:30,6.21,M,250.00,9.00,WABB 240730Z 25009KT 080V250 9999 FEW018 BKN100 28/25 Q1009 NOSIG
WABB,2023-12-24 08:00,6.21,M,270.00,6.00,WABB 240800Z 27006KT 080V270 9999 FEW018 BKN100 28/25 Q1009 NOSIG
WABB,2023-12-24 08:30,6.21,M,280.00,4.00,WABB 240830Z 28004KT 110V280 9999 FEW018 BKN100 28/25 Q1009 NOSIG
WABB,2023-12-24 09:00,6.21,M,M,2.00,WABB 240900Z VRB02KT 9999 FEW018 BKN100 28/26 Q1009 NOSIG
WABB,2023-12-24 09:30,6.21,M,280.00,3.00,WABB 240930Z 28003KT 110V280 9999 FEW018 BKN100 27/25 Q1010 NOSIG
WABB,2023-12-24 10:00,6.21,M,360.00,3.00,WABB 241000Z 36003KT 180V360 9999 FEW018 BKN100 27/26 Q1010 NOSIG
WABB,2023-12-24 10:30,6.21,M,0.00,0.00,WABB 241030Z 00000KT 9999 FEW018 SCT100 27/26 Q1010 NOSIG
WABB,2023-12-24 11:00,6.21,M,320.00,3.00,WABB 241100Z 32003KT 140V320 9999 FEW018 SCT100 26/25 Q1010 NOSIG
WABB,2023-12-24 11:30,6.21,M,0.00,0.00,WABB 241130Z 00000KT 9999 FEW018 SCT100 26/25 Q1011 NOSIG
WABB,2023-12-24 12:00,6.21,M,M,2.00,WABB 241200Z VRB02KT 9999 FEW018 SCT100 26/25 Q1011 NOSIG
WABB,2023-12-24 12:30,6.21,M,320.00,4.00,WABB 241230Z 32004KT 140V320 9999 FEW018 SCT100 26/25 Q1011 NOSIG
WABB,2023-12-24 13:00,6.21,M,330.00,4.00,WABB 241300Z 33004KT 150V330 9999 FEW018 SCT100 25/25 Q1011 NOSIG
WABB,2023-12-24 13:30,6.21,M,0.00,0.00,WABB 241330Z 00000KT 9999 FEW018 SCT100 25/25 Q1011 NOSIG
WABB,2023-12-24 14:00,6.21,M,0.00,0.00,WABB 241400Z 00000KT 9999 FEW018 SCT100 25/24 Q1011 NOSIG
WABB,2023-12-24 14:30,6.21,M,350.00,3.00,WABB 241430Z 35003KT 180V350 9999 FEW018 SCT100 25/24 Q1010 NOSIG
WABB,2023-12-24 15:00,6.21,M,M,2.00,WABB 241500Z VRB02KT 9999 FEW018 SCT100 25/24 Q1010 NOSIG
WABB,2023-12-24 15:30,6.21,M,M,2.00,WABB 241530Z VRB02KT 9999 FEW018 SCT100 25/24 Q1010 NOSIG
WABB,2023-12-24 16:00,6.21,M,350.00,3.00,WABB 241600Z 35003KT 160V350 9999 FEW018 SCT100 26/25 Q1010 NOSIG
WABB,2023-12-24 16:30,6.21,M,0.00,0.00,WABB 241630Z 00000KT 9999 FEW018 SCT100 25/25 Q1010 NOSIG
WABB,2023-12-24 17:00,6.21,M,M,2.00,WABB 241700Z VRB02KT 9999 FEW018 SCT100 25/24 Q1009 NOSIG
WABB,2023-12-24 17:30,6.21,M,M,2.00,WABB 241730Z VRB02KT 9999 FEW018 SCT100 25/25 Q1009 NOSIG
WABB,2023-12-24 18:00,6.21,M,M,2.00,WABB 241800Z VRB02KT 9999 FEW018 SCT100 26/25 Q1009 NOSIG
WABB,2023-12-24 18:30,6.21,M,M,2.00,WABB 241830Z VRB02KT 9999 FEW018 SCT100 26/25 Q1009 NOSIG
WABB,2023-12-24 19:00,6.21,M,320.00,3.00,WABB 241900Z 32003KT 140V320 9999 FEW018 SCT100 26/25 Q1009 NOSIG
WABB,2023-12-24 19:30,6.21,M,310.00,3.00,WABB 241930Z 31003KT 130V310 9999 FEW018 SCT100 26/25 Q1009 NOSIG
WABB,2023-12-24 20:00,6.21,M,M,2.00,WABB 242000Z VRB02KT 9999 FEW018 SCT100 26/25 Q1010 NOSIG
WABB,2023-12-24 20:30,6.21,M,M,2.00,WABB 242030Z VRB02KT 9999 FEW018 SCT100 26/25 Q1010 NOSIG
WABB,2023-12-24 21:00,6.21,M,M,2.00,WABB 242100Z VRB02KT 9999 FEW018 SCT100 26/25 Q1010 NOSIG
WABB,2023-12-24 21:30,6.21,M,310.00,3.00,WABB 242130Z 31003KT 120V310 9999 FEW018 SCT100 26/25 Q1010 NOSIG
WABB,2023-12-24 22:00,6.21,M,310.00,3.00,WABB 242200Z 31003KT 140V310 9999 FEW018 SCT100 27/26 Q1011 NOSIG
WABB,2023-12-24 22:30,6.21,M,320.00,4.00,WABB 242230Z 32004KT 130V320 9999 FEW018 SCT100 28/26 Q1011 NOSIG
WABB,2023-12-24 23:00,6.21,M,270.00,3.00,WABB 242300Z 27003KT 090V270 9999 SCT018 29/26 Q1011 NOSIG
WABB,2023-12-24 23:30,6.21,M,290.00,3.00,WABB 242330Z 29003KT 100V290 9999 SCT018 29/26 Q1011 NOSIG
WABB,2023-12-25 00:00,6.21,M,270.00,6.00,WABB 250000Z 27006KT 080V270 9999 SCT018 30/26 Q1011 NOSIG
WABB,2023-12-25 00:30,6.21,M,230.00,6.00,WABB 250030Z 23006KT 050V230 9999 SCT018 30/26 Q1011 NOSIG
WABB,2023-12-25 01:00,6.21,M,230.00,7.00,WABB 250100Z 23007KT 040V230 9999 SCT018 30/26 Q1011 NOSIG
WABB,2023-12-25 01:30,6.21,M,230.00,4.00,WABB 250130Z 23004KT 050V230 9999 SCT018 30/26 Q1010 NOSIG
WABB,2023-12-25 02:00,6.21,M,220.00,6.00,WABB 250200Z 22006KT 050V220 9999 SCT018 30/26 Q1010 NOSIG
WABB,2023-12-25 02:30,6.21,M,230.00,6.00,WABB 250230Z 23006KT 050V230 9999 SCT018 31/26 Q1010 NOSIG
WABB,2023-12-25 03:00,6.21,M,220.00,8.00,WABB 250300Z 22008KT 050V220 9999 SCT018 31/26 Q1010 NOSIG
WABB,2023-12-25 04:00,6.21,VCTS,280.00,6.00,WABB 250400Z 28006KT 280V070 9999 VCTS FEW017CB FEW018 31/26 Q1009 NOSIG RMK CB AT N
WABB,2023-12-25 04:30,6.21,M,260.00,8.00,WABB 250430Z 26008KT 070V260 9999 SCT018 31/25 Q1009 NOSIG
WABB,2023-12-25 05:00,6.21,M,260.00,10.00,WABB 250500Z 26010KT 070V260 9999 SCT018 32/25 Q1008 NOSIG
WABB,2023-12-25 05:30,6.21,M,240.00,7.00,WABB 250530Z 24007KT 070V240 9999 SCT018 31/24 Q1008 NOSIG
WABB,2023-12-25 06:00,6.21,M,250.00,9.00,WABB 250600Z 25009KT 070V250 9999 SCT018 31/24 Q1008 NOSIG
WABB,2023-12-25 06:30,6.21,M,260.00,6.00,WABB 250630Z 26006KT 080V260 9999 SCT018 31/25 Q1008 NOSIG
WABB,2023-12-25 07:00,6.21,M,250.00,4.00,WABB 250700Z 25004KT 070V250 9999 SCT018 31/25 Q1007 NOSIG
WABB,2023-12-25 07:30,6.21,M,220.00,4.00,WABB 250730Z 22004KT 050V220 9999 SCT018 30/25 Q1008 NOSIG
WABB,2023-12-25 08:00,6.21,M,220.00,6.00,WABB 250800Z 22006KT 040V220 9999 SCT018 30/25 Q1008 NOSIG
WABB,2023-12-25 08:30,6.21,M,240.00,3.00,WABB 250830Z 24003KT 070V240 9999 SCT018 30/25 Q1008 NOSIG
WABB,2023-12-25 09:00,6.21,M,M,2.00,WABB 250900Z VRB02KT 9999 SCT018 30/25 Q1009 NOSIG
WABB,2023-12-25 09:30,6.21,M,30.00,5.00,WABB 250930Z 03005KT 030V240 9999 SCT018 SCT100 28/26 Q1009 NOSIG
WABB,2023-12-25 10:00,6.21,M,20.00,4.00,WABB 251000Z 02004KT 180V020 9999 SCT018 SCT100 28/25 Q1009 NOSIG
WABB,2023-12-25 10:30,6.21,M,350.00,6.00,WABB 251030Z 35006KT 270V350 9999 SCT018 28/25 Q1010 NOSIG
WABB,2023-12-25 11:30,6.21,M,340.00,3.00,WABB 251130Z 34003KT 150V340 9999 SCT018 28/25 Q1011 NOSIG
WABB,2023-12-25 12:00,6.21,M,330.00,4.00,WABB 251200Z 33004KT 140V330 9999 SCT018 27/25 Q1011 NOSIG
WABB,2023-12-25 12:30,6.21,M,M,2.00,WABB 251230Z VRB02KT 9999 SCT018 27/25 Q1011 NOSIG
WABB,2023-12-25 13:30,6.21,M,M,2.00,WABB 251330Z VRB02KT 9999 SCT018 27/25 Q1011 NOSIG
WABB,2023-12-25 14:00,6.21,M,0.00,0.00,WABB 251400Z 00000KT 9999 SCT018 27/25 Q1010 NOSIG
WABB,2023-12-25 14:30,6.21,M,M,2.00,WABB 251430Z VRB02KT 9999 SCT018 27/25 Q1010 NOSIG
WABB,2023-12-25 15:00,6.21,M,330.00,5.00,WABB 251500Z 33005KT 150V330 9999 SCT018 27/25 Q1010 NOSIG
WABB,2023-12-25 15:30,6.21,M,330.00,6.00,WABB 251530Z 33006KT 150V330 9999 SCT018 27/25 Q1010 NOSIG
WABB,2023-12-25 16:00,6.21,M,290.00,3.00,WABB 251600Z 29003KT 110V290 9999 SCT018 27/25 Q1009 NOSIG
WABB,2023-12-25 16:30,6.21,M,290.00,4.00,WABB 251630Z 29004KT 120V290 9999 SCT018 27/25 Q1009 NOSIG
WABB,2023-12-25 17:00,6.21,M,320.00,5.00,WABB 251700Z 32005KT 140V320 9999 SCT018 27/25 Q1009 NOSIG
WABB,2023-12-25 17:30,6.21,M,300.00,5.00,WABB 251730Z 30005KT 130V300 9999 SCT018 27/25 Q1008 NOSIG
WABB,2023-12-25 18:00,6.21,M,320.00,6.00,WABB 251800Z 32006KT 130V320 9999 SCT018 27/25 Q1008 NOSIG
WABB,2023-12-25 18:30,6.21,M,320.00,4.00,WABB 251830Z 32004KT 130V320 9999 SCT018 27/25 Q1008 NOSIG
WABB,2023-12-25 19:00,6.21,M,320.00,4.00,WABB 251900Z 32004KT 130V320 9999 SCT018 26/25 Q1008 NOSIG
WABB,2023-12-25 19:30,6.21,M,290.00,3.00,WABB 251930Z 29003KT 110V290 9999 SCT018 26/25 Q1009 NOSIG
WABB,2023-12-25 20:00,6.21,M,300.00,4.00,WABB 252000Z 30004KT 120V300 9999 SCT018 26/25 Q1010 NOSIG
WABB,2023-12-25 20:30,6.21,M,330.00,4.00,WABB 252030Z 33004KT 150V330 9999 SCT018 SCT100 26/25 Q1010 NOSIG
WABB,2023-12-25 21:00,6.21,M,320.00,6.00,WABB 252100Z 32006KT 140V320 9999 SCT018 SCT100 26/25 Q1010 NOSIG
WABB,2023-12-25 21:30,6.21,M,320.00,5.00,WABB 252130Z 32005KT 140V320 9999 SCT018 SCT100 26/25 Q1011 NOSIG
WABB,2023-12-25 22:00,6.21,M,290.00,3.00,WABB 252200Z 29003KT 110V290 9999 SCT018 SCT100 27/25 Q1011 NOSIG
WABB,2023-12-25 22:30,6.21,M,M,2.00,WABB 252230Z VRB02KT 9999 SCT018 SCT100 27/25 Q1011 NOSIG
WABB,2023-12-25 23:00,6.21,M,320.00,4.00,WABB 252300Z 32004KT 140V320 9999 SCT018 BKN100 28/25 Q1012 NOSIG
WABB,2023-12-25 23:30,6.21,M,310.00,5.00,WABB 252330Z 31005KT 140V310 9999 SCT018 BKN100 28/25 Q1012 NOSIG
WABB,2023-12-26 00:00,6.21,M,300.00,7.00,WABB 260000Z 30007KT 140V300 9999 SCT018 BKN100 28/25 Q1012 NOSIG
WABB,2023-12-26 00:30,6.21,M,320.00,5.00,WABB 260030Z 32005KT 150V320 9999 SCT018 BKN100 29/26 Q1012 NOSIG
WABB,2023-12-26 01:00,6.21,M,240.00,8.00,WABB 260100Z 24008KT 110V240 9999 SCT018 BKN100 30/25 Q1012 NOSIG
WABB,2023-12-26 01:30,6.21,M,250.00,8.00,WABB 260130Z 25008KT 070V250 9999 SCT018 BKN100 28/26 Q1012 NOSIG
WABB,2023-12-26 02:00,6.21,M,260.00,4.00,WABB 260200Z 26004KT 080V260 9999 SCT018 BKN100 28/26 Q1011 NOSIG
WABB,2023-12-26 02:30,6.21,M,260.00,8.00,WABB 260230Z 26008KT 080V260 9999 SCT018 BKN100 29/26 Q1011 NOSIG
WABB,2023-12-26 03:00,6.21,M,250.00,5.00,WABB 260300Z 25005KT 080V250 9999 SCT018 BKN100 28/26 Q1011 NOSIG
WABB,2023-12-26 03:30,6.21,M,280.00,6.00,WABB 260330Z 28006KT 080V280 9999 SCT018 BKN100 28/25 Q1011 NOSIG
WABB,2023-12-26 04:00,6.21,TS,280.00,8.00,WABB 260400Z 28008KT 100V280 9999 TS FEW017CB SCT018 BKN100 28/25 Q1011 NOSIG RMK CB AT SE
WABB,2023-12-26 04:30,6.21,TS,290.00,4.00,WABB 260430Z 29004KT 100V290 9999 TS FEW017CB SCT018 BKN100 28/25 Q1010 NOSIG RMK CB AT SE
WABB,2023-12-26 05:00,6.21,TS,290.00,3.00,WABB 260500Z 29003KT 120V290 9999 TS FEW017CB SCT018 BKN100 28/25 Q1010 NOSIG RMK CB AT SE
WABB,2023-12-26 05:30,6.21,TS,280.00,3.00,WABB 260530Z 28003KT 110V280 9999 TS FEW017CB SCT018 BKN100 28/25 Q1010 NOSIG RMK CB AT SE
WABB,2023-12-26 06:00,6.21,-RA,280.00,4.00,WABB 260600Z 28004KT 090V280 9999 -RA SCT018 BKN100 28/25 Q1010 NOSIG
WABB,2023-12-26 06:30,6.21,-RA,280.00,4.00,WABB 260630Z 28004KT 100V280 9999 -RA SCT018 BKN100 28/25 Q1010 NOSIG
WABB,2023-12-26 07:00,6.21,-RA,M,2.00,WABB 260700Z VRB02KT 9999 -RA SCT018 BKN100 28/25 Q1010 NOSIG
WABB,2023-12-26 07:30,6.21,M,M,2.00,WABB 260730Z VRB02KT 9999 SCT018 BKN100 28/25 Q1010 RERA NOSIG
WABB,2023-12-26 08:00,6.21,M,M,2.00,WABB 260800Z VRB02KT 9999 SCT018 BKN100 28/25 Q1010 NOSIG
WABB,2023-12-26 08:30,6.21,M,M,2.00,WABB 260830Z VRB02KT 9999 SCT018 BKN100 28/25 Q1011 NOSIG
WABB,2023-12-26 09:00,6.21,-RA,M,2.00,WABB 260900Z VRB02KT 9999 -RA SCT018 BKN100 28/25 Q1011 NOSIG
WABB,2023-12-26 09:30,6.21,-RA,20.00,3.00,WABB 260930Z 02003KT 020V230 9999 -RA SCT018 BKN100 27/26 Q1011 NOSIG
WABB,2023-12-26 10:00,6.21,M,20.00,3.00,WABB 261000Z 02003KT 020V250 9999 SCT018 BKN100 27/26 Q1012 RERA NOSIG
WABB,2023-12-26 10:30,6.21,M,M,2.00,WABB 261030Z VRB02KT 9999 SCT018 BKN100 26/26 Q1012 NOSIG
WABB,2023-12-26 11:00,6.21,M,0.00,0.00,WABB 261100Z 00000KT 9999 SCT018 OVC100 26/26 Q1013 NOSIG
WABB,2023-12-26 11:30,6.21,M,M,2.00,WABB 261130Z VRB02KT 9999 SCT018 OVC100 26/26 Q1013 NOSIG
WABB,2023-12-26 12:30,6.21,M,M,2.00,WABB 261230Z VRB02KT 9999 SCT018 BKN100 26/25 Q1013 NOSIG
WABB,2023-12-26 13:00,6.21,M,0.00,0.00,WABB 261300Z 00000KT 9999 SCT018 BKN100 26/25 Q1013 NOSIG
WABB,2023-12-26 13:30,6.21,M,M,2.00,WABB 261330Z VRB02KT 9999 FEW017CB SCT018 OVC100 26/26 Q1013 RETS NOSIG RMK CB AT S
WABB,2023-12-26 14:00,5.59,-RA,30.00,4.00,WABB 261400Z 03004KT 030V240 9000 -RA FEW017CB SCT018 OVC100 26/26 Q1013 TEMPO -RA RMK CB AT S
WABB,2023-12-26 14:30,4.97,RA,300.00,9.00,WABB 261430Z 30009KT 120V300 8000 RA FEW017CB BKN018 25/25 Q1014 TEMPO -RA RMK CB AT S
WABB,2023-12-26 15:00,3.11,RA,140.00,2.00,WABB 261500Z 14002KT 5000 RA FEW017CB BKN018 24/24 Q1014 TEMPO -RA RMK CB AT S
WABB,2023-12-26 15:30,4.35,-RA,0.00,0.00,WABB 261530Z 00000KT 7000 -RA FEW017CB BKN018 24/24 Q1013 TEMPO -RA RMK CB AT S
WABB,2023-12-26 16:00,4.35,-RA,M,2.00,WABB 261600Z VRB02KT 7000 -RA FEW017CB BKN018 25/24 Q1012 TEMPO -RA RMK CB AT S
WABB,2023-12-26 16:30,4.35,-RA,180.00,3.00,WABB 261630Z 18003KT 090V180 7000 -RA FEW017CB BKN018 25/25 Q1012 TEMPO -RA RMK CB AT S
WABB,2023-12-26 17:00,4.35,RA,M,2.00,WABB 261700Z VRB02KT 7000 RA FEW017CB BKN018 25/24 Q1012 TEMPO RA RMK CB AT S
WABB,2023-12-26 17:30,4.35,RA,M,2.00,WABB 261730Z VRB02KT 7000 RA FEW017CB BKN018 26/24 Q1011 TEMPO RA RMK CB AT S
WABB,2023-12-26 18:00,5.59,-RA,230.00,3.00,WABB 261800Z 23003KT 070V230 9000 -RA BKN018 OVC100 26/24 Q1011 NOSIG
WABB,2023-12-26 18:30,5.59,-RA,250.00,3.00,WABB 261830Z 25003KT 070V250 9000 -RA BKN018 OVC100 26/24 Q1011 NOSIG
WABB,2023-12-26 19:00,5.59,-RA,340.00,3.00,WABB 261900Z 34003KT 160V340 9000 -RA SCT018 OVC100 25/24 Q1011 NOSIG
WABB,2023-12-26 19:30,6.21,M,M,2.00,WABB 261930Z VRB02KT 9999 SCT018 OVC100 25/24 Q1011 RERA NOSIG
WABB,2023-12-26 20:00,6.21,M,330.00,3.00,WABB 262000Z 33003KT 140V330 9999 SCT018 OVC100 25/24 Q1012 NOSIG
WABB,2023-12-26 20:30,6.21,M,M,2.00,WABB 262030Z VRB02KT 9999 SCT018 OVC100 25/24 Q1012 NOSIG
WABB,2023-12-26 21:00,6.21,M,0.00,0.00,WABB 262100Z 00000KT 9999 SCT018 BKN100 25/24 Q1012 NOSIG
WABB,2023-12-26 21:30,6.21,M,M,2.00,WABB 262130Z VRB02KT 9999 SCT018 BKN100 25/25 Q1013 NOSIG
WABB,2023-12-26 22:00,6.21,M,M,2.00,WABB 262200Z VRB02KT 9999 SCT018 BKN100 26/26 Q1013 NOSIG
WABB,2023-12-26 22:30,5.59,M,320.00,3.00,WABB 262230Z 32003KT 150V320 9000 SCT018 BKN100 27/26 Q1013 NOSIG
WABB,2023-12-26 23:00,5.59,M,350.00,4.00,WABB 262300Z 35004KT 160V350 9000 SCT018 BKN100 28/26 Q1013 NOSIG
WABB,2023-12-26 23:30,5.59,M,310.00,4.00,WABB 262330Z 31004KT 120V310 9000 SCT018 BKN100 28/26 Q1014 NOSIG
WABB,2023-12-27 00:00,6.21,M,300.00,6.00,WABB 270000Z 30006KT 120V300 9999 FEW018 BKN100 29/26 Q1014 NOSIG
WABB,2023-12-27 00:30,6.21,M,230.00,4.00,WABB 270030Z 23004KT 070V230 9999 FEW018 BKN100 29/26 Q1013 NOSIG
WABB,2023-12-27 01:00,6.21,M,260.00,4.00,WABB 270100Z 26004KT 060V260 9999 FEW018 BKN100 30/26 Q1013 NOSIG
WABB,2023-12-27 01:30,6.21,M,240.00,7.00,WABB 270130Z 24007KT 060V240 9999 FEW018 BKN100 30/26 Q1013 NOSIG
WABB,2023-12-27 02:00,6.21,M,230.00,6.00,WABB 270200Z 23006KT 060V230 9999 FEW018 BKN100 30/26 Q1013 NOSIG
WABB,2023-12-27 02:30,6.21,M,240.00,8.00,WABB 270230Z 24008KT 060V240 9999 FEW018 BKN100 30/26 Q1013 NOSIG
WABB,2023-12-27 03:00,6.21,M,240.00,6.00,WABB 270300Z 24006KT 040V240 9999 FEW018 BKN100 31/26 Q1013 NOSIG
WABB,2023-12-27 03:30,6.21,M,220.00,4.00,WABB 270330Z 22004KT 040V220 9999 SCT018 BKN100 30/25 Q1012 NOSIG
WABB,2023-12-27 04:00,6.21,M,230.00,7.00,WABB 270400Z 23007KT 050V230 9999 SCT018 BKN100 30/26 Q1012 NOSIG
WABB,2023-12-27 04:30,6.21,M,50.00,6.00,WABB 270430Z 05006KT 230V050 9999 SCT018 BKN100 29/25 Q1011 NOSIG
WABB,2023-12-27 05:00,6.21,-RA,110.00,2.00,WABB 270500Z 11002KT 9999 -RA SCT018 BKN100 29/25 Q1011 NOSIG
WABB,2023-12-27 05:30,6.21,-RA,100.00,3.00,WABB 270530Z 10003KT 160V100 9999 -RA SCT018 BKN100 29/26 Q1011 NOSIG
WABB,2023-12-27 06:00,6.21,M,10.00,4.00,WABB 270600Z 01004KT 010V260 9999 SCT018 BKN100 28/25 Q1011 RERA NOSIG
WABB,2023-12-27 06:30,6.21,M,40.00,3.00,WABB 270630Z 04003KT 160V040 9999 SCT018 BKN100 30/24 Q1010 NOSIG
WABB,2023-12-27 07:00,6.21,M,310.00,5.00,WABB 270700Z 31005KT 140V310 9999 SCT018 BKN100 30/25 Q1010 NOSIG
WABB,2023-12-27 07:30,6.21,M,350.00,5.00,WABB 270730Z 35005KT 160V350 9999 SCT018 BKN100 30/25 Q1010 NOSIG
WABB,2023-12-27 08:00,6.21,M,290.00,6.00,WABB 270800Z 29006KT 120V290 9999 SCT018 BKN100 30/25 Q1011 NOSIG
WABB,2023-12-27 08:30,6.21,M,300.00,4.00,WABB 270830Z 30004KT 130V300 9999 SCT018 BKN100 29/25 Q1011 NOSIG
WABB,2023-12-27 09:00,6.21,M,280.00,3.00,WABB 270900Z 28003KT 100V280 9999 SCT018 BKN100 29/24 Q1011 NOSIG
WABB,2023-12-27 09:30,6.21,M,M,2.00,WABB 270930Z VRB02KT 9999 SCT018 BKN100 28/25 Q1011 NOSIG
WABB,2023-12-27 10:00,6.21,M,M,2.00,WABB 271000Z VRB02KT 9999 SCT018 BKN100 27/25 Q1012 NOSIG
WABB,2023-12-27 10:30,6.21,M,0.00,0.00,WABB 271030Z 00000KT 9999 SCT018 BKN100 27/25 Q1012 NOSIG
WABB,2023-12-27 11:00,6.21,M,0.00,0.00,WABB 271100Z 00000KT 9999 SCT018 BKN100 26/25 Q1012 NOSIG
WABB,2023-12-27 11:30,6.21,M,M,2.00,WABB 271130Z VRB02KT 9999 SCT018 SCT100 26/25 Q1013 NOSIG
WABB,2023-12-27 12:00,6.21,M,M,2.00,WABB 271200Z VRB02KT 9999 SCT018 SCT100 26/25 Q1013 NOSIG
WABB,2023-12-27 12:30,6.21,M,330.00,3.00,WABB 271230Z 33003KT 140V330 9999 SCT018 SCT100 26/25 Q1013 NOSIG
WABB,2023-12-27 13:00,6.21,M,330.00,3.00,WABB 271300Z 33003KT 150V330 9999 SCT018 SCT100 26/25 Q1013 NOSIG
WABB,2023-12-27 13:30,6.21,M,M,2.00,WABB 271330Z VRB02KT 9999 SCT018 SCT100 26/25 Q1012 NOSIG
WABB,2023-12-27 14:00,6.21,M,340.00,3.00,WABB 271400Z 34003KT 160V340 9999 SCT018 SCT100 26/25 Q1012 NOSIG
WABB,2023-12-27 14:30,6.21,M,M,2.00,WABB 271430Z VRB02KT 9999 SCT018 SCT100 26/25 Q1012 NOSIG
WABB,2023-12-27 15:00,6.21,M,M,2.00,WABB 271500Z VRB02KT 9999 SCT018 SCT100 26/25 Q1012 NOSIG
WABB,2023-12-27 15:30,6.21,M,M,2.00,WABB 271530Z VRB02KT 9999 SCT018 SCT100 26/25 Q1012 NOSIG
WABB,2023-12-27 16:00,6.21,M,320.00,3.00,WABB 271600Z 32003KT 140V320 9999 SCT018 SCT100 26/25 Q1011 NOSIG
WABB,2023-12-27 16:30,6.21,M,330.00,4.00,WABB 271630Z 33004KT 140V330 9999 SCT018 SCT100 26/25 Q1011 NOSIG
WABB,2023-12-27 17:00,6.21,M,310.00,3.00,WABB 271700Z 31003KT 140V310 9999 SCT018 SCT100 26/25 Q1011 NOSIG
WABB,2023-12-27 17:30,6.21,M,M,2.00,WABB 271730Z VRB02KT 9999 SCT018 SCT100 26/25 Q1011 NOSIG
WABB,2023-12-27 18:00,6.21,M,320.00,3.00,WABB 271800Z 32003KT 150V320 9999 SCT018 SCT100 26/25 Q1011 NOSIG
WABB,2023-12-27 18:30,6.21,M,310.00,3.00,WABB 271830Z 31003KT 130V310 9999 SCT018 SCT100 26/25 Q1010 NOSIG
WABB,2023-12-27 19:00,6.21,M,M,2.00,WABB 271900Z VRB02KT 9999 SCT018 SCT100 26/25 Q1010 NOSIG
WABB,2023-12-27 19:30,6.21,M,340.00,3.00,WABB 271930Z 34003KT 160V340 9999 SCT018 SCT100 26/24 Q1011 NOSIG
WABB,2023-12-27 20:00,6.21,M,M,2.00,WABB 272000Z VRB02KT 9999 SCT018 SCT100 26/24 Q1011 NOSIG
WABB,2023-12-27 20:30,6.21,M,320.00,4.00,WABB 272030Z 32004KT 140V320 9999 SCT018 SCT100 26/24 Q1011 NOSIG
WABB,2023-12-27 21:00,6.21,M,330.00,4.00,WABB 272100Z 33004KT 150V330 9999 SCT018 SCT100 26/24 Q1012 NOSIG
WABB,2023-12-27 21:30,6.21,M,320.00,3.00,WABB 272130Z 32003KT 140V320 9999 SCT018 SCT100 26/25 Q1012 NOSIG
WABB,2023-12-27 22:00,6.21,M,320.00,3.00,WABB 272200Z 32003KT 140V320 9999 SCT018 SCT100 28/25 Q1012 NOSIG
WABB,2023-12-27 22:30,6.21,M,320.00,5.00,WABB 272230Z 32005KT 140V320 9999 SCT018 SCT100 29/25 Q1012 NOSIG
WABB,2023-12-27 23:00,6.21,M,340.00,3.00,WABB 272300Z 34003KT 140V340 9999 FEW018 SCT100 29/25 Q1013 NOSIG
WABB,2023-12-27 23:30,6.21,M,300.00,6.00,WABB 272330Z 30006KT 120V300 9999 FEW018 SCT100 30/26 Q1013 NOSIG
WABB,2023-12-28 00:00,6.21,M,270.00,4.00,WABB 280000Z 27004KT 080V270 9999 FEW018 SCT100 30/26 Q1013 NOSIG
WABB,2023-12-28 00:30,6.21,M,220.00,4.00,WABB 280030Z 22004KT 050V220 9999 FEW018 SCT100 30/26 Q1013 NOSIG
WABB,2023-12-28 01:00,6.21,M,210.00,4.00,WABB 280100Z 21004KT 040V210 9999 SCT018 SCT100 30/26 Q1013 NOSIG
WABB,2023-12-28 01:30,6.21,M,230.00,7.00,WABB 280130Z 23007KT 040V230 9999 SCT018 SCT100 30/26 Q1012 NOSIG
WABB,2023-12-28 02:00,6.21,M,200.00,4.00,WABB 280200Z 20004KT 040V200 9999 SCT018 SCT100 30/26 Q1012 NOSIG
WABB,2023-12-28 02:30,6.21,M,220.00,3.00,WABB 280230Z 22003KT 060V220 9999 SCT018 SCT100 31/26 Q1011 NOSIG
WABB,2023-12-28 03:00,6.21,M,240.00,7.00,WABB 280300Z 24007KT 050V240 9999 SCT018 SCT100 31/26 Q1011 NOSIG
WABB,2023-12-28 03:30,6.21,M,280.00,5.00,WABB 280330Z 28005KT 280V060 9999 SCT018 SCT100 31/26 Q1011 NOSIG
WABB,2023-12-28 04:00,6.21,M,230.00,5.00,WABB 280400Z 23005KT 050V230 9999 SCT018 SCT100 31/26 Q1010 NOSIG
WABB,2023-12-28 04:30,6.21,M,200.00,6.00,WABB 280430Z 20006KT 070V200 9999 SCT018 SCT100 31/26 Q1010 NOSIG
WABB,2023-12-28 05:00,6.21,M,250.00,6.00,WABB 280500Z 25006KT 060V250 9999 SCT018 SCT100 31/26 Q1009 NOSIG
WABB,2023-12-28 05:30,6.21,M,240.00,3.00,WABB 280530Z 24003KT 060V240 9999 SCT018 SCT100 31/26 Q1009 NOSIG
WABB,2023-12-28 06:00,6.21,M,230.00,6.00,WABB 280600Z 23006KT 060V230 9999 SCT018 SCT100 31/26 Q1009 NOSIG
WABB,2023-12-28 06:30,6.21,M,240.00,7.00,WABB 280630Z 24007KT 050V240 9999 SCT018 SCT100 30/26 Q1009 NOSIG
WABB,2023-12-28 07:00,6.21,M,240.00,5.00,WABB 280700Z 24005KT 070V240 9999 SCT018 SCT100 30/26 Q1009 NOSIG
WABB,2023-12-28 07:30,6.21,M,230.00,5.00,WABB 280730Z 23005KT 050V230 9999 SCT018 SCT100 31/26 Q1009 NOSIG
WABB,2023-12-28 08:00,6.21,M,240.00,3.00,WABB 280800Z 24003KT 050V240 9999 SCT018 SCT100 31/26 Q1009 NOSIG
WABB,2023-12-28 08:30,6.21,M,M,2.00,WABB 280830Z VRB02KT 9999 SCT018 SCT100 30/25 Q1010 NOSIG
WABB,2023-12-28 09:00,6.21,M,350.00,3.00,WABB 280900Z 35003KT 350V140 9999 SCT018 SCT100 29/26 Q1010 NOSIG
WABB,2023-12-28 09:30,6.21,M,40.00,5.00,WABB 280930Z 04005KT 240V040 9999 SCT018 SCT100 28/26 Q1010 NOSIG
WABB,2023-12-28 10:00,6.21,M,40.00,6.00,WABB 281000Z 04006KT 240V040 9999 SCT018 SCT100 28/26 Q1011 NOSIG
WABB,2023-12-28 10:30,6.21,M,30.00,6.00,WABB 281030Z 03006KT 030V240 9999 SCT018 SCT100 28/26 Q1011 NOSIG
WABB,2023-12-28 11:00,6.21,VCTS,30.00,6.00,WABB 281100Z 03006KT 030V240 9999 VCTS FEW017CB SCT018 SCT100 28/26 Q1011 NOSIG RMK CB AT N METAR WIII 281100Z 03006KT 9000 FEW020 31/26 Q1008 NOSIG
WABB,2023-12-28 12:00,6.21,M,20.00,4.00,WABB 281200Z 02004KT 020V260 9999 FEW017CB SCT018 SCT100 27/26 Q1011 NOSIG RMK CB AT N METAR WIDD 281200Z 00000KT 9999 R22/1000 RA BKN013 27/26 Q1012 BECMG 1300 NSW
WABB,2023-12-28 12:30,6.21,M,40.00,3.00,WABB 281230Z 04003KT 040V250 9999 FEW017CB SCT018 SCT100 28/26 Q1012 NOSIG RMK CB AT N
WABB,2023-12-28 13:00,6.21,M,360.00,4.00,WABB 281300Z 36004KT 270V360 9999 FEW017CB SCT018 SCT100 28/26 Q1011 NOSIG RMK CB AT N
WABB,2023-12-28 13:30,6.21,M,350.00,5.00,WABB 281330Z 35005KT 170V350 9999 FEW017CB SCT018 SCT100 28/26 Q1011 NOSIG RMK CB AT N METAR WIHH 281330Z 23005KT 6000 SCT020 28/25 Q1011 NOSIG
WABB,2023-12-28 14:00,6.21,M,310.00,3.00,WABB 281400Z 31003KT 130V310 9999 FEW017CB SCT018 SCT100 27/26 Q1011 NOSIG RMK CB AT N
WABB,2023-12-28 14:30,6.21,M,310.00,4.00,WABB 281430Z 31004KT 140V310 9999 FEW017CB SCT018 SCT100 27/26 Q1011 NOSIG RMK CB AT N METAR WIHH 281430Z 20004KT 6000 SCT020 28/25 Q1011 NOSIG
WABB,2023-12-28 15:00,6.21,M,300.00,5.00,WABB 281500Z 30005KT 120V300 9999 FEW017CB SCT018 SCT100 27/25 Q1011 NOSIG RMK CB AT N
WABB,2023-12-28 15:30,6.21,M,300.00,3.00,WABB 281530Z 30003KT 120V300 9999 FEW017CB SCT018 SCT100 27/25 Q1011 NOSIG RMK CB AT N
WABB,2023-12-28 16:00,6.21,M,300.00,3.00,WABB 281600Z 30003KT 120V300 9999 SCT018 SCT100 26/25 Q1010 NOSIG
WABB,2023-12-28 16:30,6.21,M,M,2.00,WABB 281630Z VRB02KT 9999 SCT018 SCT100 26/25 Q1010 NOSIG
WABB,2023-12-28 17:00,6.21,M,0.00,0.00,WABB 281700Z 00000KT 9999 SCT018 SCT100 26/26 Q1010 NOSIG
WABB,2023-12-28 17:30,6.21,M,M,2.00,WABB 281730Z VRB02KT 9999 SCT018 SCT100 27/26 Q1009 NOSIG
WABB,2023-12-28 18:00,6.21,M,M,2.00,WABB 281800Z VRB02KT 9999 SCT018 SCT100 27/25 Q1010 NOSIG
WABB,2023-12-28 18:30,6.21,M,M,2.00,WABB 281830Z VRB02KT 9999 SCT018 SCT100 27/25 Q1009 NOSIG
WABB,2023-12-28 19:00,6.21,M,M,2.00,WABB 281900Z VRB02KT 9999 SCT018 SCT100 26/25 Q1009 NOSIG
WABB,2023-12-28 19:30,6.21,M,260.00,4.00,WABB 281930Z 26004KT 080V260 9999 SCT018 SCT100 27/25 Q1010 NOSIG
WABB,2023-12-28 20:00,6.21,M,0.00,0.00,WABB 282000Z 00000KT 9999 SCT018 SCT100 26/25 Q1010 NOSIG
WABB,2023-12-28 20:30,6.21,M,300.00,4.00,WABB 282030Z 30004KT 120V300 9999 SCT018 SCT100 26/25 Q1010 NOSIG
WABB,2023-12-28 21:00,6.21,M,300.00,4.00,WABB 282100Z 30004KT 120V300 9999 SCT018 SCT100 26/25 Q1011 NOSIG
WABB,2023-12-28 21:30,6.21,M,310.00,4.00,WABB 282130Z 31004KT 140V310 9999 SCT018 SCT100 26/25 Q1011 NOSIG
WABB,2023-12-28 22:00,6.21,M,M,2.00,WABB 282200Z VRB02KT 9999 SCT018 SCT100 27/25 Q1011 NOSIG
WABB,2023-12-28 22:30,6.21,M,0.00,0.00,WABB 282230Z 00000KT 9999 SCT018 SCT100 27/26 Q1012 NOSIG
WABB,2023-12-28 23:00,6.21,M,280.00,3.00,WABB 282300Z 28003KT 100V280 9999 SCT018 SCT100 28/26 Q1012 NOSIG
WABB,2023-12-28 23:30,6.21,M,M,2.00,WABB 282330Z VRB02KT 9999 SCT018 SCT100 28/26 Q1012 NOSIG
WABB,2023-12-29 00:00,6.21,M,M,2.00,WABB 290000Z VRB02KT 9999 SCT018 SCT100 28/26 Q1012 NOSIG
WABB,2023-12-29 00:30,6.21,M,0.00,0.00,WABB 290030Z 00000KT 9999 FEW011CB SCT018 SCT100 28/25 Q1013 NOSIG RMK CB AT E
WABB,2023-12-29 01:00,6.21,M,0.00,0.00,WABB 290100Z 00000KT 9999 FEW011CB SCT018 SCT100 28/25 Q1012 NOSIG RMK CB AT S
WABB,2023-12-29 01:30,6.21,M,250.00,5.00,WABB 290130Z 25005KT 060V250 9999 FEW011CB SCT018 SCT100 28/25 Q1012 NOSIG RMK CB AT S
WABB,2023-12-29 02:00,6.21,M,140.00,3.00,WABB 290200Z 14003KT 9999 FEW011CB SCT018 SCT100 27/26 Q1012 NOSIG RMK CB AT S
WABB,2023-12-29 02:30,6.21,M,160.00,3.00,WABB 290230Z 16003KT 9999 FEW011CB SCT018 SCT100 27/25 Q1012 NOSIG RMK CB AT S
WABB,2023-12-29 03:00,6.21,M,0.00,0.00,WABB 290300Z 00000KT 9999 FEW011CB FEW018 SCT100 27/25 Q1011 NOSIG RMK CB AT NE
WABB,2023-12-29 03:30,6.21,M,110.00,3.00,WABB 290330Z 11003KT 160V100 9999 FEW011CB FEW018 SCT100 28/25 Q1011 NOSIG RMK CB AT NE
WABB,2023-12-29 04:00,6.21,M,100.00,6.00,WABB 290400Z 10006KT 170V100 9999 FEW011CB FEW018 SCT100 28/25 Q1010 NOSIG RMK CB AT NE
WABB,2023-12-29 04:30,6.21,M,100.00,5.00,WABB 290430Z 10005KT 160V100 9999 FEW018 SCT100 28/25 Q1010 NOSIG
WABB,2023-12-29 05:00,6.21,M,M,2.00,WABB 290500Z VRB02KT 9999 FEW018 SCT100 28/25 Q1010 NOSIG
WABB,2023-12-29 05:30,6.21,M,120.00,4.00,WABB 290530Z 12004KT 150V090 9999 FEW018 SCT100 28/25 Q1010 NOSIG
WABB,2023-12-29 06:00,6.21,M,100.00,6.00,WABB 290600Z 10006KT 160V100 9999 FEW018 SCT100 29/25 Q1009 NOSIG
WABB,2023-12-29 06:30,6.21,M,120.00,4.00,WABB 290630Z 12004KT 9999 FEW018 SCT100 28/25 Q1009 NOSIG
WABB,2023-12-29 07:00,6.21,M,140.00,5.00,WABB 290700Z 14005KT 170V110 9999 FEW018 SCT100 28/25 Q1009 NOSIG
WABB,2023-12-29 07:30,6.21,M,80.00,5.00,WABB 290730Z 08005KT 190V080 9999 FEW018 SCT100 28/25 Q1009 NOSIG
WABB,2023-12-29 08:00,6.21,M,90.00,5.00,WABB 290800Z 09005KT 180V090 9999 FEW018 SCT100 28/25 Q1009 NOSIG
WABB,2023-12-29 08:30,6.21,M,70.00,4.00,WABB 290830Z 07004KT 200V070 9999 FEW018 SCT100 28/25 Q1010 NOSIG
WABB,2023-12-29 09:00,6.21,M,70.00,4.00,WABB 290900Z 07004KT 190V070 9999 FEW018 SCT100 28/25 Q1010 NOSIG
WABB,2023-12-29 09:30,6.21,M,60.00,3.00,WABB 290930Z 06003KT 200V060 9999 FEW018 SCT100 27/25 Q1010 NOSIG
WABB,2023-12-29 10:00,6.21,M,M,2.00,WABB 291000Z VRB02KT 9999 FEW018 SCT100 27/25 Q1010 NOSIG
WABB,2023-12-29 10:30,6.21,M,340.00,3.00,WABB 291030Z 34003KT 160V340 9999 FEW018 SCT100 26/25 Q1010 NOSIG
WABB,2023-12-29 11:00,6.21,M,340.00,3.00,WABB 291100Z 34003KT 150V340 9999 FEW018 SCT100 26/25 Q1010 NOSIG
WABB,2023-12-29 11:30,6.21,M,M,2.00,WABB 291130Z VRB02KT 9999 FEW018 SCT100 26/25 Q1010 NOSIG
WABB,2023-12-29 12:00,6.21,M,320.00,3.00,WABB 291200Z 32003KT 130V320 9999 FEW018 SCT100 26/25 Q1010 NOSIG
WABB,2023-12-29 12:30,6.21,M,M,2.00,WABB 291230Z VRB02KT 9999 FEW018 SCT100 26/25 Q1010 NOSIG
WABB,2023-12-29 13:00,6.21,M,0.00,0.00,WABB 291300Z 00000KT 9999 FEW018 SCT100 26/25 Q1010 NOSIG
WABB,2023-12-29 13:30,6.21,M,350.00,3.00,WABB 291330Z 35003KT 170V350 9999 FEW018 SCT100 26/25 Q1010 NOSIG
WABB,2023-12-29 14:00,6.21,M,300.00,4.00,WABB 291400Z 30004KT 130V300 9999 FEW018 SCT100 26/25 Q1010 NOSIG
WABB,2023-12-29 14:30,6.21,M,320.00,3.00,WABB 291430Z 32003KT 140V320 9999 FEW018 SCT100 26/25 Q1009 NOSIG
WABB,2023-12-29 15:00,6.21,M,M,2.00,WABB 291500Z VRB02KT 9999 FEW018 SCT100 26/25 Q1009 NOSIG
WABB,2023-12-29 15:30,6.21,M,M,2.00,WABB 291530Z VRB02KT 9999 FEW018 SCT100 25/25 Q1009 NOSIG
WABB,2023-12-29 16:00,6.21,M,0.00,0.00,WABB 291600Z 00000KT 9999 FEW018 SCT100 25/25 Q1009 NOSIG
WABB,2023-12-29 16:30,6.21,M,M,2.00,WABB 291630Z VRB02KT 9999 FEW018 SCT100 25/25 Q1009 NOSIG
WABB,2023-12-29 17:00,6.21,M,M,2.00,WABB 291700Z VRB02KT 9999 FEW018 SCT100 26/24 Q1008 NOSIG
WABB,2023-12-29 17:30,6.21,M,M,2.00,WABB 291730Z VRB02KT 9999 FEW018 SCT100 25/24 Q1008 NOSIG
WABB,2023-12-29 18:00,6.21,M,M,2.00,WABB 291800Z VRB02KT 9999 FEW018 SCT100 25/24 Q1008 NOSIG
WABB,2023-12-29 18:30,6.21,M,M,2.00,WABB 291830Z VRB02KT 9999 FEW018 SCT100 25/24 Q1008 NOSIG
WABB,2023-12-29 19:00,6.21,M,360.00,3.00,WABB 291900Z 36003KT 260V360 9999 FEW018 SCT100 25/24 Q1009 NOSIG
WABB,2023-12-29 19:30,6.21,M,10.00,3.00,WABB 291930Z 01003KT 010V260 9999 FEW018 SCT100 25/25 Q1009 NOSIG
WABB,2023-12-29 20:00,6.21,M,M,2.00,WABB 292000Z VRB02KT 9999 FEW018 SCT100 25/25 Q1009 NOSIG
WABB,2023-12-29 20:30,6.21,M,0.00,0.00,WABB 292030Z 00000KT 9999 FEW018 SCT100 25/24 Q1010 NOSIG
WABB,2023-12-29 21:00,6.21,M,M,2.00,WABB 292100Z VRB02KT 9999 FEW018 SCT100 24/24 Q1010 NOSIG
WABB,2023-12-29 21:30,6.21,M,M,2.00,WABB 292130Z VRB02KT 9999 FEW018 SCT100 26/25 Q1010 NOSIG
WABB,2023-12-29 22:00,6.21,M,M,2.00,WABB 292200Z VRB02KT 9999 FEW018 SCT100 28/26 Q1011 NOSIG
WABB,2023-12-29 22:30,6.21,M,M,2.00,WABB 292230Z VRB02KT 9999 FEW018 SCT100 28/26 Q1011 NOSIG
WABB,2023-12-29 23:00,6.21,M,130.00,5.00,WABB 292300Z 13005KT 160V100 9999 FEW018 SCT100 29/25 Q1011 NOSIG
WABB,2023-12-29 23:30,6.21,M,110.00,5.00,WABB 292330Z 11005KT 170V110 9999 FEW018 SCT100 28/26 Q1011 NOSIG
WABB,2023-12-30 00:00,6.21,M,80.00,5.00,WABB 300000Z 08005KT 180V080 9999 FEW018 SCT100 28/26 Q1011 NOSIG
WABB,2023-12-30 00:30,6.21,M,130.00,4.00,WABB 300030Z 13004KT 160V100 9999 FEW018 SCT100 29/26 Q1011 NOSIG
WABB,2023-12-30 01:00,6.21,M,130.00,5.00,WABB 300100Z 13005KT 9999 FEW018 SCT100 29/26 Q1011 NOSIG
WABB,2023-12-30 01:30,6.21,M,140.00,6.00,WABB 300130Z 14006KT 9999 FEW018 SCT100 29/26 Q1011 NOSIG
WABB,2023-12-30 02:00,6.21,M,130.00,7.00,WABB 300200Z 13007KT 9999 FEW018 SCT100 29/26 Q1010 NOSIG
WABB,2023-12-30 02:30,6.21,M,160.00,4.00,WABB 300230Z 16004KT 100V160 9999 FEW018 SCT100 31/26 Q1010 NOSIG
WABB,2023-12-30 03:00,5.59,VCSH,60.00,8.00,WABB 300300Z 06008KT 220V060 9000 VCSH FEW018 SCT100 28/26 Q1010 RERA NOSIG
WABB,2023-12-30 03:30,2.49,-RA,340.00,3.00,WABB 300330Z 34003KT 170V340 4000 -RA FEW018 SCT100 26/25 Q1010 NOSIG
WABB,2023-12-30 04:00,4.97,-TSRA,M,2.00,WABB 300400Z VRB02KT 8000 -TSRA FEW018CB BKN100 28/26 Q1009 NOSIG RMK CB AT N
WABB,2023-12-30 04:30,6.21,M,230.00,3.00,WABB 300430Z 23003KT 030V230 9999 FEW018CB BKN100 29/27 Q1008 RETSRA NOSIG RMK CB AT N METAR WIII 300430Z 34006KT 9000 FEW020 31/26 Q1009 NOSIG
WABB,2023-12-30 05:00,6.21,M,240.00,7.00,WABB 300500Z 24007KT 040V240 9999 FEW018 BKN100 30/26 Q1008 NOSIG
WABB,2023-12-30 05:30,5.59,-RA,M,2.00,WABB 300530Z VRB02KT 9000 -RA FEW018 BKN100 29/26 Q1008 NOSIG
WABB,2023-12-30 06:00,6.21,M,M,2.00,WABB 300600Z VRB02KT 9999 FEW018 BKN100 28/25 Q1008 RERA NOSIG
WABB,2023-12-30 06:30,6.21,M,230.00,3.00,WABB 300630Z 23003KT 030V230 9999 FEW018 BKN100 30/26 Q1008 NOSIG
WABB,2023-12-30 07:00,2.49,-RA,310.00,6.00,WABB 300700Z 31006KT 150V310 4000 -RA FEW018 BKN100 26/25 Q1008 NOSIG
WABB,2023-12-30 08:30,6.21,M,M,2.00,WABB 300830Z VRB02KT 9999 FEW018 BKN100 28/26 Q1008 NOSIG
WABB,2023-12-30 09:30,6.21,M,0.00,0.00,WABB 300930Z 00000KT 9999 FEW018 27/26 Q1009 NOSIG
WABB,2023-12-30 10:00,6.21,M,M,2.00,WABB 301000Z VRB02KT 9999 FEW018 26/26 Q1009 NOSIG
WABB,2023-12-30 10:30,6.21,M,40.00,3.00,WABB 301030Z 04003KT 230V040 9999 FEW018 26/26 Q1009 NOSIG
WABB,2023-12-30 11:00,6.21,M,M,2.00,WABB 301100Z VRB02KT 9999 FEW018 26/26 Q1010 NOSIG
WABB,2023-12-30 11:30,6.21,M,M,2.00,WABB 301130Z VRB02KT 9999 FEW018 26/25 Q1010 NOSIG
WABB,2023-12-30 12:00,6.21,M,0.00,0.00,WABB 301200Z 00000KT 9999 FEW018 26/25 Q1010 NOSIG
WABB,2023-12-30 12:30,6.21,M,340.00,3.00,WABB 301230Z 34003KT 160V340 9999 FEW018 25/25 Q1010 NOSIG
WABB,2023-12-30 13:00,6.21,M,20.00,3.00,WABB 301300Z 02003KT 020V250 9999 FEW018 26/25 Q1010 NOSIG
WABB,2023-12-30 13:30,6.21,M,M,2.00,WABB 301330Z VRB02KT 9999 FEW018 25/25 Q1010 NOSIG DUPE
WABB,2023-12-30 14:00,6.21,M,M,2.00,WABB 301400Z VRB02KT 9999 FEW018 25/25 Q1010 NOSIG
WABB,2023-12-30 14:30,6.21,M,50.00,3.00,WABB 301430Z 05003KT 220V050 9999 FEW018 25/25 Q1010 NOSIG
WABB,2023-12-30 15:00,6.21,M,M,2.00,WABB 301500Z VRB02KT 9999 FEW018 25/25 Q1010 NOSIG
WABB,2023-12-30 15:30,6.21,M,M,2.00,WABB 301530Z VRB02KT 9999 FEW018 25/25 Q1010 NOSIG
WABB,2023-12-30 16:00,6.21,M,M,2.00,WABB 301600Z VRB02KT 9999 FEW018 25/24 Q1010 NOSIG
WABB,2023-12-30 16:30,6.21,M,M,2.00,WABB 301630Z VRB02KT 9999 FEW018 25/24 Q1009 NOSIG
WABB,2023-12-30 17:00,6.21,M,M,2.00,WABB 301700Z VRB02KT 9999 FEW018 25/24 Q1009 NOSIG
WABB,2023-12-30 17:30,6.21,M,320.00,3.00,WABB 301730Z 32003KT 140V320 9999 FEW018 24/24 Q1008 NOSIG
WABB,2023-12-30 18:00,6.21,M,320.00,3.00,WABB 301800Z 32003KT 130V320 9999 FEW018 24/24 Q1008 NOSIG
WABB,2023-12-30 18:30,6.21,M,350.00,3.00,WABB 301830Z 35003KT 160V350 9999 FEW018 24/24 Q1008 NOSIG
WABB,2023-12-30 19:00,6.21,M,M,2.00,WABB 301900Z VRB02KT 9999 FEW018 25/24 Q1008 NOSIG
WABB,2023-12-30 19:30,6.21,M,M,2.00,WABB 301930Z VRB02KT 9999 FEW018 24/24 Q1009 NOSIG
WABB,2023-12-30 20:00,6.21,M,330.00,3.00,WABB 302000Z 33003KT 170V330 9999 FEW018 24/24 Q1009 NOSIG
WABB,2023-12-30 20:30,6.21,M,M,2.00,WABB 302030Z VRB02KT 9999 FEW018 24/24 Q1009 NOSIG
WABB,2023-12-30 21:00,6.21,M,360.00,3.00,WABB 302100Z 36003KT 270V360 9999 FEW018 25/24 Q1010 NOSIG
WABB,2023-12-30 21:30,6.21,M,M,2.00,WABB 302130Z VRB02KT 9999 FEW018 25/25 Q1010 NOSIG
WABB,2023-12-30 22:00,6.21,M,M,2.00,WABB 302200Z VRB02KT 9999 FEW018 26/26 Q1011 NOSIG
WABB,2023-12-30 22:30,6.21,M,M,2.00,WABB 302230Z VRB02KT 9999 FEW018 28/26 Q1011 NOSIG
WABB,2023-12-30 23:00,6.21,M,M,2.00,WABB 302300Z VRB02KT 9999 FEW018 29/25 Q1011 NOSIG
WABB,2023-12-30 23:30,6.21,M,M,2.00,WABB 302330Z VRB02KT 9999 FEW018 30/25 Q1011 NOSIG
