{"type":"FeatureCollection","features":[{"type":"Feature","properties":{"WADMKD":"Adainasnosen","WADMKC":"Samofa","WADMKK":"Biak Numfor"},"geometry":{"type":"Polygon","coordinates":[[[136.076018,-1.145247],[136.064772,-1.141501],[136.064765,-1.148528],[136.075443,-1.152337],[136.076018,-1.145247]]]}},{"type":"Feature","properties":{"WADMKD":"Adoki","WADMKC":"Yendidori","WADMKK":"Biak Numfor"},"geometry":{"type":"MultiPolygon","coordinates":[[[[135.981104,-1.14799],[135.981526,-1.147643],[135.981371,-1.147572],[135.981104,-1.14799]]],[[[135.983152,-1.146605],[135.983592,-1.146464],[135.983554,-1.146362],[135.983152,-1.146605]]],[[[135.982138,-1.146016],[135.982518,-1.145872],[135.982185,-1.145764],[135.982138,-1.146016]]],[[[136.013453,-1.144301],[136.012937,-1.131051],[135.975829,-1.130278],[135.975662,-1.14721],[135.98344,-1.143804],[135.999792,-1.142334],[136.013453,-1.144301]]]]}},{"type":"Feature","properties":{"WADMKD":"Adorbari","WADMKC":"Biak Timur","WADMKK":"Biak Numfor"},"geometry":{"type":"Polygon","coordinates":[[[136.234253,-1.167717],[136.228807,-1.166739],[136.226008,-1.167132],[136.22774,-1.170873],[136.234712,-1.171177],[136.234253,-1.167717]]]}},{"type":"Feature","properties":{"WADMKD":"Afefbo","WADMKC":"Biak Timur","WADMKK":"Biak Numfor"},"geometry":{"type":"Polygon","coordinates":[[[136.205469,-1.170031],[136.203402,-1.153541],[136.19568,-1.133372],[136.190176,-1.125947],[136.172418,-1.135509],[136.184892,-1.179678],[136.190772,-1.18016],[136.197708,-1.177325],[136.19654,-1.172219],[136.205469,-1.170031]]]}},{"type":"Feature","properties":{"WADMKD":"Aman","WADMKC":"Warsa","WADMKK":"Biak Numfor"},"geometry":{"type":"Polygon","coordinates":[[[135.957222,-0.79853],[135.946928,-0.795136],[135.944279,-0.799466],[135.949973,-0.79966],[135.954006,-0.804991],[135.957222,-0.79853]]]}},{"type":"Feature","properties":{"WADMKD":"Amberparem","WADMKC":"Bruyadori","WADMKK":"Biak Numfor"},"geometry":{"type":"Polygon","coordinates":[[[134.942378,-1.071443],[134.9234,-1.075003],[134.919649,-1.065477],[134.900037,-1.074335],[134.900036,-1.095667],[134.916591,-1.097],[134.918279,-1.088071],[134.94527,-1.079154],[134.942378,-1.071443]]]}},{"type":"Feature","properties":{"WADMKD":"Amoi","WADMKC":"Warsa","WADMKK":"Biak Numfor"},"geometry":{"type":"Polygon","coordinates":[[[135.9486,-0.825896],[135.932622,-0.81411],[135.929053,-0.815716],[135.92132,-0.813634],[135.912516,-0.821695],[135.905675,-0.823807],[135.901999,-0.822142],[135.897859,-0.82856],[135.878848,-0.840188],[135.881441,-0.843226],[135.876832,-0.850356],[135.880107,-0.852418],[135.877847,-0.856383],[135.88247,-0.859765],[135.876979,-0.865675],[135.876196,-0.871961],[135.882385,-0.87468],[135.888916,-0.872875],[135.891646,-0.875703],[135.9486,-0.825896]]]}},{"type":"Feature","properties":{"WADMKD":"Ampunbukor","WADMKC":"Biak Barat","WADMKK":"Biak Numfor"},"geometry":{"type":"Polygon","coordinates":[[[135.861327,-0.875873],[135.858971,-0.873348],[135.789688,-0.913931],[135.776347,-0.918832],[135.775961,-0.922233],[135.788318,-0.919252],[135.861327,-0.875873]]]}},{"type":"Feature","properties":{"WADMKD":"Amyambenram","WADMKC":"Yendidori","WADMKK":"Biak Numfor"},"geometry":{"type":"Polygon","coordinates":[[[135.960672,-1.076075],[135.948158,-1.071294],[135.949592,-1.074081],[135.943664,-1.078629],[135.94324,-1.085611],[135.94708,-1.088794],[135.939692,-1.097715],[135.941793,-1.09783],[135.939867,-1.10151],[135.941785,-1.104874],[135.94083,-1.110592],[135.949472,-1.114102],[135.964854,-1.089142],[135.972693,-1.085483],[135.960672,-1.076075]]]}},{"type":"Feature","properties":{"WADMKD":"Amyas","WADMKC":"Supiori Barat","WADMKK":"Supiori"},"geometry":{"type":"MultiPolygon","coordinates":[[[[135.516985,-0.660573],[135.508883,-0.664293],[135.501239,-0.673057],[135.493562,-0.705626],[135.485101,-0.716937],[135.492936,-0.724127],[135.503223,-0.725597],[135.506529,-0.723025],[135.512407,-0.723392],[135.520844,-0.726893],[135.526631,-0.714482],[135.538419,-0.700212],[135.541914,-0.686396],[135.539207,-0.684628],[135.541586,-0.682868],[135.540444,-0.680608],[135.538646,-0.681895],[135.535664,-0.673383],[135.532861,-0.673444],[135.532268,-0.667782],[135.528267,-0.668633],[135.531484,-0.6663],[135.530365,-0.664224],[135.516985,-0.660573]]],[[[135.519348,-0.654767],[135.52003,-0.65436],[135.519481,-0.654384],[135.519348,-0.654767]]],[[[135.519838,-0.653592],[135.519956,-0.653258],[135.519675,-0.653484],[135.519838,-0.653592]]],[[[135.519698,-0.653209],[135.519862,-0.652848],[135.519551,-0.652931],[135.519698,-0.653209]]],[[[135.529441,-0.654407],[135.533926,-0.649751],[135.530189,-0.643961],[135.525413,-0.642401],[135.52507,-0.655112],[135.529441,-0.654407]]]]}},{"type":"Feature","properties":{"WADMKD":"Andei","WADMKC":"Biak Utara","WADMKK":"Biak Numfor"},"geometry":{"type":"Polygon","coordinates":[[[136.037146,-0.902788],[136.020408,-0.904034],[136.029974,-0.93353],[136.047332,-0.929138],[136.037146,-0.902788]]]}},{"type":"Feature","properties":{"WADMKD":"Andei","WADMKC":"Biak Barat","WADMKK":"Biak Numfor"},"geometry":{"type":"Polygon","coordinates":[[[135.87331,-1.071217],[135.870739,-1.069957],[135.86777,-1.072013],[135.868961,-1.064676],[135.843449,-1.0674],[135.839056,-1.084973],[135.860045,-1.080092],[135.87331,-1.071217]]]}},{"type":"Feature","properties":{"WADMKD":"Andei","WADMKC":"Poiru","WADMKK":"Biak Numfor"},"geometry":{"type":"Polygon","coordinates":[[[134.918098,-0.952185],[134.90914,-0.945461],[134.900124,-0.941079],[134.89841,-0.945456],[134.90874,-0.948923],[134.907834,-0.95677],[134.910188,-0.959145],[134.912977,-0.955283],[134.916833,-0.955524],[134.918098,-0.952185]]]}},{"type":"Feature","properties":{"WADMKD":"Andei Sup","WADMKC":"Poiru","WADMKK":"Biak Numfor"},"geometry":{"type":"Polygon","coordinates":[[[134.910461,-0.959287],[134.907834,-0.95677],[134.907706,-0.947686],[134.89841,-0.945456],[134.881214,-0.996972],[134.883832,-1.00273],[134.910461,-0.959287]]]}},{"type":"Feature","properties":{"WADMKD":"Andoina","WADMKC":"Swandiwe","WADMKK":"Biak Numfor"},"geometry":{"type":"Polygon","coordinates":[[[135.838246,-0.814985],[135.840478,-0.799272],[135.837624,-0.788334],[135.831478,-0.794519],[135.821632,-0.813765],[135.817664,-0.815215],[135.817969,-0.818496],[135.783531,-0.835043],[135.760592,-0.842219],[135.764493,-0.857005],[135.769522,-0.862482],[135.773648,-0.863058],[135.77404,-0.87626],[135.777447,-0.86905],[135.786027,-0.862186],[135.792735,-0.863902],[135.808491,-0.86203],[135.816335,-0.838038],[135.819793,-0.838992],[135.844655,-0.828494],[135.838246,-0.814985]]]}},{"type":"Feature","properties":{"WADMKD":"Anggaduber","WADMKC":"Oridek","WADMKK":"Biak Numfor"},"geometry":{"type":"Polygon","coordinates":[[[136.325584,-1.133741],[136.31389,-1.110367],[136.311878,-1.093059],[136.305837,-1.081825],[136.295121,-1.087472],[136.297039,-1.09358],[136.302223,-1.095117],[136.306063,-1.100877],[136.305103,-1.107022],[136.318655,-1.137261],[136.325584,-1.133741]]]}},{"type":"Feature","properties":{"WADMKD":"Anggopi","WADMKC":"Oridek","WADMKK":"Biak Numfor"},"geometry":{"type":"Polygon","coordinates":[[[136.318655,-1.137261],[136.305103,-1.107022],[136.306063,-1.100877],[136.302223,-1.095117],[136.297039,-1.09358],[136.295121,-1.087472],[136.281943,-1.093909],[136.293558,-1.117079],[136.303879,-1.12668],[136.308517,-1.141759],[136.318655,-1.137261]]]}},{"type":"Feature","properties":{"WADMKD":"Anggraidi","WADMKC":"Biak Kota","WADMKK":"Biak Numfor"},"geometry":{"type":"MultiPolygon","coordinates":[[[[136.15956,-1.190061],[136.159717,-1.189857],[136.159651,-1.189838],[136.15956,-1.190061]]],[[[136.157244,-1.180551],[136.149112,-1.182392],[136.156228,-1.193216],[136.161756,-1.185977],[136.157244,-1.180551]]]]}},{"type":"Feature","properties":{"WADMKD":"Animi","WADMKC":"Oridek","WADMKK":"Biak Numfor"},"geometry":{"type":"Polygon","coordinates":[[[136.338373,-1.122416],[136.31316,-1.077966],[136.305837,-1.081825],[136.311878,-1.093059],[136.31389,-1.110367],[136.325584,-1.133741],[136.338373,-1.122416]]]}},{"type":"Feature","properties":{"WADMKD":"Anjareuw","WADMKC":"Samofa","WADMKK":"Biak Numfor"},"geometry":{"type":"Polygon","coordinates":[[[136.133332,-1.118832],[136.10397,-1.117081],[136.094815,-1.144902],[136.09761,-1.145786],[136.09766,-1.156493],[136.100168,-1.159249],[136.102367,-1.158271],[136.105411,-1.161767],[136.112972,-1.160885],[136.121366,-1.166413],[136.124574,-1.16397],[136.130131,-1.140962],[136.134349,-1.131446],[136.138017,-1.130923],[136.133332,-1.118832]]]}},{"type":"Feature","properties":{"WADMKD":"Anjareuw","WADMKC":"Samofa","WADMKK":"Biak Numfor"},"geometry":{"type":"Polygon","coordinates":[[[136.121366,-1.166413],[136.112972,-1.160885],[136.103921,-1.161268],[136.100929,-1.157615],[136.098794,-1.167566],[136.105308,-1.178998],[136.112053,-1.174713],[136.134579,-1.183182],[136.157244,-1.180551],[136.154181,-1.172646],[136.121366,-1.166413]]]}},{"type":"Feature","properties":{"WADMKD":"Anobo","WADMKC":"Aimando Padaido","WADMKK":"Biak Numfor"},"geometry":{"type":"Polygon","coordinates":[[[136.613447,-1.139452],[136.605872,-1.135717],[136.600803,-1.135468],[136.601851,-1.142992],[136.610659,-1.144889],[136.613447,-1.139452]]]}},{"type":"Feature","properties":{"WADMKD":"Arimi Jaya","WADMKC":"Bruyadori","WADMKK":"Biak Numfor"},"geometry":{"type":"Polygon","coordinates":[[[134.969774,-1.048167],[134.96451,-1.027759],[134.96989,-1.020057],[134.968416,-1.015095],[134.957601,-1.020405],[134.952166,-1.03354],[134.956959,-1.036687],[134.96219,-1.047049],[134.969774,-1.048167]]]}},{"type":"Feature","properties":{"WADMKD":"Armnu","WADMKC":"Andey","WADMKK":"Biak Numfor"},"geometry":{"type":"Polygon","coordinates":[[[136.027233,-0.889619],[136.023677,-0.880956],[136.011336,-0.88517],[135.990811,-0.900985],[135.980693,-0.915142],[135.985308,-0.920728],[135.985448,-0.915305],[135.988368,-0.915263],[135.994068,-0.908392],[135.997371,-0.896929],[136.0,-0.894923],[136.009386,-0.898954],[136.017399,-0.898282],[136.026953,-0.895447],[136.027233,-0.889619]]]}},{"type":"Feature","properties":{"WADMKD":"Aruri","WADMKC":"Kepulauan Aruri","WADMKK":"Supiori"},"geometry":{"type":"MultiPolygon","coordinates":[[[[135.444493,-0.886581],[135.445678,-0.886102],[135.444277,-0.886304],[135.444493,-0.886581]]],[[[135.444885,-0.874111],[135.445281,-0.873917],[135.445029,-0.873769],[135.444885,-0.874111]]],[[[135.447496,-0.882517],[135.448088,-0.881132],[135.445846,-0.872357],[135.445191,-0.877878],[135.447496,-0.882517]]],[[[135.442033,-0.870836],[135.442568,-0.870314],[135.441962,-0.870247],[135.442033,-0.870836]]],[[[135.437973,-0.864143],[135.437075,-0.867309],[135.439681,-0.867696],[135.437973,-0.864143]]],[[[135.435278,-0.859496],[135.43571,-0.859401],[135.435397,-0.859099],[135.435278,-0.859496]]]]}},{"type":"Feature","properties":{"WADMKD":"Asaibori","WADMKC":"Numfor Timur","WADMKK":"Biak Numfor"},"geometry":{"type":"Polygon","coordinates":[[[134.833472,-0.968969],[134.824339,-0.956712],[134.818752,-0.968247],[134.811543,-0.973172],[134.816579,-0.974443],[134.833472,-0.968969]]]}},{"type":"Feature","properties":{"WADMKD":"Asarkir","WADMKC":"Biak Barat","WADMKK":"Biak Numfor"},"geometry":{"type":"Polygon","coordinates":[[[135.897145,-1.071305],[135.890311,-1.065935],[135.845942,-1.101991],[135.853211,-1.117191],[135.876154,-1.097177],[135.882988,-1.085949],[135.897145,-1.071305]]]}},{"type":"Feature","properties":{"WADMKD":"Asaryendi","WADMKC":"Numfor Timur","WADMKK":"Biak Numfor"},"geometry":{"type":"Polygon","coordinates":[[[134.886782,-0.936172],[134.862609,-0.933278],[134.864977,-1.001886],[134.874903,-1.00233],[134.876519,-0.962898],[134.886782,-0.936172]]]}},{"type":"Feature","properties":{"WADMKD":"Asaryendi","WADMKC":"Biak Barat","WADMKK":"Biak Numfor"},"geometry":{"type":"Polygon","coordinates":[[[135.847458,-1.028015],[135.84843,-1.024279],[135.856877,-1.022726],[135.866296,-1.011262],[135.837102,-1.015168],[135.822622,-1.024728],[135.824228,-1.028716],[135.847458,-1.028015]]]}},{"type":"Feature","properties":{"WADMKD":"Asur","WADMKC":"Yawosi","WADMKK":"Biak Numfor"},"geometry":{"type":"Polygon","coordinates":[[[136.03868,-0.848335],[136.037089,-0.843823],[136.029598,-0.837693],[136.010735,-0.856733],[136.01642,-0.861841],[136.02328,-0.853347],[136.03868,-0.848335]]]}},{"type":"Feature","properties":{"WADMKD":"Auki","WADMKC":"Padaido","WADMKK":"Biak Numfor"},"geometry":{"type":"Polygon","coordinates":[[[136.340295,-1.229733],[136.336673,-1.227601],[136.335451,-1.229608],[136.343704,-1.236579],[136.340295,-1.229733]]]}},{"type":"Feature","properties":{"WADMKD":"Awaki","WADMKC":"Supiori Selatan","WADMKK":"Supiori"},"geometry":{"type":"Polygon","coordinates":[[[135.628167,-0.782448],[135.60566,-0.765353],[135.591831,-0.793],[135.581579,-0.835298],[135.584868,-0.836415],[135.594088,-0.822343],[135.628167,-0.782448]]]}},{"type":"Feature","properties":{"WADMKD":"Babrinbo","WADMKC":"Biak Kota","WADMKK":"Biak Numfor"},"geometry":{"type":"Polygon","coordinates":[[[136.066382,-1.163553],[136.059143,-1.161152],[136.055302,-1.167493],[136.062966,-1.174023],[136.066567,-1.170506],[136.066382,-1.163553]]]}},{"type":"Feature","properties":{"WADMKD":"Bakribo","WADMKC":"Oridek","WADMKK":"Biak Numfor"},"geometry":{"type":"Polygon","coordinates":[[[136.266284,-1.152975],[136.249636,-1.108848],[136.242666,-1.111642],[136.252336,-1.132866],[136.255938,-1.156068],[136.261883,-1.155919],[136.266284,-1.152975]]]}},{"type":"Feature","properties":{"WADMKD":"Banasrares","WADMKC":"Biak Barat","WADMKK":"Biak Numfor"},"geometry":{"type":"Polygon","coordinates":[[[135.927736,-1.07315],[135.91248,-1.056683],[135.900476,-1.064629],[135.901483,-1.076263],[135.915098,-1.090184],[135.927736,-1.07315]]]}},{"type":"Feature","properties":{"WADMKD":"Barkori","WADMKC":"Numfor Timur","WADMKK":"Biak Numfor"},"geometry":{"type":"Polygon","coordinates":[[[134.858046,-1.001577],[134.847981,-0.965173],[134.833472,-0.968969],[134.844949,-0.992839],[134.844053,-1.000951],[134.858046,-1.001577]]]}},{"type":"Feature","properties":{"WADMKD":"Baruki","WADMKC":"Numfor Barat","WADMKK":"Biak Numfor"},"geometry":{"type":"MultiPolygon","coordinates":[[[[134.822118,-1.069003],[134.822362,-1.068765],[134.822041,-1.068679],[134.822118,-1.069003]]],[[[134.828567,-1.066248],[134.821242,-1.052841],[134.813075,-1.055699],[134.82081,-1.066806],[134.824174,-1.067257],[134.824125,-1.064588],[134.828083,-1.066406],[134.823653,-1.069125],[134.828492,-1.06813],[134.828567,-1.066248]]]]}},{"type":"Feature","properties":{"WADMKD":"Bawei","WADMKC":"Poiru","WADMKK":"Biak Numfor"},"geometry":{"type":"Polygon","coordinates":[[[134.939615,-1.008846],[134.946292,-1.000763],[134.945894,-0.994541],[134.938567,-0.995183],[134.93448,-1.00497],[134.921524,-1.008819],[134.918404,-1.016719],[134.925268,-1.011676],[134.93539,-1.01264],[134.935872,-1.009507],[134.939615,-1.008846]]]}},{"type":"Feature","properties":{"WADMKD":"Biawer","WADMKC":"Warsa","WADMKK":"Biak Numfor"},"geometry":{"type":"Polygon","coordinates":[[[135.954006,-0.804991],[135.949973,-0.79966],[135.944279,-0.799466],[135.937179,-0.814348],[135.942548,-0.816875],[135.954006,-0.804991]]]}},{"type":"Feature","properties":{"WADMKD":"Bindusi","WADMKC":"Biak Timur","WADMKK":"Biak Numfor"},"geometry":{"type":"Polygon","coordinates":[[[136.247177,-1.168112],[136.240554,-1.169238],[136.234253,-1.167717],[136.235559,-1.171552],[136.247177,-1.168112]]]}},{"type":"Feature","properties":{"WADMKD":"Biniki","WADMKC":"Supiori Selatan","WADMKK":"Supiori"},"geometry":{"type":"MultiPolygon","coordinates":[[[[135.627627,-0.87511],[135.628718,-0.874732],[135.627948,-0.874154],[135.627627,-0.87511]]],[[[135.640318,-0.847171],[135.63171,-0.854946],[135.630018,-0.861924],[135.618561,-0.865408],[135.625384,-0.876184],[135.62731,-0.876946],[135.626864,-0.875003],[135.627798,-0.873841],[135.629175,-0.874276],[135.630273,-0.877981],[135.638333,-0.881103],[135.642794,-0.886909],[135.646276,-0.883429],[135.64572,-0.866795],[135.640318,-0.847171]]]]}},{"type":"Feature","properties":{"WADMKD":"Binyeri","WADMKC":"Yendidori","WADMKK":"Biak Numfor"},"geometry":{"type":"Polygon","coordinates":[[[135.906677,-1.171087],[135.90232,-1.170725],[135.900435,-1.174208],[135.895769,-1.171796],[135.893566,-1.176021],[135.905818,-1.177957],[135.906677,-1.171087]]]}},{"type":"Feature","properties":{"WADMKD":"Birubi","WADMKC":"Yendidori","WADMKK":"Biak Numfor"},"geometry":{"type":"Polygon","coordinates":[[[135.950051,-1.046782],[135.954491,-1.042127],[135.952929,-1.040568],[135.958281,-1.037315],[135.958986,-1.030627],[135.955253,-1.028995],[135.955151,-1.032202],[135.953115,-1.032634],[135.951744,-1.026884],[135.948894,-1.027884],[135.947028,-1.022618],[135.941992,-1.020298],[135.940028,-1.026816],[135.950051,-1.046782]]]}},{"type":"Feature","properties":{"WADMKD":"Bosnabraidi","WADMKC":"Yawosi","WADMKK":"Biak Numfor"},"geometry":{"type":"Polygon","coordinates":[[[136.029598,-0.837693],[136.012128,-0.831787],[136.009066,-0.842595],[136.000816,-0.852831],[136.017291,-0.836335],[136.026703,-0.840765],[136.029598,-0.837693]]]}},{"type":"Feature","properties":{"WADMKD":"Bosnik Sup","WADMKC":"Biak Timur","WADMKK":"Biak Numfor"},"geometry":{"type":"Polygon","coordinates":[[[136.222264,-1.161277],[136.220316,-1.150593],[136.216793,-1.151103],[136.219459,-1.161838],[136.222264,-1.161277]]]}},{"type":"Feature","properties":{"WADMKD":"Brambaken","WADMKC":"Samofa","WADMKK":"Biak Numfor"},"geometry":{"type":"Polygon","coordinates":[[[136.075178,-1.157912],[136.073434,-1.162556],[136.097135,-1.168661],[136.097529,-1.165286],[136.090585,-1.165907],[136.090959,-1.162366],[136.075178,-1.157912]]]}},{"type":"Feature","properties":{"WADMKD":"Bruyadori","WADMKC":"Bruyadori","WADMKK":"Biak Numfor"},"geometry":{"type":"Polygon","coordinates":[[[134.981111,-1.065424],[134.972281,-1.065239],[134.968165,-1.07554],[134.961176,-1.083733],[134.949608,-1.088794],[134.944547,-1.093825],[134.960433,-1.099824],[134.967997,-1.099475],[134.967635,-1.095931],[134.969915,-1.096834],[134.972326,-1.094073],[134.971163,-1.089574],[134.973913,-1.088008],[134.977704,-1.075265],[134.981987,-1.071908],[134.981111,-1.065424]]]}},{"type":"Feature","properties":{"WADMKD":"Burokup","WADMKC":"Biak Kota","WADMKK":"Biak Numfor"},"geometry":{"type":"Polygon","coordinates":[[[136.080551,-1.178423],[136.076072,-1.17636],[136.075012,-1.182591],[136.077121,-1.185473],[136.079981,-1.185264],[136.080551,-1.178423]]]}},{"type":"Feature","properties":{"WADMKD":"Busdori","WADMKC":"Swandiwe","WADMKK":"Biak Numfor"},"geometry":{"type":"Polygon","coordinates":[[[135.760592,-0.842219],[135.758054,-0.835414],[135.753441,-0.834254],[135.752434,-0.824995],[135.749646,-0.827939],[135.752716,-0.836487],[135.75512,-0.837375],[135.754231,-0.843005],[135.760592,-0.842219]]]}},{"type":"Feature","properties":{"WADMKD":"Dafi","WADMKC":"Bruyadori","WADMKK":"Biak Numfor"},"geometry":{"type":"MultiPolygon","coordinates":[[[[134.97398,-1.010434],[134.968956,-1.015083],[134.96989,-1.020057],[134.964719,-1.026425],[134.965063,-1.032696],[134.969774,-1.048167],[134.978614,-1.049469],[134.981702,-1.04566],[134.979934,-1.037344],[134.985085,-1.036259],[134.984364,-1.028882],[134.980446,-1.012225],[134.977542,-1.013533],[134.97398,-1.010434]]],[[[134.973588,-1.009464],[134.97378,-1.009485],[134.973793,-1.009427],[134.973588,-1.009464]]],[[[134.97239,-1.008727],[134.972969,-1.008808],[134.972898,-1.008565],[134.97239,-1.008727]]],[[[134.977432,-1.007748],[134.978122,-1.008095],[134.978087,-1.007569],[134.977432,-1.007748]]],[[[134.970908,-1.006739],[134.971061,-1.006551],[134.970906,-1.006573],[134.970908,-1.006739]]],[[[134.970486,-1.006186],[134.970685,-1.005711],[134.970257,-1.005861],[134.970486,-1.006186]]],[[[134.97583,-1.003236],[134.974952,-1.003479],[134.975958,-1.004211],[134.97583,-1.003236]]]]}},{"type":"Feature","properties":{"WADMKD":"Darmopis","WADMKC":"Samofa","WADMKK":"Biak Numfor"},"geometry":{"type":"Polygon","coordinates":[[[136.068887,-1.143565],[136.073701,-1.127891],[136.039139,-1.127948],[136.039277,-1.138894],[136.048562,-1.140372],[136.05595,-1.145508],[136.064759,-1.145512],[136.064772,-1.141501],[136.068887,-1.143565]]]}},{"type":"Feature","properties":{"WADMKD":"Dasdo","WADMKC":"Andey","WADMKK":"Biak Numfor"},"geometry":{"type":"Polygon","coordinates":[[[135.956191,-1.005969],[135.953381,-1.00214],[135.944195,-1.004592],[135.942153,-1.000869],[135.937038,-0.999363],[135.937893,-0.995141],[135.932915,-0.987098],[135.936117,-0.979369],[135.933523,-0.972865],[135.941568,-0.964375],[135.941747,-0.957401],[135.944756,-0.957506],[135.94575,-0.954185],[135.948416,-0.953495],[135.946518,-0.950249],[135.897205,-0.996117],[135.905658,-1.005859],[135.956191,-1.005969]]]}},{"type":"Feature","properties":{"WADMKD":"Dedifu","WADMKC":"Biak Barat","WADMKK":"Biak Numfor"},"geometry":{"type":"Polygon","coordinates":[[[135.905405,-1.016167],[135.905658,-1.005859],[135.866296,-1.011262],[135.856877,-1.022726],[135.84843,-1.024279],[135.847458,-1.028015],[135.880548,-1.01712],[135.905405,-1.016167]]]}},{"type":"Feature","properties":{"WADMKD":"Dernafi","WADMKC":"Biak Utara","WADMKK":"Biak Numfor"},"geometry":{"type":"Polygon","coordinates":[[[136.133661,-0.987979],[136.120806,-0.976823],[136.108034,-0.969476],[136.05026,-0.98205],[135.971255,-0.983267],[135.967097,-0.989503],[135.965876,-0.999213],[136.078703,-0.997526],[136.114674,-0.992925],[136.133661,-0.987979]]]}},{"type":"Feature","properties":{"WADMKD":"Diano","WADMKC":"Warsa","WADMKK":"Biak Numfor"},"geometry":{"type":"Polygon","coordinates":[[[135.963536,-0.804844],[135.960783,-0.800709],[135.951749,-0.812085],[135.952356,-0.814249],[135.963536,-0.804844]]]}},{"type":"Feature","properties":{"WADMKD":"Didiabolo","WADMKC":"Supiori Selatan","WADMKK":"Supiori"},"geometry":{"type":"MultiPolygon","coordinates":[[[[135.54165,-0.80392],[135.540729,-0.801336],[135.540029,-0.804216],[135.54165,-0.80392]]],[[[135.480052,-0.749561],[135.480501,-0.749413],[135.480214,-0.749245],[135.480052,-0.749561]]],[[[135.479172,-0.748891],[135.479748,-0.748313],[135.479066,-0.748545],[135.479172,-0.748891]]],[[[135.47358,-0.744489],[135.474363,-0.743922],[135.47358,-0.744183],[135.47358,-0.744489]]],[[[135.503223,-0.725597],[135.48963,-0.72229],[135.485101,-0.716937],[135.476516,-0.728276],[135.473632,-0.743203],[135.482506,-0.748132],[135.485252,-0.746507],[135.486053,-0.7478],[135.482536,-0.749324],[135.48432,-0.750357],[135.481504,-0.754388],[135.483389,-0.755647],[135.481056,-0.757104],[135.485826,-0.76885],[135.50004,-0.772102],[135.501295,-0.775302],[135.508604,-0.779268],[135.530733,-0.782769],[135.532969,-0.789352],[135.53842,-0.79327],[135.539997,-0.798373],[135.543032,-0.799187],[135.549749,-0.781754],[135.547815,-0.76145],[135.551761,-0.744205],[135.518285,-0.725229],[135.506529,-0.723025],[135.503223,-0.725597]]]]}},{"type":"Feature","properties":{"WADMKD":"Dofyo Wafor","WADMKC":"Biak Utara","WADMKK":"Biak Numfor"},"geometry":{"type":"Polygon","coordinates":[[[136.063426,-1.099368],[136.061539,-1.089485],[136.046691,-1.056363],[136.046263,-1.046868],[136.03991,-1.038897],[136.038482,-1.025858],[136.03372,-1.017572],[135.994973,-1.022046],[136.010495,-1.035906],[136.018258,-1.075823],[136.023802,-1.083585],[136.033227,-1.089129],[136.038189,-1.099481],[136.063426,-1.099368]]]}},{"type":"Feature","properties":{"WADMKD":"Doubo","WADMKC":"Bondifuar","WADMKK":"Biak Numfor"},"geometry":{"type":"Polygon","coordinates":[[[135.850564,-0.752212],[135.79605,-0.720308],[135.786164,-0.721378],[135.787842,-0.728193],[135.803537,-0.74078],[135.843491,-0.76615],[135.847611,-0.762177],[135.850564,-0.752212]],[[135.788055,-0.722055],[135.787245,-0.722644],[135.78732,-0.722163],[135.788055,-0.722055]]]}},{"type":"Feature","properties":{"WADMKD":"Dousi","WADMKC":"Biak Barat","WADMKK":"Biak Numfor"},"geometry":{"type":"Polygon","coordinates":[[[135.915098,-1.090184],[135.897145,-1.071305],[135.882988,-1.085949],[135.876154,-1.097177],[135.853211,-1.117191],[135.87784,-1.136823],[135.915098,-1.090184]]]}},{"type":"Feature","properties":{"WADMKD":"Douwbo","WADMKC":"Supiori Timur","WADMKK":"Supiori"},"geometry":{"type":"MultiPolygon","coordinates":[[[[135.787245,-0.722644],[135.788055,-0.722055],[135.78732,-0.722163],[135.787245,-0.722644]]],[[[135.786698,-0.722532],[135.787224,-0.720006],[135.794296,-0.71677],[135.791109,-0.714504],[135.782543,-0.719049],[135.780265,-0.722799],[135.774724,-0.723375],[135.781696,-0.734669],[135.787414,-0.729733],[135.786698,-0.722532]]]]}},{"type":"Feature","properties":{"WADMKD":"Duai","WADMKC":"Bruyadori","WADMKK":"Biak Numfor"},"geometry":{"type":"Polygon","coordinates":[[[134.972281,-1.065239],[134.960935,-1.07072],[134.942378,-1.071443],[134.94527,-1.079154],[134.918279,-1.088071],[134.916591,-1.097],[134.939974,-1.098881],[134.949608,-1.088794],[134.961176,-1.083733],[134.968165,-1.07554],[134.972281,-1.065239]]]}},{"type":"Feature","properties":{"WADMKD":"Duber","WADMKC":"Supiori Timur","WADMKK":"Supiori"},"geometry":{"type":"MultiPolygon","coordinates":[[[[135.704875,-0.807855],[135.706629,-0.807256],[135.70556,-0.805859],[135.704875,-0.807855]]],[[[135.72642,-0.777735],[135.726223,-0.775993],[135.724826,-0.777263],[135.72642,-0.777735]]],[[[135.758116,-0.781547],[135.72964,-0.764993],[135.727394,-0.774206],[135.729726,-0.776227],[135.722851,-0.785177],[135.723587,-0.793607],[135.720551,-0.797128],[135.709078,-0.799907],[135.710662,-0.80577],[135.716245,-0.806056],[135.72729,-0.800992],[135.730117,-0.801383],[135.730975,-0.805133],[135.736351,-0.806208],[135.745629,-0.798714],[135.745595,-0.789791],[135.748965,-0.787772],[135.752171,-0.79182],[135.754793,-0.78911],[135.758116,-0.781547]]]]}},{"type":"Feature","properties":{"WADMKD":"Faknikdi","WADMKC":"Andey","WADMKK":"Biak Numfor"},"geometry":{"type":"Polygon","coordinates":[[[135.995097,-0.896877],[135.982332,-0.885807],[135.969964,-0.900985],[135.980717,-0.915116],[135.995097,-0.896877]]]}},{"type":"Feature","properties":{"WADMKD":"Fandoi","WADMKC":"Biak Kota","WADMKK":"Biak Numfor"},"geometry":{"type":"Polygon","coordinates":[[[136.08563,-1.178768],[136.080551,-1.178423],[136.079496,-1.182731],[136.084553,-1.187579],[136.08563,-1.178768]]]}},{"type":"Feature","properties":{"WADMKD":"Fanindi","WADMKC":"Yawosi","WADMKK":"Biak Numfor"},"geometry":{"type":"Polygon","coordinates":[[[136.001339,-0.823825],[135.992523,-0.820574],[135.984807,-0.846086],[135.994092,-0.848198],[135.998899,-0.837984],[135.9982,-0.828873],[136.001339,-0.823825]]]}},{"type":"Feature","properties":{"WADMKD":"Fanindi","WADMKC":"Supiori Selatan","WADMKK":"Supiori"},"geometry":{"type":"MultiPolygon","coordinates":[[[[135.5902,-0.840819],[135.58895,-0.840561],[135.589756,-0.84124],[135.5902,-0.840819]]],[[[135.590973,-0.839475],[135.636534,-0.79052],[135.628167,-0.782448],[135.594088,-0.822343],[135.584868,-0.836415],[135.590973,-0.839475]]]]}},{"type":"Feature","properties":{"WADMKD":"Fanjur","WADMKC":"Supiori Utara","WADMKK":"Supiori"},"geometry":{"type":"Polygon","coordinates":[[[135.674742,-0.685247],[135.66894,-0.678849],[135.660618,-0.679083],[135.659892,-0.670578],[135.654646,-0.667081],[135.643507,-0.705666],[135.63981,-0.711084],[135.64576,-0.715135],[135.665743,-0.690128],[135.672464,-0.684724],[135.674742,-0.685247]]]}},{"type":"Feature","properties":{"WADMKD":"Farusi","WADMKC":"Swandiwe","WADMKK":"Biak Numfor"},"geometry":{"type":"Polygon","coordinates":[[[135.863191,-0.962241],[135.874742,-0.934333],[135.789004,-0.958157],[135.787544,-0.965279],[135.792946,-0.969368],[135.793596,-0.982359],[135.833123,-0.964955],[135.855418,-0.964571],[135.863191,-0.962241]]]}},{"type":"Feature","properties":{"WADMKD":"Imbari","WADMKC":"Warsa","WADMKK":"Biak Numfor"},"geometry":{"type":"Polygon","coordinates":[[[135.891646,-0.875703],[135.888916,-0.872875],[135.877831,-0.873519],[135.875147,-0.870058],[135.882448,-0.860006],[135.877847,-0.856383],[135.880107,-0.852418],[135.876832,-0.850356],[135.881441,-0.843226],[135.878964,-0.840019],[135.874646,-0.844983],[135.857783,-0.853531],[135.856571,-0.870778],[135.879635,-0.893073],[135.891646,-0.875703]]]}},{"type":"Feature","properties":{"WADMKD":"Imbirsbari","WADMKC":"Kepulauan Aruri","WADMKK":"Supiori"},"geometry":{"type":"MultiPolygon","coordinates":[[[[135.394712,-0.725469],[135.395896,-0.725769],[135.395966,-0.725275],[135.394712,-0.725469]]],[[[135.384148,-0.701083],[135.384986,-0.70084],[135.384374,-0.700404],[135.384148,-0.701083]]],[[[135.365711,-0.650935],[135.365344,-0.649223],[135.364648,-0.650061],[135.365711,-0.650935]]],[[[135.361114,-0.644804],[135.361913,-0.644456],[135.361055,-0.644496],[135.361114,-0.644804]]],[[[135.359757,-0.638263],[135.360078,-0.638056],[135.359857,-0.637957],[135.359757,-0.638263]]],[[[135.375959,-0.636769],[135.362999,-0.63163],[135.360603,-0.635174],[135.362911,-0.644648],[135.370919,-0.65547],[135.372365,-0.666219],[135.376198,-0.671133],[135.387441,-0.676265],[135.385686,-0.683333],[135.393923,-0.692356],[135.391111,-0.697767],[135.384715,-0.699794],[135.394717,-0.724268],[135.3985,-0.724101],[135.40375,-0.728282],[135.411742,-0.721779],[135.423724,-0.71668],[135.432393,-0.699343],[135.440328,-0.690908],[135.411465,-0.671399],[135.375959,-0.636769]]]]}},{"type":"Feature","properties":{"WADMKD":"Inbeyomi","WADMKC":"Padaido","WADMKK":"Biak Numfor"},"geometry":{"type":"Polygon","coordinates":[[[136.450448,-1.221764],[136.448201,-1.212234],[136.437057,-1.221219],[136.4452,-1.23233],[136.447256,-1.240887],[136.450448,-1.221764]]]}},{"type":"Feature","properties":{"WADMKD":"Indaibori","WADMKC":"Numfor Timur","WADMKK":"Biak Numfor"},"geometry":{"type":"Polygon","coordinates":[[[134.864977,-1.001886],[134.863785,-0.963678],[134.847981,-0.965173],[134.858046,-1.001577],[134.864977,-1.001886]]]}},{"type":"Feature","properties":{"WADMKD":"Indawi","WADMKC":"Yawosi","WADMKK":"Biak Numfor"},"geometry":{"type":"Polygon","coordinates":[[[135.970169,-0.825647],[135.957567,-0.816715],[135.950714,-0.824004],[135.953635,-0.829442],[135.961715,-0.835057],[135.970169,-0.825647]]]}},{"type":"Feature","properties":{"WADMKD":"Ineki","WADMKC":"Kepulauan Aruri","WADMKK":"Supiori"},"geometry":{"type":"MultiPolygon","coordinates":[[[[135.542015,-0.87525],[135.540737,-0.872406],[135.540195,-0.872543],[135.54057,-0.874438],[135.542015,-0.87525]]],[[[135.535183,-0.869227],[135.536027,-0.867632],[135.535452,-0.867566],[135.535183,-0.869227]]],[[[135.529585,-0.862239],[135.525747,-0.862805],[135.527579,-0.867389],[135.529539,-0.867119],[135.529585,-0.862239]]],[[[135.544995,-0.850303],[135.540526,-0.8426],[135.507893,-0.845354],[135.515567,-0.854613],[135.521541,-0.853284],[135.527407,-0.856603],[135.529751,-0.854979],[135.53131,-0.860423],[135.533996,-0.861487],[135.533058,-0.863669],[135.536466,-0.866393],[135.536801,-0.87117],[135.53967,-0.871886],[135.542258,-0.868944],[135.541286,-0.861942],[135.544995,-0.850303]]]]}},{"type":"Feature","properties":{"WADMKD":"Inggiri","WADMKC":"Biak Kota","WADMKK":"Biak Numfor"},"geometry":{"type":"Polygon","coordinates":[[[136.05595,-1.145508],[136.048562,-1.140372],[136.043251,-1.147453],[136.049964,-1.15386],[136.05595,-1.145508]]]}},{"type":"Feature","properties":{"WADMKD":"Inggupi","WADMKC":"Biak Kota","WADMKK":"Biak Numfor"},"geometry":{"type":"Polygon","coordinates":[[[136.049964,-1.15386],[136.043251,-1.147453],[136.039122,-1.149424],[136.043748,-1.155371],[136.048264,-1.15651],[136.049964,-1.15386]]]}},{"type":"Feature","properties":{"WADMKD":"Inmdi","WADMKC":"Biak Timur","WADMKK":"Biak Numfor"},"geometry":{"type":"Polygon","coordinates":[[[136.209233,-1.07736],[136.209435,-1.062064],[136.20541,-1.060253],[136.204605,-1.053812],[136.199976,-1.046768],[136.194662,-1.042289],[136.189735,-1.044897],[136.177968,-1.045796],[136.17823,-1.064809],[136.18641,-1.11004],[136.200307,-1.109835],[136.203076,-1.111688],[136.197919,-1.081685],[136.202138,-1.078404],[136.209233,-1.07736]]]}},{"type":"Feature","properties":{"WADMKD":"Inofi","WADMKC":"Biak Timur","WADMKK":"Biak Numfor"},"geometry":{"type":"Polygon","coordinates":[[[136.246409,-1.166863],[136.243465,-1.162081],[136.244785,-1.158002],[136.232977,-1.158528],[136.234253,-1.167717],[136.240554,-1.169238],[136.246409,-1.166863]]]}},{"type":"Feature","properties":{"WADMKD":"Inpendi","WADMKC":"Yendidori","WADMKK":"Biak Numfor"},"geometry":{"type":"Polygon","coordinates":[[[136.012937,-1.131051],[136.012936,-1.115796],[135.973201,-1.116915],[135.975829,-1.130278],[136.012937,-1.131051]]]}},{"type":"Feature","properties":{"WADMKD":"Insiri","WADMKC":"Biak Barat","WADMKK":"Biak Numfor"},"geometry":{"type":"Polygon","coordinates":[[[135.87784,-1.136823],[135.853211,-1.117191],[135.830056,-1.137341],[135.842435,-1.148125],[135.857356,-1.166096],[135.87784,-1.136823]]]}},{"type":"Feature","properties":{"WADMKD":"Insrom","WADMKC":"Biak Kota","WADMKK":"Biak Numfor"},"geometry":{"type":"Polygon","coordinates":[[[136.048562,-1.140372],[136.039277,-1.138894],[136.035705,-1.147324],[136.041622,-1.148657],[136.048562,-1.140372]]]}},{"type":"Feature","properties":{"WADMKD":"Insumarires","WADMKC":"Biak Timur","WADMKK":"Biak Numfor"},"geometry":{"type":"Polygon","coordinates":[[[136.244785,-1.158002],[136.242609,-1.148482],[136.229009,-1.150839],[136.229547,-1.160641],[136.244785,-1.158002]]]}},{"type":"Feature","properties":{"WADMKD":"Insumbrei","WADMKC":"Kepulauan Aruri","WADMKK":"Supiori"},"geometry":{"type":"MultiPolygon","coordinates":[[[[135.497141,-0.839017],[135.49836,-0.838754],[135.499113,-0.838073],[135.497141,-0.839017]]],[[[135.494713,-0.833963],[135.495569,-0.834012],[135.495489,-0.833475],[135.494713,-0.833963]]],[[[135.508002,-0.831089],[135.503493,-0.828338],[135.500808,-0.832468],[135.505551,-0.834786],[135.508002,-0.831089]]],[[[135.526431,-0.829136],[135.521009,-0.821288],[135.51002,-0.827344],[135.507089,-0.83447],[135.507893,-0.845354],[135.540526,-0.8426],[135.544047,-0.84436],[135.542264,-0.838144],[135.524738,-0.831991],[135.526431,-0.829136]]]]}},{"type":"Feature","properties":{"WADMKD":"Insusbari","WADMKC":"Swandiwe","WADMKK":"Biak Numfor"},"geometry":{"type":"Polygon","coordinates":[[[135.874029,-0.886642],[135.867705,-0.880727],[135.812439,-0.910307],[135.783012,-0.92939],[135.785297,-0.93606],[135.787592,-0.937261],[135.788877,-0.932271],[135.800937,-0.927479],[135.801257,-0.923805],[135.812439,-0.925242],[135.820266,-0.914779],[135.874029,-0.886642]]]}},{"type":"Feature","properties":{"WADMKD":"Inswambesi","WADMKC":"Warsa","WADMKK":"Biak Numfor"},"geometry":{"type":"Polygon","coordinates":[[[135.924279,-0.789996],[135.919452,-0.783624],[135.918217,-0.777256],[135.913457,-0.778789],[135.90175,-0.795352],[135.887505,-0.800508],[135.872941,-0.811136],[135.847731,-0.836182],[135.855803,-0.846177],[135.857783,-0.853531],[135.874646,-0.844983],[135.878752,-0.840087],[135.897859,-0.82856],[135.924279,-0.789996]]]}},{"type":"Feature","properties":{"WADMKD":"Inswambesi Sup","WADMKC":"Warsa","WADMKK":"Biak Numfor"},"geometry":{"type":"Polygon","coordinates":[[[135.914531,-0.772266],[135.9086,-0.773807],[135.905372,-0.77213],[135.899202,-0.779237],[135.888549,-0.782027],[135.870242,-0.798341],[135.867129,-0.804444],[135.838439,-0.814374],[135.847731,-0.836182],[135.872941,-0.811136],[135.887505,-0.800508],[135.90175,-0.795352],[135.913457,-0.778789],[135.918217,-0.777256],[135.914531,-0.772266]]]}},{"type":"Feature","properties":{"WADMKD":"Inyobi","WADMKC":"Warsa","WADMKK":"Biak Numfor"},"geometry":{"type":"Polygon","coordinates":[[[135.908836,-0.757517],[135.893942,-0.743662],[135.890749,-0.735385],[135.87744,-0.723642],[135.871932,-0.715319],[135.862984,-0.726622],[135.860792,-0.7349],[135.851416,-0.749337],[135.847611,-0.762177],[135.858489,-0.765761],[135.868129,-0.763451],[135.880782,-0.764857],[135.882891,-0.762447],[135.887209,-0.766564],[135.893435,-0.767769],[135.898857,-0.76325],[135.902171,-0.76556],[135.903878,-0.76084],[135.908836,-0.757517]]]}},{"type":"Feature","properties":{"WADMKD":"Kababur","WADMKC":"Biak Kota","WADMKK":"Biak Numfor"},"geometry":{"type":"Polygon","coordinates":[[[136.118982,-1.181884],[136.107421,-1.177029],[136.104952,-1.178022],[136.10508,-1.181839],[136.118216,-1.187638],[136.118982,-1.181884]]]}},{"type":"Feature","properties":{"WADMKD":"Kababur","WADMKC":"Biak Barat","WADMKK":"Biak Numfor"},"geometry":{"type":"Polygon","coordinates":[[[135.91248,-1.056683],[135.903491,-1.046409],[135.896168,-1.0303],[135.894991,-1.016245],[135.875431,-1.018258],[135.877619,-1.044945],[135.885429,-1.063006],[135.901483,-1.076263],[135.900476,-1.064629],[135.91248,-1.056683]]]}},{"type":"Feature","properties":{"WADMKD":"Kabidon","WADMKC":"Yendidori","WADMKK":"Biak Numfor"},"geometry":{"type":"Polygon","coordinates":[[[135.975829,-1.126771],[135.971125,-1.097504],[135.964854,-1.089142],[135.94523,-1.122279],[135.954139,-1.125204],[135.952216,-1.14647],[135.956853,-1.149053],[135.975662,-1.14721],[135.975829,-1.126771]]]}},{"type":"Feature","properties":{"WADMKD":"Kajasbo","WADMKC":"Biak Timur","WADMKK":"Biak Numfor"},"geometry":{"type":"Polygon","coordinates":[[[136.252965,-1.141989],[136.252336,-1.132866],[136.242666,-1.111642],[136.239385,-1.135685],[136.244785,-1.158002],[136.247843,-1.156015],[136.247372,-1.142698],[136.252965,-1.141989]]]}},{"type":"Feature","properties":{"WADMKD":"Kajasi","WADMKC":"Biak Timur","WADMKK":"Biak Numfor"},"geometry":{"type":"Polygon","coordinates":[[[136.258496,-1.162506],[136.25648,-1.157693],[136.248804,-1.158138],[136.25162,-1.165965],[136.258496,-1.162506]]]}},{"type":"Feature","properties":{"WADMKD":"Kakur","WADMKC":"Oridek","WADMKK":"Biak Numfor"},"geometry":{"type":"Polygon","coordinates":[[[136.333621,-1.074855],[136.329848,-1.076137],[136.32234,-1.07304],[136.31316,-1.077966],[136.338373,-1.122416],[136.353456,-1.111479],[136.348134,-1.109276],[136.348872,-1.111679],[136.347381,-1.111226],[136.347377,-1.107118],[136.350804,-1.106495],[136.354419,-1.110654],[136.333621,-1.074855]]]}},{"type":"Feature","properties":{"WADMKD":"Kameri","WADMKC":"Numfor Barat","WADMKK":"Biak Numfor"},"geometry":{"type":"MultiPolygon","coordinates":[[[[134.792935,-0.994078],[134.790024,-0.993755],[134.78966,-0.997539],[134.792,-0.99685],[134.792935,-0.994078]]],[[[134.808604,-0.98372],[134.796692,-0.990766],[134.800088,-1.001069],[134.808594,-0.999953],[134.806758,-0.992543],[134.810911,-0.985068],[134.808604,-0.98372]]]]}},{"type":"Feature","properties":{"WADMKD":"Kamorfuar","WADMKC":"Samofa","WADMKK":"Biak Numfor"},"geometry":{"type":"Polygon","coordinates":[[[136.08157,-1.144973],[136.076018,-1.145247],[136.075177,-1.157936],[136.085773,-1.160606],[136.086977,-1.157961],[136.081177,-1.153893],[136.08157,-1.144973]]]}},{"type":"Feature","properties":{"WADMKD":"Kamumi","WADMKC":"Bruyadori","WADMKK":"Biak Numfor"},"geometry":{"type":"Polygon","coordinates":[[[134.913319,-1.068905],[134.907014,-1.057935],[134.909356,-1.049613],[134.907541,-1.044356],[134.913066,-1.035615],[134.913388,-1.02354],[134.918404,-1.016719],[134.89556,-1.028531],[134.899577,-1.037368],[134.900037,-1.074335],[134.913319,-1.068905]]]}},{"type":"Feature","properties":{"WADMKD":"Kanaan","WADMKC":"Biak Barat","WADMKK":"Biak Numfor"},"geometry":{"type":"MultiPolygon","coordinates":[[[[135.823827,-1.0335],[135.824482,-1.033368],[135.824071,-1.032985],[135.823827,-1.0335]]],[[[135.846296,-1.028049],[135.824228,-1.028716],[135.825393,-1.031632],[135.829294,-1.031611],[135.824747,-1.033333],[135.822554,-1.037072],[135.82163,-1.052738],[135.841983,-1.052755],[135.846377,-1.036646],[135.846296,-1.028049]]]]}},{"type":"Feature","properties":{"WADMKD":"Kanai","WADMKC":"Padaido","WADMKK":"Biak Numfor"},"geometry":{"type":"MultiPolygon","coordinates":[[[[136.341816,-1.223227],[136.336673,-1.227601],[136.340295,-1.229733],[136.341816,-1.223227]]],[[[136.352841,-1.221166],[136.354821,-1.222089],[136.354845,-1.220666],[136.352841,-1.221166]]]]}},{"type":"Feature","properties":{"WADMKD":"Kansai","WADMKC":"Numfor Barat","WADMKK":"Biak Numfor"},"geometry":{"type":"Polygon","coordinates":[[[134.883832,-1.00273],[134.800088,-1.001069],[134.796458,-1.006784],[134.792948,-1.00299],[134.791545,-1.004952],[134.792898,-1.008275],[134.795678,-1.008],[134.796557,-1.014866],[134.890101,-1.016521],[134.883832,-1.00273]]]}},{"type":"Feature","properties":{"WADMKD":"Karang Mulia","WADMKC":"Samofa","WADMKK":"Biak Numfor"},"geometry":{"type":"Polygon","coordinates":[[[136.10508,-1.181839],[136.092143,-1.170623],[136.090195,-1.172],[136.09141,-1.177852],[136.10508,-1.181839]]]}},{"type":"Feature","properties":{"WADMKD":"Karmon","WADMKC":"Yawosi","WADMKK":"Biak Numfor"},"geometry":{"type":"Polygon","coordinates":[[[135.978158,-0.814948],[135.966568,-0.807506],[135.957567,-0.816715],[135.970169,-0.825647],[135.978511,-0.817459],[135.978158,-0.814948]]]}},{"type":"Feature","properties":{"WADMKD":"Karnindi","WADMKC":"Biak Barat","WADMKK":"Biak Numfor"},"geometry":{"type":"Polygon","coordinates":[[[135.885429,-1.063006],[135.8825,-1.058125],[135.868961,-1.064676],[135.86777,-1.072013],[135.870739,-1.069957],[135.87331,-1.071217],[135.885429,-1.063006]]]}},{"type":"Feature","properties":{"WADMKD":"Karuiberik","WADMKC":"Warsa","WADMKK":"Biak Numfor"},"geometry":{"type":"Polygon","coordinates":[[[135.965325,-0.806292],[135.963536,-0.804844],[135.954924,-0.813849],[135.956935,-0.814073],[135.965325,-0.806292]]]}},{"type":"Feature","properties":{"WADMKD":"Karyendi","WADMKC":"Biak Kota","WADMKK":"Biak Numfor"},"geometry":{"type":"Polygon","coordinates":[[[136.119368,-1.177852],[136.112053,-1.174713],[136.107421,-1.177029],[136.118982,-1.181884],[136.119368,-1.177852]]]}},{"type":"Feature","properties":{"WADMKD":"Kinmom","WADMKC":"Samofa","WADMKK":"Biak Numfor"},"geometry":{"type":"Polygon","coordinates":[[[136.082541,-1.164543],[136.074869,-1.162944],[136.074395,-1.165108],[136.081258,-1.167562],[136.082541,-1.164543]]]}},{"type":"Feature","properties":{"WADMKD":"Kobari Jaya","WADMKC":"Supiori Utara","WADMKK":"Supiori"},"geometry":{"type":"Polygon","coordinates":[[[135.653725,-0.667856],[135.639779,-0.662533],[135.633499,-0.665206],[135.629394,-0.673524],[135.62639,-0.670352],[135.619315,-0.669536],[135.631284,-0.686741],[135.632607,-0.699091],[135.629428,-0.704016],[135.63981,-0.711084],[135.651661,-0.68049],[135.653725,-0.667856]]]}},{"type":"Feature","properties":{"WADMKD":"Kobeoser","WADMKC":"Biak Utara","WADMKK":"Biak Numfor"},"geometry":{"type":"Polygon","coordinates":[[[136.158569,-1.007368],[136.151021,-0.995342],[136.133661,-0.987979],[136.114674,-0.992925],[136.078703,-0.997526],[135.965876,-0.999213],[135.966074,-1.006812],[135.994973,-1.022046],[136.022576,-1.019878],[136.057083,-1.013342],[136.158569,-1.007368]]]}},{"type":"Feature","properties":{"WADMKD":"Koiryakam","WADMKC":"Supiori Barat","WADMKK":"Supiori"},"geometry":{"type":"MultiPolygon","coordinates":[[[[135.594564,-0.664904],[135.594876,-0.664763],[135.594709,-0.664638],[135.594564,-0.664904]]],[[[135.596339,-0.666126],[135.58389,-0.663002],[135.582913,-0.679547],[135.578727,-0.686581],[135.597219,-0.684522],[135.598889,-0.681746],[135.59553,-0.676466],[135.596339,-0.666126]]],[[[135.589195,-0.660977],[135.590296,-0.660541],[135.589202,-0.660322],[135.589195,-0.660977]]]]}},{"type":"Feature","properties":{"WADMKD":"Komboi","WADMKC":"Warsa","WADMKK":"Biak Numfor"},"geometry":{"type":"Polygon","coordinates":[[[135.946928,-0.795136],[135.943197,-0.790091],[135.937537,-0.792979],[135.937116,-0.800263],[135.943086,-0.801967],[135.946928,-0.795136]]]}},{"type":"Feature","properties":{"WADMKD":"Korem","WADMKC":"Biak Utara","WADMKK":"Biak Numfor"},"geometry":{"type":"Polygon","coordinates":[[[136.04525,-0.880042],[136.037921,-0.880201],[136.031647,-0.888148],[136.027233,-0.889619],[136.026911,-0.895539],[136.040372,-0.893575],[136.046209,-0.884069],[136.04525,-0.880042]]]}},{"type":"Feature","properties":{"WADMKD":"Kornasoren","WADMKC":"Numfor Timur","WADMKK":"Biak Numfor"},"geometry":{"type":"Polygon","coordinates":[[[134.847981,-0.965173],[134.833294,-0.939743],[134.81843,-0.948338],[134.833472,-0.968969],[134.847981,-0.965173]]]}},{"type":"Feature","properties":{"WADMKD":"Koryakam","WADMKC":"Poiru","WADMKK":"Biak Numfor"},"geometry":{"type":"Polygon","coordinates":[[[134.938567,-0.995183],[134.933555,-0.977761],[134.942392,-0.970022],[134.941222,-0.968318],[134.918295,-0.9895],[134.922376,-0.996734],[134.938567,-0.995183]]]}},{"type":"Feature","properties":{"WADMKD":"Koyomi","WADMKC":"Warsa","WADMKK":"Biak Numfor"},"geometry":{"type":"Polygon","coordinates":[[[135.914531,-0.772266],[135.911014,-0.767835],[135.909062,-0.757881],[135.906389,-0.758028],[135.902171,-0.76556],[135.905372,-0.77213],[135.9086,-0.773807],[135.914531,-0.772266]]]}},{"type":"Feature","properties":{"WADMKD":"Madirai","WADMKC":"Yawosi","WADMKK":"Biak Numfor"},"geometry":{"type":"Polygon","coordinates":[[[136.026703,-0.840765],[136.017291,-0.836335],[136.001628,-0.85335],[136.010735,-0.856733],[136.026703,-0.840765]]]}},{"type":"Feature","properties":{"WADMKD":"Makmakerbo","WADMKC":"Oridek","WADMKK":"Biak Numfor"},"geometry":{"type":"Polygon","coordinates":[[[136.219282,-1.029281],[136.207252,-1.031703],[136.194662,-1.042289],[136.204605,-1.053812],[136.20541,-1.060253],[136.209435,-1.062064],[136.209033,-1.080983],[136.217083,-1.091247],[136.218492,-1.08843],[136.228354,-1.083599],[136.234773,-1.082735],[136.219282,-1.029281]]]}},{"type":"Feature","properties":{"WADMKD":"Mambesak","WADMKC":"Biak Utara","WADMKK":"Biak Numfor"},"geometry":{"type":"Polygon","coordinates":[[[136.094531,-0.948118],[136.098054,-0.932915],[136.094091,-0.922228],[136.087438,-0.914505],[136.079393,-0.913598],[136.074848,-0.910412],[136.059881,-0.923701],[136.051306,-0.928302],[136.013662,-0.939596],[136.003026,-0.93894],[135.992898,-0.955928],[135.993878,-0.960175],[135.988511,-0.966149],[136.011989,-0.968875],[136.051097,-0.964692],[136.094531,-0.948118]]]}},{"type":"Feature","properties":{"WADMKD":"Mambodo Sawai","WADMKC":"Numfor Barat","WADMKK":"Biak Numfor"},"geometry":{"type":"Polygon","coordinates":[[[134.844949,-0.992839],[134.817061,-0.988661],[134.810911,-0.985068],[134.806758,-0.992543],[134.808725,-0.997985],[134.806933,-1.001449],[134.844053,-1.000951],[134.844949,-0.992839]]]}},{"type":"Feature","properties":{"WADMKD":"Mamfias","WADMKC":"Warsa","WADMKK":"Biak Numfor"},"geometry":{"type":"Polygon","coordinates":[[[135.943086,-0.801967],[135.937116,-0.800263],[135.936863,-0.805663],[135.939453,-0.80958],[135.943086,-0.801967]]]}},{"type":"Feature","properties":{"WADMKD":"Mamorbo","WADMKC":"Andey","WADMKK":"Biak Numfor"},"geometry":{"type":"Polygon","coordinates":[[[135.915657,-0.884539],[135.895109,-0.87224],[135.884696,-0.883872],[135.874638,-0.90153],[135.872785,-0.911316],[135.876968,-0.919435],[135.876968,-0.924355],[135.874507,-0.93518],[135.863683,-0.959043],[135.863191,-0.962241],[135.872293,-0.967408],[135.897205,-0.996117],[135.932577,-0.963399],[135.928987,-0.959188],[135.924648,-0.960643],[135.915516,-0.956279],[135.921068,-0.951996],[135.918982,-0.951261],[135.920519,-0.949415],[135.918321,-0.941112],[135.915411,-0.941724],[135.917425,-0.940046],[135.917068,-0.926454],[135.910896,-0.925816],[135.905934,-0.932417],[135.900986,-0.927527],[135.901516,-0.920458],[135.904832,-0.915049],[135.903377,-0.908515],[135.906516,-0.894155],[135.909475,-0.88799],[135.915657,-0.884539]]]}},{"type":"Feature","properties":{"WADMKD":"Mamoribo","WADMKC":"Biak Barat","WADMKK":"Biak Numfor"},"geometry":{"type":"MultiPolygon","coordinates":[[[[135.794266,-0.986338],[135.794496,-0.986048],[135.794066,-0.986094],[135.794266,-0.986338]]],[[[135.840917,-0.98265],[135.843523,-0.964764],[135.838121,-0.964571],[135.825435,-0.96803],[135.793479,-0.982658],[135.800322,-0.993548],[135.800056,-0.997615],[135.80589,-1.003302],[135.812207,-0.995642],[135.83752,-0.9874],[135.840917,-0.98265]]]]}},{"type":"Feature","properties":{"WADMKD":"Manbeori","WADMKC":"Warsa","WADMKK":"Biak Numfor"},"geometry":{"type":"Polygon","coordinates":[[[135.956935,-0.814073],[135.954924,-0.813849],[135.947601,-0.821454],[135.949338,-0.822244],[135.956935,-0.814073]]]}},{"type":"Feature","properties":{"WADMKD":"Mandala","WADMKC":"Biak Kota","WADMKK":"Biak Numfor"},"geometry":{"type":"Polygon","coordinates":[[[136.09141,-1.177852],[136.08563,-1.178768],[136.085087,-1.184764],[136.107168,-1.19236],[136.10508,-1.181839],[136.09141,-1.177852]]]}},{"type":"Feature","properties":{"WADMKD":"Mandenderi","WADMKC":"Swandiwe","WADMKK":"Biak Numfor"},"geometry":{"type":"MultiPolygon","coordinates":[[[[135.789079,-0.958168],[135.789252,-0.95799],[135.789004,-0.958157],[135.789079,-0.958168]]],[[[135.874742,-0.934333],[135.876968,-0.919435],[135.872792,-0.911259],[135.82362,-0.935945],[135.787622,-0.944702],[135.788782,-0.956918],[135.803892,-0.955034],[135.874742,-0.934333]]]]}},{"type":"Feature","properties":{"WADMKD":"Mandon","WADMKC":"Biak Timur","WADMKK":"Biak Numfor"},"geometry":{"type":"MultiPolygon","coordinates":[[[[136.19767,-1.177197],[136.197653,-1.177166],[136.19766,-1.177199],[136.19767,-1.177197]]],[[[136.203976,-1.175123],[136.204286,-1.174537],[136.203768,-1.174781],[136.203976,-1.175123]]],[[[136.205469,-1.170031],[136.19654,-1.172219],[136.197652,-1.177164],[136.204315,-1.173792],[136.206079,-1.174462],[136.205469,-1.170031]]]]}},{"type":"Feature","properties":{"WADMKD":"Mandori","WADMKC":"Bruyadori","WADMKK":"Biak Numfor"},"geometry":{"type":"Polygon","coordinates":[[[134.978614,-1.049469],[134.969774,-1.048167],[134.972094,-1.060141],[134.961752,-1.062679],[134.953898,-1.061037],[134.945124,-1.062661],[134.942597,-1.065312],[134.942798,-1.071463],[134.960935,-1.07072],[134.96937,-1.065177],[134.981111,-1.065424],[134.979167,-1.062317],[134.978339,-1.063039],[134.977109,-1.063175],[134.976587,-1.062808],[134.979116,-1.058489],[134.978614,-1.049469]]]}},{"type":"Feature","properties":{"WADMKD":"Mandori Sup","WADMKC":"Bruyadori","WADMKK":"Biak Numfor"},"geometry":{"type":"MultiPolygon","coordinates":[[[[134.938731,-1.064297],[134.939338,-1.063968],[134.939255,-1.063794],[134.938731,-1.064297]]],[[[134.970492,-1.060617],[134.969774,-1.048167],[134.961665,-1.047232],[134.943894,-1.057884],[134.943676,-1.060869],[134.941379,-1.060956],[134.94103,-1.063681],[134.938271,-1.064711],[134.939062,-1.071853],[134.937231,-1.072784],[134.934917,-1.072982],[134.934331,-1.073419],[134.937059,-1.073048],[134.942798,-1.071463],[134.942597,-1.065312],[134.945124,-1.062661],[134.970492,-1.060617]]]]}},{"type":"Feature","properties":{"WADMKD":"Mandouw","WADMKC":"Samofa","WADMKK":"Biak Numfor"},"geometry":{"type":"Polygon","coordinates":[[[136.09761,-1.145786],[136.08157,-1.144973],[136.08144,-1.154797],[136.086977,-1.157961],[136.086227,-1.160813],[136.091187,-1.162558],[136.090585,-1.165907],[136.097036,-1.165122],[136.098285,-1.161957],[136.09761,-1.145786]]]}},{"type":"Feature","properties":{"WADMKD":"Manggandisapi","WADMKC":"Biak Kota","WADMKK":"Biak Numfor"},"geometry":{"type":"Polygon","coordinates":[[[136.143079,-1.183246],[136.130917,-1.182435],[136.128187,-1.192094],[136.13786,-1.195384],[136.145641,-1.193679],[136.143079,-1.183246]]]}},{"type":"Feature","properties":{"WADMKD":"Manggari","WADMKC":"Poiru","WADMKK":"Biak Numfor"},"geometry":{"type":"Polygon","coordinates":[[[134.931502,-0.960239],[134.926624,-0.954101],[134.919517,-0.95161],[134.916833,-0.955524],[134.912977,-0.955283],[134.909971,-0.960881],[134.912729,-0.965401],[134.921055,-0.967277],[134.926283,-0.966729],[134.931502,-0.960239]]]}},{"type":"Feature","properties":{"WADMKD":"Manggonswan","WADMKC":"Kepulauan Aruri","WADMKK":"Supiori"},"geometry":{"type":"MultiPolygon","coordinates":[[[[135.519431,-0.823081],[135.520075,-0.82256],[135.520776,-0.82159],[135.519254,-0.823019],[135.517658,-0.822927],[135.515416,-0.82345],[135.513809,-0.824912],[135.51315,-0.825909],[135.512831,-0.826824],[135.510815,-0.82703],[135.51002,-0.827344],[135.513118,-0.826789],[135.516244,-0.823265],[135.519431,-0.823081]]],[[[135.523606,-0.808271],[135.524332,-0.808065],[135.523788,-0.807867],[135.523606,-0.808271]]],[[[135.52728,-0.802888],[135.528682,-0.801969],[135.527636,-0.802048],[135.52728,-0.802888]]],[[[135.522311,-0.801369],[135.524596,-0.800981],[135.523392,-0.798596],[135.522311,-0.801369]]],[[[135.519835,-0.796654],[135.522652,-0.796971],[135.521647,-0.79514],[135.519835,-0.796654]]],[[[135.508674,-0.78872],[135.501963,-0.789479],[135.500711,-0.795431],[135.502584,-0.798518],[135.500032,-0.798598],[135.498177,-0.802888],[135.501499,-0.803719],[135.498368,-0.804508],[135.500755,-0.806939],[135.499153,-0.807952],[135.500853,-0.817413],[135.49811,-0.819066],[135.499665,-0.824583],[135.504709,-0.823531],[135.503773,-0.825083],[135.508474,-0.827236],[135.5127,-0.826719],[135.513818,-0.824684],[135.515361,-0.823249],[135.520491,-0.821715],[135.523506,-0.806696],[135.515696,-0.791889],[135.508674,-0.78872]]],[[[135.516329,-0.786917],[135.517282,-0.785933],[135.51628,-0.786223],[135.516329,-0.786917]]]]}},{"type":"Feature","properties":{"WADMKD":"Maniri","WADMKC":"Warsa","WADMKK":"Biak Numfor"},"geometry":{"type":"Polygon","coordinates":[[[135.936863,-0.805663],[135.936782,-0.786141],[135.930402,-0.790012],[135.923399,-0.79058],[135.901999,-0.822142],[135.905675,-0.823807],[135.912516,-0.821695],[135.92132,-0.813634],[135.929053,-0.815716],[135.932622,-0.81411],[135.9486,-0.825896],[135.950714,-0.824004],[135.949338,-0.822244],[135.937179,-0.814348],[135.939453,-0.80958],[135.936863,-0.805663]]]}},{"type":"Feature","properties":{"WADMKD":"Mansinyas","WADMKC":"Samofa","WADMKK":"Biak Numfor"},"geometry":{"type":"Polygon","coordinates":[[[136.10067,-1.159091],[136.09766,-1.156493],[136.098212,-1.175875],[136.105389,-1.18034],[136.098911,-1.168186],[136.10067,-1.159091]]]}},{"type":"Feature","properties":{"WADMKD":"Manswam","WADMKC":"Biak Kota","WADMKK":"Biak Numfor"},"geometry":{"type":"Polygon","coordinates":[[[136.133422,-1.194835],[136.128187,-1.192094],[136.125128,-1.196727],[136.131785,-1.198902],[136.133422,-1.194835]]]}},{"type":"Feature","properties":{"WADMKD":"Manwor Indah","WADMKC":"Orkeri","WADMKK":"Biak Numfor"},"geometry":{"type":"Polygon","coordinates":[[[134.900036,-1.095667],[134.891076,-1.094284],[134.887191,-1.120846],[134.882613,-1.131436],[134.88696,-1.136309],[134.900322,-1.137548],[134.900036,-1.095667]]]}},{"type":"Feature","properties":{"WADMKD":"Mapia","WADMKC":"Supiori Barat","WADMKK":"Supiori"},"geometry":{"type":"MultiPolygon","coordinates":[[[[134.300758,0.804527],[134.306482,0.837057],[134.305481,0.844731],[134.299659,0.823951],[134.300758,0.804527]]],[[[134.321624,0.908506],[134.321945,0.908626],[134.321416,0.908716],[134.321624,0.908506]]],[[[134.324786,0.911038],[134.324566,0.910874],[134.324816,0.91085],[134.324786,0.911038]]],[[[134.336941,0.915034],[134.338176,0.926948],[134.337317,0.924142],[134.329684,0.919252],[134.325349,0.910565],[134.325815,0.905534],[134.336941,0.915034]]],[[[134.309087,0.926679],[134.308187,0.929382],[134.30705,0.929886],[134.307878,0.92882],[134.309087,0.926679]]],[[[134.339503,0.929509],[134.338514,0.929728],[134.338713,0.928108],[134.339503,0.929509]]],[[[134.308208,0.933613],[134.304669,0.937944],[134.30203,0.935651],[134.308208,0.933613]]]]}},{"type":"Feature","properties":{"WADMKD":"Marauw","WADMKC":"Oridek","WADMKK":"Biak Numfor"},"geometry":{"type":"Polygon","coordinates":[[[136.279057,-1.152182],[136.273896,-1.148112],[136.257425,-1.105725],[136.249636,-1.108848],[136.266284,-1.152975],[136.270969,-1.159137],[136.274544,-1.158331],[136.279057,-1.152182]]]}},{"type":"Feature","properties":{"WADMKD":"Mardori","WADMKC":"Swandiwe","WADMKK":"Biak Numfor"},"geometry":{"type":"Polygon","coordinates":[[[135.787289,-0.937182],[135.783012,-0.92939],[135.780649,-0.930302],[135.782442,-0.936535],[135.787289,-0.937182]]]}},{"type":"Feature","properties":{"WADMKD":"Marisen","WADMKC":"Biak Barat","WADMKK":"Biak Numfor"},"geometry":{"type":"Polygon","coordinates":[[[135.855164,-1.066911],[135.859557,-1.032253],[135.858465,-1.02482],[135.846296,-1.028049],[135.846377,-1.036646],[135.841983,-1.052755],[135.843449,-1.0674],[135.855164,-1.066911]]]}},{"type":"Feature","properties":{"WADMKD":"Marsram","WADMKC":"Supiori Timur","WADMKK":"Supiori"},"geometry":{"type":"Polygon","coordinates":[[[135.732391,-0.75151],[135.721209,-0.746436],[135.710428,-0.763456],[135.695201,-0.778148],[135.660904,-0.777734],[135.652861,-0.791689],[135.697001,-0.818202],[135.698716,-0.80249],[135.700838,-0.799428],[135.70592,-0.799583],[135.708413,-0.793735],[135.712966,-0.793476],[135.71243,-0.788671],[135.715393,-0.78822],[135.716059,-0.78475],[135.71768,-0.786123],[135.720408,-0.784277],[135.723768,-0.776481],[135.727027,-0.774406],[135.732391,-0.75151]]]}},{"type":"Feature","properties":{"WADMKD":"Marur","WADMKC":"Warsa","WADMKK":"Biak Numfor"},"geometry":{"type":"Polygon","coordinates":[[[135.965325,-0.806292],[135.956935,-0.814073],[135.958656,-0.815648],[135.966568,-0.807506],[135.965325,-0.806292]]]}},{"type":"Feature","properties":{"WADMKD":"Maryaidori","WADMKC":"Supiori Selatan","WADMKK":"Supiori"},"geometry":{"type":"Polygon","coordinates":[[[135.640318,-0.847171],[135.640226,-0.814641],[135.620929,-0.826749],[135.611583,-0.840573],[135.601023,-0.847016],[135.603985,-0.850496],[135.611211,-0.852537],[135.610691,-0.855611],[135.613949,-0.858325],[135.616272,-0.856707],[135.615261,-0.860094],[135.618561,-0.865408],[135.630018,-0.861924],[135.63171,-0.854946],[135.640318,-0.847171]]]}},{"type":"Feature","properties":{"WADMKD":"Maryendi","WADMKC":"Samofa","WADMKK":"Biak Numfor"},"geometry":{"type":"Polygon","coordinates":[[[136.10397,-1.117081],[136.091528,-1.114513],[136.087164,-1.112088],[136.083285,-1.1053],[136.074493,-1.103021],[136.073701,-1.127891],[136.068887,-1.143565],[136.094815,-1.144902],[136.10397,-1.117081]]]}},{"type":"Feature","properties":{"WADMKD":"Masyai","WADMKC":"Supiori Barat","WADMKK":"Supiori"},"geometry":{"type":"MultiPolygon","coordinates":[[[[135.374876,-0.626352],[135.375809,-0.626049],[135.375126,-0.625806],[135.374876,-0.626352]]],[[[135.392733,-0.621171],[135.386187,-0.620515],[135.380568,-0.624265],[135.378115,-0.622383],[135.375292,-0.628158],[135.367748,-0.628329],[135.362999,-0.63163],[135.375959,-0.636769],[135.398834,-0.65908],[135.409984,-0.646791],[135.399564,-0.635302],[135.392733,-0.621171]]],[[[135.269314,-0.392463],[135.266854,-0.392747],[135.266009,-0.399865],[135.262278,-0.405635],[135.262568,-0.409259],[135.267382,-0.410603],[135.278223,-0.406952],[135.269314,-0.392463]]],[[[135.010357,-0.210061],[135.01045,-0.210086],[135.01045,-0.210028],[135.010357,-0.210061]]],[[[135.010545,-0.209748],[135.010691,-0.209661],[135.010538,-0.20973],[135.010545,-0.209748]]],[[[135.010798,-0.209433],[135.011227,-0.208689],[135.010875,-0.209133],[135.010798,-0.209433]]],[[[135.011251,-0.208415],[135.011457,-0.208391],[135.011384,-0.208138],[135.011251,-0.208415]]],[[[135.010777,-0.207396],[135.010973,-0.20746],[135.010812,-0.207354],[135.010777,-0.207396]]],[[[135.007079,-0.210168],[135.010424,-0.20754],[135.009929,-0.205571],[135.007079,-0.210168]]]]}},{"type":"Feature","properties":{"WADMKD":"Masyarah","WADMKC":"Orkeri","WADMKK":"Biak Numfor"},"geometry":{"type":"Polygon","coordinates":[[[134.943357,-1.100573],[134.922233,-1.097455],[134.924915,-1.131526],[134.939154,-1.130522],[134.942123,-1.128387],[134.938523,-1.127112],[134.933944,-1.118437],[134.933944,-1.114581],[134.943357,-1.100573]]]}},{"type":"Feature","properties":{"WADMKD":"Mbromsi","WADMKC":"Aimando Padaido","WADMKK":"Biak Numfor"},"geometry":{"type":"Polygon","coordinates":[[[136.607336,-1.224311],[136.603154,-1.202998],[136.592866,-1.203616],[136.597245,-1.220622],[136.589312,-1.224719],[136.589872,-1.226663],[136.595678,-1.228004],[136.607336,-1.224311]]]}},{"type":"Feature","properties":{"WADMKD":"Mbrurwandi","WADMKC":"Kepulauan Aruri","WADMKK":"Supiori"},"geometry":{"type":"MultiPolygon","coordinates":[[[[135.498787,-0.826456],[135.500124,-0.826808],[135.499828,-0.826059],[135.498787,-0.826456]]],[[[135.490052,-0.827197],[135.491938,-0.826888],[135.490495,-0.826078],[135.490052,-0.827197]]],[[[135.495017,-0.827518],[135.494505,-0.825567],[135.493082,-0.827242],[135.495017,-0.827518]]],[[[135.491362,-0.825593],[135.492406,-0.825402],[135.491816,-0.824933],[135.491362,-0.825593]]],[[[135.49493,-0.825099],[135.495436,-0.824773],[135.494928,-0.824773],[135.49493,-0.825099]]],[[[135.529443,-0.805911],[135.52571,-0.80679],[135.525186,-0.807679],[135.530378,-0.808211],[135.529443,-0.805911]]]]}},{"type":"Feature","properties":{"WADMKD":"Mios Mangguandi","WADMKC":"Aimando Padaido","WADMKK":"Biak Numfor"},"geometry":{"type":"MultiPolygon","coordinates":[[[[136.604894,-1.32328],[136.606336,-1.320921],[136.606681,-1.319712],[136.606759,-1.318892],[136.606696,-1.317752],[136.604652,-1.323261],[136.600681,-1.320812],[136.603432,-1.323111],[136.604128,-1.32344],[136.604894,-1.32328]]],[[[136.699159,-1.292567],[136.692388,-1.294202],[136.691727,-1.295409],[136.695076,-1.295349],[136.699159,-1.292567]]],[[[136.678468,-1.295535],[136.676805,-1.290701],[136.670656,-1.29322],[136.670562,-1.297826],[136.678468,-1.295535]]],[[[136.670317,-1.286061],[136.67414,-1.281007],[136.674146,-1.27647],[136.669941,-1.281528],[136.670317,-1.286061]]],[[[136.595988,-1.270752],[136.588941,-1.274629],[136.590471,-1.282468],[136.600563,-1.295435],[136.602293,-1.303852],[136.606582,-1.303685],[136.602464,-1.294576],[136.605687,-1.283251],[136.610806,-1.276873],[136.607957,-1.273646],[136.595988,-1.270752]]],[[[136.67779,-1.264695],[136.679529,-1.263448],[136.67957,-1.263295],[136.678571,-1.263342],[136.67779,-1.264695]]],[[[136.671346,-1.272114],[136.675989,-1.264439],[136.676207,-1.260633],[136.669597,-1.262276],[136.665408,-1.266077],[136.664605,-1.271735],[136.671346,-1.272114]]],[[[136.700369,-1.252092],[136.700102,-1.250695],[136.698286,-1.250955],[136.700369,-1.252092]]]]}},{"type":"Feature","properties":{"WADMKD":"Mnubabo","WADMKC":"Biak Kota","WADMKK":"Biak Numfor"},"geometry":{"type":"Polygon","coordinates":[[[136.118216,-1.187638],[136.113003,-1.184568],[136.10508,-1.181839],[136.107892,-1.190322],[136.1068,-1.193345],[136.123057,-1.196393],[136.118216,-1.187638]]]}},{"type":"Feature","properties":{"WADMKD":"Mnuswor","WADMKC":"Biak Utara","WADMKK":"Biak Numfor"},"geometry":{"type":"Polygon","coordinates":[[[136.035424,-0.895127],[136.026911,-0.895539],[136.025894,-0.897777],[136.019116,-0.899525],[136.020408,-0.904034],[136.028897,-0.902144],[136.036095,-0.903542],[136.035424,-0.895127]]]}},{"type":"Feature","properties":{"WADMKD":"Moibaken","WADMKC":"Yendidori","WADMKK":"Biak Numfor"},"geometry":{"type":"Polygon","coordinates":[[[136.016625,-1.069023],[136.013366,-1.055966],[135.980271,-1.066145],[135.961979,-1.066668],[135.954923,-1.068758],[135.951448,-1.07239],[135.960672,-1.076075],[135.972693,-1.085483],[136.016625,-1.069023]]]}},{"type":"Feature","properties":{"WADMKD":"Mokmer","WADMKC":"Biak Kota","WADMKK":"Biak Numfor"},"geometry":{"type":"Polygon","coordinates":[[[136.146799,-1.199022],[136.146124,-1.196935],[136.131785,-1.198902],[136.140732,-1.200096],[136.146799,-1.199022]]]}},{"type":"Feature","properties":{"WADMKD":"Namber","WADMKC":"Numfor Barat","WADMKK":"Biak Numfor"},"geometry":{"type":"MultiPolygon","coordinates":[[[[134.785958,-1.099365],[134.786554,-1.092195],[134.783034,-1.089906],[134.783302,-1.094035],[134.785958,-1.099365]]],[[[134.828492,-1.06813],[134.822355,-1.070076],[134.826875,-1.085796],[134.835646,-1.083036],[134.839759,-1.084765],[134.839827,-1.088964],[134.842587,-1.08659],[134.848211,-1.087654],[134.845456,-1.082925],[134.833178,-1.079974],[134.828492,-1.06813]]]]}},{"type":"Feature","properties":{"WADMKD":"Napdori","WADMKC":"Swandiwe","WADMKK":"Biak Numfor"},"geometry":{"type":"Polygon","coordinates":[[[135.855803,-0.846177],[135.844655,-0.828494],[135.819793,-0.838992],[135.816335,-0.838038],[135.808491,-0.86203],[135.783843,-0.863434],[135.777447,-0.86905],[135.772753,-0.878128],[135.768122,-0.879141],[135.764903,-0.885226],[135.76741,-0.888174],[135.766942,-0.893626],[135.776043,-0.895102],[135.803967,-0.889486],[135.816239,-0.884251],[135.825787,-0.874936],[135.858493,-0.856171],[135.855803,-0.846177]]]}},{"type":"Feature","properties":{"WADMKD":"Napisndi","WADMKC":"Supiori Barat","WADMKK":"Supiori"},"geometry":{"type":"MultiPolygon","coordinates":[[[[135.512334,-0.66085],[135.512584,-0.660767],[135.512411,-0.660708],[135.512334,-0.66085]]],[[[135.500765,-0.653558],[135.489268,-0.653376],[135.489741,-0.658893],[135.486219,-0.658357],[135.483479,-0.662281],[135.473194,-0.653173],[135.440328,-0.690908],[135.472397,-0.702399],[135.485101,-0.716937],[135.493562,-0.705626],[135.501239,-0.673057],[135.512195,-0.662994],[135.50763,-0.656108],[135.500765,-0.653558]]],[[[135.499746,-0.638259],[135.502927,-0.635139],[135.501939,-0.633008],[135.497896,-0.636258],[135.499746,-0.638259]]],[[[135.488705,-0.640131],[135.488321,-0.630493],[135.481413,-0.629121],[135.484416,-0.636133],[135.488705,-0.640131]]]]}},{"type":"Feature","properties":{"WADMKD":"Nermnu","WADMKC":"Biak Utara","WADMKK":"Biak Numfor"},"geometry":{"type":"Polygon","coordinates":[[[136.029974,-0.93353],[136.024429,-0.917159],[136.005434,-0.922388],[136.000738,-0.93306],[136.003026,-0.93894],[136.013662,-0.939596],[136.029974,-0.93353]]]}},{"type":"Feature","properties":{"WADMKD":"Nusi","WADMKC":"Padaido","WADMKK":"Biak Numfor"},"geometry":{"type":"Polygon","coordinates":[[[136.422208,-1.268036],[136.415138,-1.270316],[136.410815,-1.280182],[136.422208,-1.268036]]]}},{"type":"Feature","properties":{"WADMKD":"Nusi Babaruk","WADMKC":"Padaido","WADMKK":"Biak Numfor"},"geometry":{"type":"MultiPolygon","coordinates":[[[[136.374161,-1.310401],[136.374337,-1.308655],[136.373837,-1.306242],[136.373504,-1.308522],[136.374161,-1.310401]]],[[[136.378866,-1.292696],[136.380007,-1.291796],[136.3803,-1.289154],[136.378866,-1.292696]]],[[[136.413219,-1.308076],[136.414481,-1.299946],[136.410783,-1.289995],[136.410815,-1.280182],[136.40992,-1.286993],[136.413219,-1.308076]]]]}},{"type":"Feature","properties":{"WADMKD":"Nyansoren","WADMKC":"Aimando Padaido","WADMKK":"Biak Numfor"},"geometry":{"type":"MultiPolygon","coordinates":[[[[136.703964,-1.223729],[136.707815,-1.215549],[136.701914,-1.212418],[136.695502,-1.214029],[136.693748,-1.218269],[136.696455,-1.223447],[136.703964,-1.223729]]],[[[136.61066,-1.223955],[136.614554,-1.218604],[136.613385,-1.209611],[136.610695,-1.202544],[136.603154,-1.202998],[136.607336,-1.224311],[136.61066,-1.223955]]]]}},{"type":"Feature","properties":{"WADMKD":"Odori","WADMKC":"Supiori Selatan","WADMKK":"Supiori"},"geometry":{"type":"Polygon","coordinates":[[[135.60566,-0.765353],[135.581441,-0.748712],[135.551761,-0.744205],[135.547815,-0.76145],[135.549749,-0.781754],[135.542975,-0.80043],[135.555237,-0.803197],[135.558377,-0.811328],[135.561288,-0.811489],[135.563844,-0.815574],[135.566321,-0.823307],[135.568453,-0.822863],[135.57226,-0.829594],[135.581154,-0.834888],[135.591831,-0.793],[135.60566,-0.765353]]]}},{"type":"Feature","properties":{"WADMKD":"Opiaref","WADMKC":"Oridek","WADMKK":"Biak Numfor"},"geometry":{"type":"Polygon","coordinates":[[[136.270969,-1.159137],[136.26723,-1.152711],[136.261883,-1.155919],[136.255938,-1.156068],[136.264306,-1.156084],[136.267625,-1.160549],[136.270969,-1.159137]]]}},{"type":"Feature","properties":{"WADMKD":"Opuri","WADMKC":"Biak Barat","WADMKK":"Biak Numfor"},"geometry":{"type":"Polygon","coordinates":[[[135.905658,-1.005859],[135.886176,-0.983407],[135.861022,-1.001499],[135.837102,-1.004917],[135.817029,-1.013883],[135.822635,-1.024657],[135.837102,-1.015168],[135.905658,-1.005859]]]}},{"type":"Feature","properties":{"WADMKD":"Orkdori","WADMKC":"Swandiwe","WADMKK":"Biak Numfor"},"geometry":{"type":"Polygon","coordinates":[[[135.78147,-0.763566],[135.77993,-0.763819],[135.782516,-0.76527],[135.780233,-0.766524],[135.781465,-0.768529],[135.763918,-0.769812],[135.752479,-0.791785],[135.748965,-0.787772],[135.745592,-0.789795],[135.745755,-0.798419],[135.740463,-0.802815],[135.744635,-0.816413],[135.75,-0.825058],[135.752434,-0.824995],[135.756543,-0.816791],[135.782751,-0.804779],[135.788679,-0.798227],[135.789927,-0.787619],[135.783375,-0.773112],[135.784155,-0.767028],[135.78147,-0.763566]]]}},{"type":"Feature","properties":{"WADMKD":"Orwer","WADMKC":"Biak Timur","WADMKK":"Biak Numfor"},"geometry":{"type":"Polygon","coordinates":[[[136.227044,-1.170774],[136.226008,-1.167132],[136.215918,-1.16925],[136.216837,-1.172001],[136.227044,-1.170774]]]}},{"type":"Feature","properties":{"WADMKD":"Owi","WADMKC":"Biak Timur","WADMKK":"Biak Numfor"},"geometry":{"type":"MultiPolygon","coordinates":[[[[136.207214,-1.306008],[136.204281,-1.3086],[136.210748,-1.312541],[136.210491,-1.308672],[136.207214,-1.306008]]],[[[136.21768,-1.308824],[136.219345,-1.306238],[136.217992,-1.305119],[136.215956,-1.306165],[136.21768,-1.308824]]],[[[136.202864,-1.233089],[136.198401,-1.234596],[136.18828,-1.245204],[136.18806,-1.247891],[136.193746,-1.253842],[136.209148,-1.242542],[136.202864,-1.233089]]]]}},{"type":"Feature","properties":{"WADMKD":"Padaido","WADMKC":"Aimando Padaido","WADMKK":"Biak Numfor"},"geometry":{"type":"MultiPolygon","coordinates":[[[[136.597918,-1.160811],[136.597986,-1.160852],[136.598013,-1.160853],[136.597918,-1.160811]]],[[[136.597478,-1.161078],[136.593116,-1.162894],[136.598541,-1.171573],[136.604587,-1.174281],[136.608287,-1.17248],[136.61096,-1.167313],[136.597478,-1.161078]]]]}},{"type":"Feature","properties":{"WADMKD":"Padwa","WADMKC":"Yendidori","WADMKK":"Biak Numfor"},"geometry":{"type":"Polygon","coordinates":[[[135.934243,-1.143078],[135.928791,-1.146893],[135.915203,-1.146633],[135.917953,-1.157946],[135.929154,-1.154657],[135.934243,-1.143078]]]}},{"type":"Feature","properties":{"WADMKD":"Padwa Pantai","WADMKC":"Yendidori","WADMKK":"Biak Numfor"},"geometry":{"type":"MultiPolygon","coordinates":[[[[135.931523,-1.154948],[135.931758,-1.15479],[135.931516,-1.154811],[135.931523,-1.154948]]],[[[135.937312,-1.148682],[135.934243,-1.143078],[135.929451,-1.154381],[135.918113,-1.158773],[135.926439,-1.157142],[135.931284,-1.153469],[135.93232,-1.154673],[135.937312,-1.148682]]]]}},{"type":"Feature","properties":{"WADMKD":"Pai","WADMKC":"Padaido","WADMKK":"Biak Numfor"},"geometry":{"type":"Polygon","coordinates":[[[136.442065,-1.217085],[136.433794,-1.206885],[136.433724,-1.206835],[136.430203,-1.214449],[136.437057,-1.221219],[136.442065,-1.217085]]]}},{"type":"Feature","properties":{"WADMKD":"Paidori","WADMKC":"Padaido","WADMKK":"Biak Numfor"},"geometry":{"type":"Polygon","coordinates":[[[136.448201,-1.212234],[136.443238,-1.199305],[136.43513,-1.203544],[136.433724,-1.206835],[136.442065,-1.217085],[136.448201,-1.212234]]]}},{"type":"Feature","properties":{"WADMKD":"Pakreki","WADMKC":"Orkeri","WADMKK":"Biak Numfor"},"geometry":{"type":"Polygon","coordinates":[[[134.900322,-1.137548],[134.88696,-1.136309],[134.882613,-1.131436],[134.880263,-1.135336],[134.885737,-1.140491],[134.900322,-1.137548]]]}},{"type":"Feature","properties":{"WADMKD":"Parai","WADMKC":"Biak Kota","WADMKK":"Biak Numfor"},"geometry":{"type":"Polygon","coordinates":[[[136.156228,-1.193216],[136.149112,-1.182392],[136.143079,-1.183246],[136.146799,-1.199022],[136.156228,-1.193216]]]}},{"type":"Feature","properties":{"WADMKD":"Pasi","WADMKC":"Aimando Padaido","WADMKK":"Biak Numfor"},"geometry":{"type":"Polygon","coordinates":[[[136.616064,-1.235668],[136.611024,-1.229723],[136.60271,-1.228981],[136.595053,-1.23734],[136.616064,-1.235668]]]}},{"type":"Feature","properties":{"WADMKD":"Pomdori","WADMKC":"Numfor Barat","WADMKK":"Biak Numfor"},"geometry":{"type":"Polygon","coordinates":[[[134.85803,-1.067225],[134.845981,-1.066503],[134.844294,-1.076624],[134.849837,-1.079998],[134.853029,-1.088398],[134.862024,-1.08979],[134.85803,-1.067225]]]}},{"type":"Feature","properties":{"WADMKD":"Pomdori Sup","WADMKC":"Numfor Barat","WADMKK":"Biak Numfor"},"geometry":{"type":"Polygon","coordinates":[[[134.871526,-1.067226],[134.85803,-1.067225],[134.862024,-1.08979],[134.873782,-1.091609],[134.871526,-1.067226]]]}},{"type":"Feature","properties":{"WADMKD":"Puweri","WADMKC":"Supiori Utara","WADMKK":"Supiori"},"geometry":{"type":"Polygon","coordinates":[[[135.679475,-0.691551],[135.672464,-0.684724],[135.665743,-0.690128],[135.645502,-0.715453],[135.643871,-0.725238],[135.637157,-0.735214],[135.633607,-0.753248],[135.626549,-0.768607],[135.620657,-0.775767],[135.643675,-0.798388],[135.652861,-0.791689],[135.660416,-0.780299],[135.661113,-0.77379],[135.658788,-0.767514],[135.662856,-0.760424],[135.661113,-0.754961],[135.663054,-0.746267],[135.660789,-0.740832],[135.664369,-0.721143],[135.671594,-0.710963],[135.683565,-0.706832],[135.679475,-0.691551]]]}},{"type":"Feature","properties":{"WADMKD":"Pyefuri","WADMKC":"Numfor Timur","WADMKK":"Biak Numfor"},"geometry":{"type":"Polygon","coordinates":[[[134.900036,-1.095667],[134.900036,-1.06602],[134.871526,-1.067226],[134.873782,-1.091609],[134.900036,-1.095667]]]}},{"type":"Feature","properties":{"WADMKD":"Ramdori","WADMKC":"Swandiwe","WADMKK":"Biak Numfor"},"geometry":{"type":"MultiPolygon","coordinates":[[[[135.774042,-0.876095],[135.773963,-0.876209],[135.77404,-0.87626],[135.774042,-0.876095]]],[[[135.761222,-0.843606],[135.754279,-0.843436],[135.76042,-0.850156],[135.760725,-0.856202],[135.766391,-0.863204],[135.767605,-0.874124],[135.773955,-0.875621],[135.773648,-0.863058],[135.769522,-0.862482],[135.764493,-0.857005],[135.761222,-0.843606]]]]}},{"type":"Feature","properties":{"WADMKD":"Rarnpimbo","WADMKC":"Yendidori","WADMKK":"Biak Numfor"},"geometry":{"type":"Polygon","coordinates":[[[135.952833,-1.005969],[135.905658,-1.005859],[135.905143,-1.026915],[135.909494,-1.032534],[135.929837,-1.030736],[135.940028,-1.026816],[135.946038,-1.012444],[135.949697,-1.011137],[135.952833,-1.005969]]]}},{"type":"Feature","properties":{"WADMKD":"Rarsbari","WADMKC":"Biak Barat","WADMKK":"Biak Numfor"},"geometry":{"type":"Polygon","coordinates":[[[135.875974,-0.971649],[135.863191,-0.962241],[135.843523,-0.964764],[135.842464,-0.980271],[135.83752,-0.9874],[135.864439,-0.980509],[135.875974,-0.971649]]]}},{"type":"Feature","properties":{"WADMKD":"Rarsibo","WADMKC":"Numfor Timur","WADMKK":"Biak Numfor"},"geometry":{"type":"Polygon","coordinates":[[[134.900124,-0.941079],[134.886782,-0.936172],[134.876519,-0.962898],[134.874903,-1.00233],[134.883832,-1.00273],[134.881214,-0.996972],[134.900124,-0.941079]]]}},{"type":"Feature","properties":{"WADMKD":"Rawar","WADMKC":"Orkeri","WADMKK":"Biak Numfor"},"geometry":{"type":"MultiPolygon","coordinates":[[[[134.911438,-1.136258],[134.912123,-1.13647],[134.911852,-1.136104],[134.911438,-1.136258]]],[[[134.92491,-1.131528],[134.922233,-1.097455],[134.900036,-1.095667],[134.900154,-1.138627],[134.92491,-1.131528]]]]}},{"type":"Feature","properties":{"WADMKD":"Rayori","WADMKC":"Kepulauan Aruri","WADMKK":"Supiori"},"geometry":{"type":"MultiPolygon","coordinates":[[[[135.470985,-0.819842],[135.472355,-0.81993],[135.471897,-0.819135],[135.470985,-0.819842]]],[[[135.493561,-0.819078],[135.496283,-0.824171],[135.498757,-0.82358],[135.499205,-0.82142],[135.497396,-0.821886],[135.493561,-0.819078]]],[[[135.49589,-0.817694],[135.496339,-0.817542],[135.496284,-0.817323],[135.49589,-0.817694]]],[[[135.476372,-0.816228],[135.476491,-0.81568],[135.476164,-0.81569],[135.476372,-0.816228]]],[[[135.497482,-0.820917],[135.500853,-0.817413],[135.499674,-0.812646],[135.496545,-0.817641],[135.493765,-0.818205],[135.497482,-0.820917]]],[[[135.478082,-0.810018],[135.479033,-0.809974],[135.478696,-0.809459],[135.478082,-0.810018]]],[[[135.499347,-0.811482],[135.491364,-0.801707],[135.487881,-0.804488],[135.490469,-0.806464],[135.482384,-0.81155],[135.483408,-0.815406],[135.496078,-0.817193],[135.499347,-0.811482]]]]}},{"type":"Feature","properties":{"WADMKD":"Rim","WADMKC":"Biak Timur","WADMKK":"Biak Numfor"},"geometry":{"type":"Polygon","coordinates":[[[136.177968,-1.045796],[136.172567,-1.044457],[136.164075,-1.037332],[136.145418,-1.086023],[136.166682,-1.136055],[136.172418,-1.135509],[136.190176,-1.125947],[136.17823,-1.064809],[136.177968,-1.045796]]]}},{"type":"Feature","properties":{"WADMKD":"Rimba Jaya","WADMKC":"Biak Timur","WADMKK":"Biak Numfor"},"geometry":{"type":"Polygon","coordinates":[[[136.242609,-1.148482],[136.239385,-1.135685],[136.214549,-1.137365],[136.20921,-1.145056],[136.216793,-1.151103],[136.242609,-1.148482]]]}},{"type":"Feature","properties":{"WADMKD":"Rimbaraya","WADMKC":"Numfor Barat","WADMKK":"Biak Numfor"},"geometry":{"type":"Polygon","coordinates":[[[134.845981,-1.066503],[134.828492,-1.06813],[134.833178,-1.079974],[134.842315,-1.081402],[134.847645,-1.084448],[134.848211,-1.087654],[134.853029,-1.088398],[134.849837,-1.079998],[134.844294,-1.076624],[134.845981,-1.066503]]]}},{"type":"Feature","properties":{"WADMKD":"Rodifu","WADMKC":"Andey","WADMKK":"Biak Numfor"},"geometry":{"type":"Polygon","coordinates":[[[136.01642,-0.861841],[135.985428,-0.88046],[135.982332,-0.885807],[135.99283,-0.896273],[135.995097,-0.896877],[136.011336,-0.88517],[136.023677,-0.880956],[136.025894,-0.873275],[136.01642,-0.861841]]]}},{"type":"Feature","properties":{"WADMKD":"Rosayendi","WADMKC":"Biak Utara","WADMKK":"Biak Numfor"},"geometry":{"type":"Polygon","coordinates":[[[136.024429,-0.917159],[136.019116,-0.899525],[136.009232,-0.904964],[136.009559,-0.916398],[136.005434,-0.922388],[136.024429,-0.917159]]]}},{"type":"Feature","properties":{"WADMKD":"Ruar","WADMKC":"Biak Timur","WADMKK":"Biak Numfor"},"geometry":{"type":"Polygon","coordinates":[[[136.172418,-1.135509],[136.166682,-1.136055],[136.145418,-1.086023],[136.133332,-1.118832],[136.157244,-1.180551],[136.161756,-1.185977],[136.18487,-1.179797],[136.172418,-1.135509]]]}},{"type":"Feature","properties":{"WADMKD":"Rumbin","WADMKC":"Andey","WADMKK":"Biak Numfor"},"geometry":{"type":"Polygon","coordinates":[[[135.969964,-0.900985],[135.948752,-0.904349],[135.915657,-0.884539],[135.909475,-0.88799],[135.905461,-0.897642],[135.903377,-0.908515],[135.904832,-0.915049],[135.901516,-0.920458],[135.900944,-0.927221],[135.905391,-0.932426],[135.911275,-0.925628],[135.917458,-0.927004],[135.915845,-0.934356],[135.917425,-0.940046],[135.915411,-0.941724],[135.918321,-0.941112],[135.920519,-0.949415],[135.918982,-0.951261],[135.921068,-0.951996],[135.91559,-0.956369],[135.924648,-0.960643],[135.928987,-0.959188],[135.932577,-0.963399],[135.953799,-0.94338],[135.980717,-0.915116],[135.969964,-0.900985]]]}},{"type":"Feature","properties":{"WADMKD":"Samau","WADMKC":"Biak Kota","WADMKK":"Biak Numfor"},"geometry":{"type":"Polygon","coordinates":[[[136.056466,-1.16523],[136.049036,-1.164775],[136.053203,-1.174498],[136.057279,-1.170221],[136.055243,-1.167276],[136.056466,-1.16523]]]}},{"type":"Feature","properties":{"WADMKD":"Sambawofuar","WADMKC":"Samofa","WADMKK":"Biak Numfor"},"geometry":{"type":"Polygon","coordinates":[[[136.063426,-1.099368],[136.038189,-1.099481],[136.039139,-1.127948],[136.073701,-1.127891],[136.074493,-1.103021],[136.063426,-1.099368]]]}},{"type":"Feature","properties":{"WADMKD":"Samber","WADMKC":"Yendidori","WADMKK":"Biak Numfor"},"geometry":{"type":"Polygon","coordinates":[[[135.917953,-1.157946],[135.915203,-1.146633],[135.899524,-1.150813],[135.899262,-1.159698],[135.901353,-1.16205],[135.895769,-1.171796],[135.900435,-1.174208],[135.90232,-1.170725],[135.906652,-1.171136],[135.913324,-1.159787],[135.917953,-1.157946]]]}},{"type":"Feature","properties":{"WADMKD":"Samber Pasi","WADMKC":"Aimando Padaido","WADMKK":"Biak Numfor"},"geometry":{"type":"Polygon","coordinates":[[[136.594367,-1.242649],[136.595436,-1.248269],[136.604673,-1.255226],[136.613592,-1.25213],[136.617341,-1.240769],[136.594367,-1.242649]]]}},{"type":"Feature","properties":{"WADMKD":"Samber Sup","WADMKC":"Yendidori","WADMKK":"Biak Numfor"},"geometry":{"type":"Polygon","coordinates":[[[135.950051,-1.046782],[135.940028,-1.026816],[135.929837,-1.030736],[135.909494,-1.032534],[135.9249,-1.053235],[135.937676,-1.048245],[135.950051,-1.046782]]]}},{"type":"Feature","properties":{"WADMKD":"Samofa","WADMKC":"Samofa","WADMKK":"Biak Numfor"},"geometry":{"type":"Polygon","coordinates":[[[136.074395,-1.165108],[136.071914,-1.166699],[136.066653,-1.163818],[136.066567,-1.170506],[136.081013,-1.178622],[136.09141,-1.177852],[136.090195,-1.172],[136.074395,-1.165108]]]}},{"type":"Feature","properties":{"WADMKD":"Sandau","WADMKC":"Bruyadori","WADMKK":"Biak Numfor"},"geometry":{"type":"MultiPolygon","coordinates":[[[[134.924251,-1.05922],[134.924465,-1.058464],[134.923947,-1.058428],[134.924251,-1.05922]]],[[[134.944051,-1.04287],[134.942873,-1.042635],[134.942809,-1.04322],[134.944051,-1.04287]]],[[[134.943815,-1.041671],[134.943066,-1.0409],[134.942954,-1.041835],[134.943815,-1.041671]]],[[[134.945018,-1.038784],[134.943318,-1.040258],[134.944811,-1.040255],[134.945018,-1.038784]]],[[[134.942693,-1.038115],[134.943272,-1.038077],[134.943033,-1.037807],[134.942693,-1.038115]]],[[[134.942732,-1.037684],[134.942477,-1.037527],[134.942513,-1.037727],[134.942732,-1.037684]]],[[[134.941853,-1.036857],[134.942334,-1.036562],[134.941922,-1.036526],[134.941853,-1.036857]]],[[[134.941635,-1.036372],[134.942044,-1.036359],[134.941923,-1.036236],[134.941635,-1.036372]]],[[[134.94184,-1.035933],[134.940659,-1.035201],[134.941798,-1.03614],[134.94184,-1.035933]]],[[[134.934784,-1.032936],[134.935275,-1.033264],[134.935041,-1.032898],[134.934784,-1.032936]]],[[[134.949145,-1.02969],[134.946302,-1.028322],[134.9488,-1.030684],[134.949145,-1.02969]]],[[[134.946683,-1.027119],[134.947587,-1.02689],[134.946935,-1.02658],[134.946683,-1.027119]]],[[[134.94519,-1.0253],[134.942983,-1.024945],[134.938671,-1.030218],[134.943582,-1.037502],[134.94864,-1.03131],[134.945535,-1.028354],[134.94519,-1.0253]]],[[[134.945889,-1.024125],[134.944371,-1.022027],[134.944971,-1.024939],[134.945889,-1.024125]]],[[[134.936286,-1.026772],[134.936446,-1.02164],[134.930352,-1.030249],[134.932232,-1.032162],[134.934031,-1.027917],[134.933312,-1.031753],[134.934815,-1.030478],[134.936225,-1.032534],[134.9348,-1.045575],[134.940354,-1.048338],[134.941074,-1.039235],[134.936286,-1.026772]]],[[[134.944672,-1.015018],[134.938859,-1.020017],[134.93854,-1.028006],[134.941726,-1.024057],[134.944672,-1.015018]]],[[[134.950467,-1.013577],[134.947195,-1.014605],[134.945224,-1.019825],[134.949278,-1.027849],[134.954363,-1.019773],[134.950467,-1.013577]]],[[[134.940785,-1.012358],[134.939167,-1.01221],[134.940023,-1.013114],[134.940785,-1.012358]]],[[[134.950602,-1.00992],[134.947604,-1.01002],[134.947729,-1.013072],[134.949781,-1.012793],[134.950602,-1.00992]]],[[[134.938263,-1.011944],[134.939615,-1.008846],[134.938041,-1.008543],[134.93539,-1.01264],[134.925268,-1.011676],[134.913681,-1.022841],[134.913066,-1.035615],[134.907541,-1.044356],[134.909356,-1.049613],[134.907014,-1.057935],[134.913319,-1.068905],[134.922738,-1.063129],[134.922612,-1.05286],[134.926727,-1.045103],[134.929525,-1.044198],[134.930634,-1.04645],[134.934872,-1.043645],[134.933959,-1.035364],[134.929487,-1.030034],[134.931057,-1.024537],[134.938818,-1.017101],[134.938263,-1.011944]]]]}},{"type":"Feature","properties":{"WADMKD":"Sandidori","WADMKC":"Padaido","WADMKK":"Biak Numfor"},"geometry":{"type":"MultiPolygon","coordinates":[[[[136.313312,-1.285924],[136.32317,-1.281334],[136.32376,-1.279124],[136.319023,-1.27713],[136.313312,-1.285924]]],[[[136.314107,-1.257587],[136.317091,-1.252466],[136.31706,-1.251957],[136.314107,-1.257587]]],[[[136.317094,-1.251677],[136.317769,-1.250375],[136.317729,-1.250237],[136.317094,-1.251677]]],[[[136.317808,-1.249831],[136.317944,-1.249736],[136.317817,-1.24973],[136.317808,-1.249831]]],[[[136.317994,-1.249504],[136.318188,-1.249621],[136.318146,-1.249462],[136.317994,-1.249504]]],[[[136.318123,-1.2491],[136.318338,-1.249128],[136.318294,-1.24897],[136.318123,-1.2491]]],[[[136.336572,-1.219506],[136.317417,-1.217989],[136.306076,-1.223726],[136.292702,-1.233171],[136.293345,-1.237685],[136.301137,-1.244597],[136.312574,-1.233146],[136.332911,-1.227471],[136.335451,-1.229608],[136.339782,-1.222471],[136.336572,-1.219506]]],[[[136.330381,-1.217367],[136.330193,-1.217156],[136.330131,-1.21726],[136.330381,-1.217367]]],[[[136.331109,-1.217326],[136.331323,-1.217094],[136.331088,-1.217192],[136.331109,-1.217326]]]]}},{"type":"Feature","properties":{"WADMKD":"Sansundi","WADMKC":"Bondifuar","WADMKK":"Biak Numfor"},"geometry":{"type":"Polygon","coordinates":[[[135.863712,-0.725696],[135.797097,-0.699608],[135.788442,-0.706895],[135.788521,-0.710057],[135.858479,-0.738463],[135.863712,-0.725696]]]}},{"type":"Feature","properties":{"WADMKD":"Sanumi","WADMKC":"Biak Kota","WADMKK":"Biak Numfor"},"geometry":{"type":"Polygon","coordinates":[[[136.146124,-1.196935],[136.145641,-1.193679],[136.133422,-1.194835],[136.132448,-1.198208],[136.146124,-1.196935]]]}},{"type":"Feature","properties":{"WADMKD":"Saramon","WADMKC":"Biak Kota","WADMKK":"Biak Numfor"},"geometry":{"type":"Polygon","coordinates":[[[136.076072,-1.17636],[136.073723,-1.175386],[136.072139,-1.180385],[136.074158,-1.1811],[136.076072,-1.17636]]]}},{"type":"Feature","properties":{"WADMKD":"Sareidi","WADMKC":"Biak Timur","WADMKK":"Biak Numfor"},"geometry":{"type":"MultiPolygon","coordinates":[[[[136.2291,-1.230922],[136.209148,-1.242542],[136.214042,-1.2499],[136.226502,-1.239573],[136.230725,-1.233047],[136.2291,-1.230922]]],[[[136.225458,-1.229992],[136.225086,-1.230009],[136.226353,-1.229959],[136.225458,-1.229992]]],[[[136.215234,-1.229366],[136.215375,-1.229345],[136.214628,-1.229503],[136.215234,-1.229366]]]]}},{"type":"Feature","properties":{"WADMKD":"Saribi","WADMKC":"Orkeri","WADMKK":"Biak Numfor"},"geometry":{"type":"Polygon","coordinates":[[[134.891076,-1.094284],[134.883325,-1.093085],[134.867429,-1.110484],[134.876105,-1.120605],[134.869357,-1.127594],[134.868071,-1.132779],[134.880648,-1.135336],[134.887191,-1.120846],[134.891076,-1.094284]]]}},{"type":"Feature","properties":{"WADMKD":"Saribra","WADMKC":"Aimando Padaido","WADMKK":"Biak Numfor"},"geometry":{"type":"MultiPolygon","coordinates":[[[[136.524405,-1.228156],[136.501031,-1.229705],[136.500864,-1.239483],[136.518311,-1.242834],[136.52479,-1.24027],[136.536164,-1.240397],[136.537184,-1.236994],[136.534885,-1.233075],[136.524405,-1.228156]]],[[[136.599711,-1.190389],[136.587265,-1.191087],[136.592866,-1.203616],[136.610725,-1.202612],[136.607055,-1.195904],[136.599711,-1.190389]]]]}},{"type":"Feature","properties":{"WADMKD":"Sarwa","WADMKC":"Swandiwe","WADMKK":"Biak Numfor"},"geometry":{"type":"Polygon","coordinates":[[[135.856571,-0.870778],[135.858493,-0.856171],[135.825787,-0.874936],[135.816239,-0.884251],[135.798507,-0.891046],[135.76929,-0.895086],[135.77238,-0.902629],[135.775506,-0.9035],[135.77364,-0.905839],[135.776877,-0.909646],[135.776541,-0.915113],[135.809403,-0.899524],[135.856571,-0.870778]]]}},{"type":"Feature","properties":{"WADMKD":"Sarwom","WADMKC":"Biak Utara","WADMKK":"Biak Numfor"},"geometry":{"type":"Polygon","coordinates":[[[136.108034,-0.969476],[136.097991,-0.958506],[136.094531,-0.948118],[136.051097,-0.964692],[136.011989,-0.968875],[135.988511,-0.966149],[135.971255,-0.983267],[136.05026,-0.98205],[136.108034,-0.969476]]]}},{"type":"Feature","properties":{"WADMKD":"Sasari","WADMKC":"Aimando Padaido","WADMKK":"Biak Numfor"},"geometry":{"type":"Polygon","coordinates":[[[136.610659,-1.144889],[136.601851,-1.142992],[136.599349,-1.149432],[136.606849,-1.152323],[136.610659,-1.144889]]]}},{"type":"Feature","properties":{"WADMKD":"Saswarbo","WADMKC":"Swandiwe","WADMKK":"Biak Numfor"},"geometry":{"type":"Polygon","coordinates":[[[135.825259,-0.782151],[135.791587,-0.750691],[135.781696,-0.734669],[135.775314,-0.736831],[135.770758,-0.742515],[135.772532,-0.745155],[135.77465,-0.743932],[135.775606,-0.748195],[135.780112,-0.750003],[135.779317,-0.751968],[135.782698,-0.754863],[135.780238,-0.758338],[135.783014,-0.761657],[135.780778,-0.762553],[135.784155,-0.767028],[135.783375,-0.773112],[135.789927,-0.787619],[135.788679,-0.798227],[135.782751,-0.804779],[135.756543,-0.816791],[135.752434,-0.824995],[135.753441,-0.834254],[135.758054,-0.835414],[135.762003,-0.842219],[135.783531,-0.835043],[135.817969,-0.818496],[135.817664,-0.815215],[135.821632,-0.813765],[135.831478,-0.794519],[135.837624,-0.788334],[135.825259,-0.782151]]]}},{"type":"Feature","properties":{"WADMKD":"Saukobye","WADMKC":"Biak Utara","WADMKK":"Biak Numfor"},"geometry":{"type":"Polygon","coordinates":[[[136.074848,-0.910412],[136.070647,-0.904448],[136.070028,-0.89651],[136.06034,-0.887037],[136.050826,-0.89124],[136.048179,-0.899196],[136.042432,-0.898304],[136.039187,-0.894079],[136.035424,-0.895127],[136.037146,-0.902788],[136.043949,-0.903915],[136.045032,-0.923283],[136.047332,-0.929138],[136.059881,-0.923701],[136.074848,-0.910412]]]}},{"type":"Feature","properties":{"WADMKD":"Sauri","WADMKC":"Oridek","WADMKK":"Biak Numfor"},"geometry":{"type":"Polygon","coordinates":[[[136.32234,-1.07304],[136.310911,-1.060469],[136.301321,-1.059512],[136.295682,-1.054558],[136.291529,-1.042606],[136.291533,-1.03223],[136.279095,-1.022677],[136.267646,-1.021812],[136.255676,-1.017201],[136.245023,-1.026904],[136.236503,-1.029548],[136.219282,-1.029281],[136.242666,-1.111642],[136.32234,-1.07304]]]}},{"type":"Feature","properties":{"WADMKD":"Sauri","WADMKC":"Poiru","WADMKK":"Biak Numfor"},"geometry":{"type":"Polygon","coordinates":[[[134.938567,-0.995183],[134.922376,-0.996734],[134.918295,-0.9895],[134.890101,-1.016521],[134.89556,-1.028531],[134.918404,-1.016719],[134.921524,-1.008819],[134.934906,-1.004698],[134.938567,-0.995183]]]}},{"type":"Feature","properties":{"WADMKD":"Sauribru","WADMKC":"Poiru","WADMKK":"Biak Numfor"},"geometry":{"type":"Polygon","coordinates":[[[134.94175,-0.967884],[134.931502,-0.960239],[134.887307,-1.010375],[134.890101,-1.016521],[134.94175,-0.967884]]]}},{"type":"Feature","properties":{"WADMKD":"Sauyas","WADMKC":"Supiori Timur","WADMKK":"Supiori"},"geometry":{"type":"Polygon","coordinates":[[[135.734153,-0.728934],[135.728465,-0.717899],[135.728741,-0.713359],[135.719885,-0.709299],[135.714891,-0.732994],[135.704689,-0.740029],[135.70068,-0.753979],[135.679034,-0.778031],[135.695201,-0.778148],[135.702681,-0.772004],[135.715503,-0.756511],[135.724051,-0.739682],[135.734153,-0.728934]]]}},{"type":"Feature","properties":{"WADMKD":"Sawa","WADMKC":"Oridek","WADMKK":"Biak Numfor"},"geometry":{"type":"MultiPolygon","coordinates":[[[[136.28215,-1.152868],[136.282061,-1.152784],[136.282006,-1.152838],[136.28215,-1.152868]]],[[[136.282516,-1.152617],[136.282596,-1.152501],[136.282451,-1.152566],[136.282516,-1.152617]]],[[[136.284008,-1.151845],[136.283356,-1.151806],[136.283368,-1.152124],[136.284008,-1.151845]]],[[[136.284314,-1.151729],[136.284537,-1.151458],[136.284168,-1.151693],[136.284314,-1.151729]]],[[[136.28495,-1.151178],[136.285304,-1.151173],[136.285289,-1.151059],[136.28495,-1.151178]]],[[[136.279057,-1.152182],[136.289738,-1.148016],[136.267466,-1.101153],[136.257425,-1.105725],[136.273896,-1.148112],[136.279057,-1.152182]]]]}},{"type":"Feature","properties":{"WADMKD":"Sawadori","WADMKC":"Oridek","WADMKK":"Biak Numfor"},"geometry":{"type":"Polygon","coordinates":[[[136.376289,-1.069443],[136.360518,-1.063474],[136.353461,-1.06669],[136.344931,-1.066102],[136.333621,-1.074855],[136.34123,-1.087909],[136.348105,-1.083197],[136.364407,-1.080983],[136.376289,-1.069443]]]}},{"type":"Feature","properties":{"WADMKD":"Sawai","WADMKC":"Warsa","WADMKK":"Biak Numfor"},"geometry":{"type":"Polygon","coordinates":[[[135.960783,-0.800709],[135.957222,-0.79853],[135.95376,-0.805347],[135.942548,-0.816875],[135.943811,-0.820191],[135.960783,-0.800709]]]}},{"type":"Feature","properties":{"WADMKD":"Semayen","WADMKC":"Numfor Barat","WADMKK":"Biak Numfor"},"geometry":{"type":"Polygon","coordinates":[[[134.900036,-1.06602],[134.899577,-1.037368],[134.895597,-1.028613],[134.821242,-1.052841],[134.826366,-1.060062],[134.828492,-1.06813],[134.838269,-1.06602],[134.900036,-1.06602]]]}},{"type":"Feature","properties":{"WADMKD":"Sepse","WADMKC":"Biak Timur","WADMKK":"Biak Numfor"},"geometry":{"type":"Polygon","coordinates":[[[136.203076,-1.111688],[136.200307,-1.109835],[136.18641,-1.11004],[136.190176,-1.125947],[136.204014,-1.121064],[136.203076,-1.111688]]]}},{"type":"Feature","properties":{"WADMKD":"Serbin","WADMKC":"Numfor Barat","WADMKK":"Biak Numfor"},"geometry":{"type":"Polygon","coordinates":[[[134.816579,-0.974443],[134.802296,-0.971467],[134.793822,-0.978774],[134.792211,-0.982861],[134.815001,-0.980018],[134.808604,-0.98372],[134.817061,-0.988661],[134.844949,-0.992839],[134.840244,-0.981293],[134.817543,-0.979985],[134.816579,-0.974443]]]}},{"type":"Feature","properties":{"WADMKD":"Snerbo","WADMKC":"Samofa","WADMKK":"Biak Numfor"},"geometry":{"type":"Polygon","coordinates":[[[136.074764,-1.164208],[136.068765,-1.159273],[136.066382,-1.163553],[136.0723,-1.166698],[136.074764,-1.164208]]]}},{"type":"Feature","properties":{"WADMKD":"Sokani","WADMKC":"Padaido","WADMKK":"Biak Numfor"},"geometry":{"type":"Polygon","coordinates":[[[136.374557,-1.253792],[136.369455,-1.25038],[136.375298,-1.258439],[136.374557,-1.253792]]]}},{"type":"Feature","properties":{"WADMKD":"Soon","WADMKC":"Biak Timur","WADMKK":"Biak Numfor"},"geometry":{"type":"Polygon","coordinates":[[[136.234773,-1.082735],[136.228354,-1.083599],[136.218492,-1.08843],[136.217083,-1.091247],[136.209033,-1.080983],[136.209233,-1.07736],[136.202138,-1.078404],[136.197919,-1.081685],[136.204126,-1.120165],[136.213746,-1.138461],[136.239385,-1.135685],[136.242666,-1.111642],[136.234773,-1.082735]]]}},{"type":"Feature","properties":{"WADMKD":"Soor","WADMKC":"Yawosi","WADMKK":"Biak Numfor"},"geometry":{"type":"Polygon","coordinates":[[[135.992523,-0.820574],[135.983304,-0.81456],[135.978801,-0.814159],[135.978511,-0.817459],[135.961715,-0.835057],[135.964209,-0.842635],[135.984807,-0.846086],[135.992523,-0.820574]]]}},{"type":"Feature","properties":{"WADMKD":"Sopendo","WADMKC":"Biak Barat","WADMKK":"Biak Numfor"},"geometry":{"type":"Polygon","coordinates":[[[135.86037,-1.001576],[135.856886,-0.999441],[135.856826,-0.995455],[135.864439,-0.980509],[135.816112,-0.993689],[135.80589,-1.003302],[135.80902,-1.00794],[135.815438,-1.003747],[135.816421,-1.005741],[135.814,-1.008229],[135.817741,-1.011834],[135.817029,-1.013883],[135.837102,-1.004917],[135.86037,-1.001576]]]}},{"type":"Feature","properties":{"WADMKD":"Sopendo Sup Karkir","WADMKC":"Biak Barat","WADMKK":"Biak Numfor"},"geometry":{"type":"Polygon","coordinates":[[[135.886176,-0.983407],[135.875974,-0.971649],[135.860633,-0.985342],[135.861109,-0.99028],[135.856826,-0.995455],[135.856886,-0.999441],[135.861022,-1.001499],[135.886176,-0.983407]]]}},{"type":"Feature","properties":{"WADMKD":"Sorendidori","WADMKC":"Supiori Timur","WADMKK":"Supiori"},"geometry":{"type":"Polygon","coordinates":[[[135.74001,-0.748397],[135.747478,-0.739571],[135.734153,-0.728934],[135.724051,-0.739682],[135.721209,-0.746436],[135.732391,-0.75151],[135.74001,-0.748397]]]}},{"type":"Feature","properties":{"WADMKD":"Sorido","WADMKC":"Biak Kota","WADMKK":"Biak Numfor"},"geometry":{"type":"Polygon","coordinates":[[[136.064759,-1.145512],[136.05595,-1.145508],[136.048335,-1.156195],[136.049036,-1.164775],[136.056466,-1.16523],[136.059143,-1.161152],[136.066382,-1.163553],[136.068717,-1.159355],[136.064344,-1.156629],[136.064759,-1.145512]]]}},{"type":"Feature","properties":{"WADMKD":"Sorina","WADMKC":"Padaido","WADMKK":"Biak Numfor"},"geometry":{"type":"Polygon","coordinates":[[[136.37841,-1.251329],[136.378658,-1.249555],[136.367634,-1.247648],[136.369455,-1.25038],[136.37841,-1.251329]]]}},{"type":"Feature","properties":{"WADMKD":"Soryar","WADMKC":"Biak Timur","WADMKK":"Biak Numfor"},"geometry":{"type":"Polygon","coordinates":[[[136.247104,-1.158158],[136.244785,-1.158002],[136.243465,-1.162081],[136.247995,-1.168333],[136.25165,-1.16603],[136.247104,-1.158158]]]}},{"type":"Feature","properties":{"WADMKD":"Sosmai","WADMKC":"Biak Barat","WADMKK":"Biak Numfor"},"geometry":{"type":"MultiPolygon","coordinates":[[[[135.810126,-1.090272],[135.810036,-1.089887],[135.809878,-1.089953],[135.810126,-1.090272]]],[[[135.810001,-1.089225],[135.810443,-1.087478],[135.810142,-1.087157],[135.809533,-1.087545],[135.810001,-1.089225]]],[[[135.841983,-1.052755],[135.82163,-1.052738],[135.823139,-1.072899],[135.820505,-1.0849],[135.818344,-1.088873],[135.801737,-1.092285],[135.803725,-1.094328],[135.802086,-1.098388],[135.806132,-1.103871],[135.842472,-1.094736],[135.839056,-1.084973],[135.843449,-1.0674],[135.841983,-1.052755]]]]}},{"type":"Feature","properties":{"WADMKD":"Sub Mander","WADMKC":"Orkeri","WADMKK":"Biak Numfor"},"geometry":{"type":"Polygon","coordinates":[[[134.873782,-1.091609],[134.842587,-1.08659],[134.842096,-1.086837],[134.843703,-1.087305],[134.838517,-1.094336],[134.835199,-1.104715],[134.850216,-1.113082],[134.873782,-1.091609]]]}},{"type":"Feature","properties":{"WADMKD":"Sub Manggunsi","WADMKC":"Numfor Barat","WADMKK":"Biak Numfor"},"geometry":{"type":"Polygon","coordinates":[[[134.840244,-0.981293],[134.833472,-0.968969],[134.816579,-0.974443],[134.817543,-0.979985],[134.840244,-0.981293]]]}},{"type":"Feature","properties":{"WADMKD":"Sumberker","WADMKC":"Samofa","WADMKK":"Biak Numfor"},"geometry":{"type":"Polygon","coordinates":[[[136.138017,-1.130923],[136.134349,-1.131446],[136.13304,-1.134072],[136.126725,-1.159094],[136.121366,-1.166413],[136.154181,-1.172646],[136.138017,-1.130923]]]}},{"type":"Feature","properties":{"WADMKD":"Sumbinya","WADMKC":"Biak Barat","WADMKK":"Biak Numfor"},"geometry":{"type":"MultiPolygon","coordinates":[[[[135.817399,-1.121899],[135.817756,-1.121793],[135.817637,-1.121592],[135.817399,-1.121899]]],[[[135.816999,-1.120999],[135.817349,-1.121084],[135.817375,-1.120841],[135.816999,-1.120999]]],[[[135.817292,-1.120637],[135.816704,-1.120271],[135.816914,-1.120879],[135.817292,-1.120637]]],[[[135.815824,-1.119262],[135.816129,-1.118907],[135.815715,-1.118802],[135.815824,-1.119262]]],[[[135.813844,-1.116472],[135.813838,-1.11635],[135.81379,-1.11644],[135.813844,-1.116472]]],[[[135.812983,-1.11588],[135.813372,-1.115855],[135.813161,-1.115711],[135.812983,-1.11588]]],[[[135.853211,-1.117191],[135.842472,-1.094736],[135.806016,-1.104706],[135.811505,-1.114891],[135.81478,-1.114044],[135.817906,-1.117026],[135.823172,-1.131535],[135.829691,-1.137381],[135.853211,-1.117191]]]]}},{"type":"Feature","properties":{"WADMKD":"Sunde","WADMKC":"Biak Timur","WADMKK":"Biak Numfor"},"geometry":{"type":"Polygon","coordinates":[[[136.213746,-1.138461],[136.204126,-1.120165],[136.190176,-1.125947],[136.19568,-1.133372],[136.203402,-1.153541],[136.204431,-1.164515],[136.219459,-1.161838],[136.216793,-1.151103],[136.20921,-1.145056],[136.213746,-1.138461]]]}},{"type":"Feature","properties":{"WADMKD":"Suneri","WADMKC":"Yendidori","WADMKK":"Biak Numfor"},"geometry":{"type":"Polygon","coordinates":[[[136.018258,-1.075823],[136.016625,-1.069023],[135.964854,-1.089142],[135.971125,-1.097504],[135.973201,-1.116915],[136.012936,-1.115796],[136.015027,-1.083392],[136.018258,-1.075823]]]}},{"type":"Feature","properties":{"WADMKD":"Sunyar","WADMKC":"Yendidori","WADMKK":"Biak Numfor"},"geometry":{"type":"Polygon","coordinates":[[[135.948158,-1.071294],[135.93361,-1.064339],[135.909277,-1.096861],[135.92252,-1.106127],[135.929053,-1.117103],[135.934018,-1.120761],[135.94523,-1.122279],[135.949472,-1.114102],[135.94083,-1.110592],[135.941785,-1.104874],[135.939867,-1.10151],[135.941793,-1.09783],[135.939692,-1.097715],[135.94708,-1.088794],[135.94324,-1.085611],[135.943534,-1.07934],[135.949592,-1.074081],[135.948158,-1.071294]]]}},{"type":"Feature","properties":{"WADMKD":"Sup Mbrur","WADMKC":"Andey","WADMKK":"Biak Numfor"},"geometry":{"type":"Polygon","coordinates":[[[135.955632,-0.869519],[135.945051,-0.868683],[135.920961,-0.851277],[135.895109,-0.87224],[135.948752,-0.904349],[135.969614,-0.901321],[135.982332,-0.885807],[135.968582,-0.881561],[135.955632,-0.869519]]]}},{"type":"Feature","properties":{"WADMKD":"Supraima","WADMKC":"Aimando Padaido","WADMKK":"Biak Numfor"},"geometry":{"type":"MultiPolygon","coordinates":[[[[136.623436,-1.340565],[136.624108,-1.333482],[136.621459,-1.331677],[136.620444,-1.337351],[136.623436,-1.340565]]],[[[136.616312,-1.319555],[136.616034,-1.315803],[136.612422,-1.317476],[136.613088,-1.318964],[136.616312,-1.319555]]],[[[136.606052,-1.303716],[136.602293,-1.303852],[136.59977,-1.31894],[136.604452,-1.323347],[136.606696,-1.317752],[136.604685,-1.323555],[136.607079,-1.319221],[136.606052,-1.303716]]]]}},{"type":"Feature","properties":{"WADMKD":"Surdori","WADMKC":"Poiru","WADMKK":"Biak Numfor"},"geometry":{"type":"Polygon","coordinates":[[[134.926283,-0.966729],[134.912943,-0.965519],[134.910461,-0.959287],[134.883832,-1.00273],[134.887307,-1.010375],[134.926283,-0.966729]]]}},{"type":"Feature","properties":{"WADMKD":"Swainober","WADMKC":"Swandiwe","WADMKK":"Biak Numfor"},"geometry":{"type":"Polygon","coordinates":[[[135.879635,-0.893073],[135.874029,-0.886642],[135.820266,-0.914779],[135.812439,-0.925242],[135.801257,-0.923805],[135.800937,-0.927479],[135.788877,-0.932271],[135.787622,-0.944702],[135.82362,-0.935945],[135.872792,-0.911259],[135.874638,-0.90153],[135.879635,-0.893073]]]}},{"type":"Feature","properties":{"WADMKD":"Swaipak","WADMKC":"Swandiwe","WADMKK":"Biak Numfor"},"geometry":{"type":"Polygon","coordinates":[[[135.867705,-0.880727],[135.861327,-0.875873],[135.788318,-0.919252],[135.777355,-0.923072],[135.780547,-0.93016],[135.812439,-0.910307],[135.867705,-0.880727]]]}},{"type":"Feature","properties":{"WADMKD":"Swapodibo","WADMKC":"Biak Kota","WADMKK":"Biak Numfor"},"geometry":{"type":"Polygon","coordinates":[[[136.130917,-1.182435],[136.119368,-1.177852],[136.117538,-1.184998],[136.123057,-1.196393],[136.125128,-1.196727],[136.128187,-1.192094],[136.130917,-1.182435]]]}},{"type":"Feature","properties":{"WADMKD":"Syabes","WADMKC":"Yendidori","WADMKK":"Biak Numfor"},"geometry":{"type":"Polygon","coordinates":[[[135.966074,-1.006812],[135.952833,-1.005969],[135.949697,-1.011137],[135.946038,-1.012444],[135.941992,-1.020298],[135.947028,-1.022618],[135.948894,-1.027884],[135.951744,-1.026884],[135.953115,-1.032634],[135.955151,-1.032202],[135.955253,-1.028995],[135.958986,-1.030627],[135.958281,-1.037315],[135.952929,-1.040568],[135.954491,-1.042127],[135.951848,-1.046638],[136.010495,-1.035906],[135.994973,-1.022046],[135.966074,-1.006812]]]}},{"type":"Feature","properties":{"WADMKD":"Syoribo","WADMKC":"Poiru","WADMKK":"Biak Numfor"},"geometry":{"type":"Polygon","coordinates":[[[134.945894,-0.994541],[134.94713,-0.986223],[134.944548,-0.972256],[134.94175,-0.967884],[134.942392,-0.970022],[134.933601,-0.978164],[134.938567,-0.995183],[134.945894,-0.994541]]]}},{"type":"Feature","properties":{"WADMKD":"Syurdori","WADMKC":"Supiori Timur","WADMKK":"Supiori"},"geometry":{"type":"MultiPolygon","coordinates":[[[[135.762798,-0.730767],[135.763262,-0.730349],[135.762794,-0.730265],[135.762798,-0.730767]]],[[[135.774724,-0.723375],[135.76879,-0.724777],[135.762953,-0.731272],[135.763579,-0.737783],[135.771301,-0.743374],[135.775097,-0.736995],[135.781696,-0.734669],[135.774724,-0.723375]]]]}},{"type":"Feature","properties":{"WADMKD":"Syurdori","WADMKC":"Bondifuar","WADMKK":"Biak Numfor"},"geometry":{"type":"Polygon","coordinates":[[[135.858479,-0.738463],[135.788521,-0.710057],[135.780457,-0.718107],[135.78048,-0.722666],[135.782543,-0.719049],[135.791557,-0.714481],[135.794188,-0.717236],[135.786372,-0.721142],[135.79605,-0.720308],[135.850564,-0.752212],[135.858479,-0.738463]]]}},{"type":"Feature","properties":{"WADMKD":"Tanjung Barari","WADMKC":"Oridek","WADMKK":"Biak Numfor"},"geometry":{"type":"Polygon","coordinates":[[[136.354419,-1.110654],[136.358559,-1.097399],[136.362022,-1.093906],[136.369576,-1.089721],[136.379597,-1.09017],[136.382228,-1.087896],[136.386967,-1.07721],[136.384309,-1.071412],[136.376289,-1.069443],[136.364407,-1.080983],[136.348105,-1.083197],[136.34123,-1.087909],[136.354419,-1.110654]]]}},{"type":"Feature","properties":{"WADMKD":"Urfu","WADMKC":"Yendidori","WADMKK":"Biak Numfor"},"geometry":{"type":"Polygon","coordinates":[[[135.954139,-1.125204],[135.934018,-1.120761],[135.929053,-1.117103],[135.92252,-1.106127],[135.909277,-1.096861],[135.888971,-1.122429],[135.897694,-1.13435],[135.899524,-1.150813],[135.915203,-1.146633],[135.928791,-1.146893],[135.933756,-1.142189],[135.937666,-1.1493],[135.940985,-1.145549],[135.937218,-1.146598],[135.936722,-1.143774],[135.944074,-1.141261],[135.944945,-1.14703],[135.952216,-1.14647],[135.954139,-1.125204]]]}},{"type":"Feature","properties":{"WADMKD":"Waderbo","WADMKC":"Biak Timur","WADMKK":"Biak Numfor"},"geometry":{"type":"Polygon","coordinates":[[[136.25648,-1.157693],[136.252965,-1.141989],[136.247372,-1.142698],[136.247104,-1.158158],[136.25648,-1.157693]]]}},{"type":"Feature","properties":{"WADMKD":"Wadibu","WADMKC":"Oridek","WADMKK":"Biak Numfor"},"geometry":{"type":"Polygon","coordinates":[[[136.308517,-1.141759],[136.303879,-1.12668],[136.293558,-1.117079],[136.281943,-1.093909],[136.267466,-1.101153],[136.289738,-1.148016],[136.308517,-1.141759]]]}},{"type":"Feature","properties":{"WADMKD":"Wafor","WADMKC":"Supiori Timur","WADMKK":"Supiori"},"geometry":{"type":"Polygon","coordinates":[[[135.719885,-0.709299],[135.712975,-0.708506],[135.709526,-0.711901],[135.703796,-0.711892],[135.699689,-0.720466],[135.693716,-0.723281],[135.683034,-0.717835],[135.679919,-0.712092],[135.683195,-0.708676],[135.683682,-0.707514],[135.683661,-0.70617],[135.671594,-0.710963],[135.664369,-0.721143],[135.661249,-0.73198],[135.662856,-0.760424],[135.658788,-0.767514],[135.660904,-0.777734],[135.679034,-0.778031],[135.70068,-0.753979],[135.704689,-0.740029],[135.714891,-0.732994],[135.719885,-0.709299]]]}},{"type":"Feature","properties":{"WADMKD":"Wandos","WADMKC":"Bondifuar","WADMKK":"Biak Numfor"},"geometry":{"type":"Polygon","coordinates":[[[135.843491,-0.76615],[135.803537,-0.74078],[135.787842,-0.728193],[135.781696,-0.734669],[135.791587,-0.750691],[135.825259,-0.782151],[135.843491,-0.76615]]]}},{"type":"Feature","properties":{"WADMKD":"Wansra","WADMKC":"Orkeri","WADMKK":"Biak Numfor"},"geometry":{"type":"MultiPolygon","coordinates":[[[[134.955155,-1.11674],[134.955703,-1.116592],[134.955327,-1.116369],[134.955155,-1.11674]]],[[[134.961579,-1.110061],[134.943357,-1.100573],[134.933944,-1.114581],[134.933944,-1.118437],[134.938523,-1.127112],[134.950554,-1.127879],[134.952599,-1.126061],[134.951831,-1.120233],[134.955274,-1.118512],[134.954018,-1.115259],[134.959584,-1.113749],[134.961579,-1.110061]]]]}},{"type":"Feature","properties":{"WADMKD":"Warawaf","WADMKC":"Warsa","WADMKK":"Biak Numfor"},"geometry":{"type":"Polygon","coordinates":[[[135.958656,-0.815648],[135.956935,-0.814073],[135.949338,-0.822244],[135.950714,-0.824004],[135.958656,-0.815648]]]}},{"type":"Feature","properties":{"WADMKD":"Warbefondi","WADMKC":"Supiori Selatan","WADMKK":"Supiori"},"geometry":{"type":"Polygon","coordinates":[[[135.643675,-0.798388],[135.636534,-0.79052],[135.590973,-0.839475],[135.594961,-0.839226],[135.594457,-0.842652],[135.601023,-0.847016],[135.611583,-0.840573],[135.616903,-0.830155],[135.640226,-0.814641],[135.643675,-0.798388]]]}},{"type":"Feature","properties":{"WADMKD":"Warberik","WADMKC":"Biak Barat","WADMKK":"Biak Numfor"},"geometry":{"type":"Polygon","coordinates":[[[135.905405,-1.016167],[135.894991,-1.016245],[135.896168,-1.0303],[135.903491,-1.046409],[135.927736,-1.07315],[135.93361,-1.064339],[135.905143,-1.026915],[135.905405,-1.016167]]]}},{"type":"Feature","properties":{"WADMKD":"Warbinsi","WADMKC":"Andey","WADMKK":"Biak Numfor"},"geometry":{"type":"Polygon","coordinates":[[[136.026953,-0.895447],[136.009386,-0.898954],[136.0,-0.894923],[135.997371,-0.896929],[135.994068,-0.908392],[135.988368,-0.915263],[135.985448,-0.915305],[135.985308,-0.920728],[136.000864,-0.932754],[136.009559,-0.916398],[136.009232,-0.904964],[136.015113,-0.900717],[136.025894,-0.897777],[136.026953,-0.895447]]]}},{"type":"Feature","properties":{"WADMKD":"Warbon","WADMKC":"Biak Utara","WADMKK":"Biak Numfor"},"geometry":{"type":"Polygon","coordinates":[[[136.045032,-0.923283],[136.043949,-0.903915],[136.037146,-0.902788],[136.042104,-0.917636],[136.045032,-0.923283]]]}},{"type":"Feature","properties":{"WADMKD":"Warbor","WADMKC":"Supiori Utara","WADMKK":"Supiori"},"geometry":{"type":"Polygon","coordinates":[[[135.629428,-0.704016],[135.632607,-0.699091],[135.631284,-0.686741],[135.619315,-0.669536],[135.618343,-0.674735],[135.614039,-0.677073],[135.615499,-0.681242],[135.607301,-0.688822],[135.629428,-0.704016]]]}},{"type":"Feature","properties":{"WADMKD":"Warbukor","WADMKC":"Bruyadori","WADMKK":"Biak Numfor"},"geometry":{"type":"Polygon","coordinates":[[[134.964901,-1.100801],[134.944547,-1.093825],[134.939974,-1.098881],[134.961785,-1.109567],[134.96078,-1.106009],[134.96397,-1.104856],[134.964901,-1.100801]]]}},{"type":"Feature","properties":{"WADMKD":"Wari","WADMKC":"Biak Utara","WADMKK":"Biak Numfor"},"geometry":{"type":"Polygon","coordinates":[[[136.042172,-0.86613],[136.034059,-0.858519],[136.034248,-0.849728],[136.02328,-0.853347],[136.01642,-0.861841],[136.025894,-0.873275],[136.042172,-0.86613]]]}},{"type":"Feature","properties":{"WADMKD":"Warido","WADMKC":"Numfor Barat","WADMKK":"Biak Numfor"},"geometry":{"type":"Polygon","coordinates":[[[134.890101,-1.016521],[134.796557,-1.014866],[134.79694,-1.021493],[134.793597,-1.024627],[134.79618,-1.027892],[134.794395,-1.032241],[134.810698,-1.050137],[134.813075,-1.055699],[134.895597,-1.028613],[134.890101,-1.016521]]]}},{"type":"Feature","properties":{"WADMKD":"Waroi","WADMKC":"Yendidori","WADMKK":"Biak Numfor"},"geometry":{"type":"Polygon","coordinates":[[[135.899262,-1.159698],[135.897694,-1.13435],[135.888971,-1.122429],[135.857356,-1.166096],[135.873225,-1.173052],[135.893566,-1.176021],[135.901353,-1.16205],[135.899262,-1.159698]]]}},{"type":"Feature","properties":{"WADMKD":"Waromi","WADMKC":"Biak Utara","WADMKK":"Biak Numfor"},"geometry":{"type":"Polygon","coordinates":[[[136.042172,-0.86613],[136.051335,-0.858569],[136.049645,-0.855407],[136.04315,-0.854886],[136.038121,-0.859433],[136.034989,-0.858885],[136.03868,-0.848335],[136.034248,-0.849728],[136.034059,-0.858519],[136.042172,-0.86613]]]}},{"type":"Feature","properties":{"WADMKD":"Warsa","WADMKC":"Supiori Utara","WADMKK":"Supiori"},"geometry":{"type":"Polygon","coordinates":[[[135.607627,-0.68904],[135.601714,-0.692762],[135.594652,-0.702313],[135.593215,-0.696447],[135.598716,-0.687187],[135.597219,-0.684522],[135.578727,-0.686581],[135.574008,-0.689876],[135.565646,-0.706278],[135.564288,-0.726387],[135.551761,-0.744205],[135.581441,-0.748712],[135.620657,-0.775767],[135.626549,-0.768607],[135.633607,-0.753248],[135.637157,-0.735214],[135.643871,-0.725238],[135.64576,-0.715135],[135.607627,-0.68904]]]}},{"type":"Feature","properties":{"WADMKD":"Waryei","WADMKC":"Supiori Barat","WADMKK":"Supiori"},"geometry":{"type":"Polygon","coordinates":[[[135.58389,-0.663002],[135.57917,-0.665307],[135.566181,-0.663916],[135.55897,-0.656846],[135.550645,-0.657924],[135.549474,-0.661908],[135.543951,-0.665621],[135.53844,-0.665322],[135.535978,-0.676924],[135.538646,-0.681895],[135.540087,-0.680303],[135.541594,-0.682752],[135.539201,-0.684563],[135.541914,-0.686396],[135.540901,-0.692146],[135.538419,-0.700212],[135.526631,-0.714482],[135.520844,-0.726893],[135.551761,-0.744205],[135.564288,-0.726387],[135.565646,-0.706278],[135.568487,-0.699849],[135.582913,-0.679547],[135.58389,-0.663002]]]}},{"type":"Feature","properties":{"WADMKD":"Waryesi","WADMKC":"Supiori Timur","WADMKK":"Supiori"},"geometry":{"type":"MultiPolygon","coordinates":[[[[135.731944,-0.752836],[135.733043,-0.752106],[135.734681,-0.75116],[135.736922,-0.750617],[135.738831,-0.748793],[135.732767,-0.750759],[135.731403,-0.753213],[135.731296,-0.755022],[135.731944,-0.752836]]],[[[135.74174,-0.744703],[135.74204,-0.744367],[135.742066,-0.74416],[135.74174,-0.744703]]],[[[135.762365,-0.738454],[135.760452,-0.735228],[135.742614,-0.743457],[135.740224,-0.748505],[135.739218,-0.748493],[135.737224,-0.750622],[135.732099,-0.752985],[135.72964,-0.764993],[135.758116,-0.781547],[135.763918,-0.769812],[135.781465,-0.768529],[135.780233,-0.766524],[135.782516,-0.76527],[135.77993,-0.763819],[135.783061,-0.761383],[135.780255,-0.758673],[135.782698,-0.754863],[135.779317,-0.751968],[135.780112,-0.750003],[135.775606,-0.748195],[135.77465,-0.743932],[135.772532,-0.745155],[135.768112,-0.739435],[135.762365,-0.738454]]],[[[135.760519,-0.734478],[135.761077,-0.733897],[135.760923,-0.733745],[135.760519,-0.734478]]]]}},{"type":"Feature","properties":{"WADMKD":"Wasani","WADMKC":"Warsa","WADMKK":"Biak Numfor"},"geometry":{"type":"Polygon","coordinates":[[[135.905372,-0.77213],[135.898857,-0.76325],[135.893435,-0.767769],[135.887209,-0.766564],[135.882891,-0.762447],[135.880782,-0.764857],[135.868129,-0.763451],[135.858489,-0.765761],[135.847611,-0.762177],[135.825259,-0.782151],[135.837624,-0.788334],[135.840478,-0.799272],[135.838246,-0.814985],[135.867129,-0.804444],[135.870242,-0.798341],[135.888549,-0.782027],[135.899202,-0.779237],[135.905372,-0.77213]]]}},{"type":"Feature","properties":{"WADMKD":"Wasori","WADMKC":"Biak Timur","WADMKK":"Biak Numfor"},"geometry":{"type":"Polygon","coordinates":[[[136.214042,-1.2499],[136.209148,-1.242542],[136.193755,-1.253843],[136.201177,-1.258514],[136.214042,-1.2499]]]}},{"type":"Feature","properties":{"WADMKD":"Wasori","WADMKC":"Yawosi","WADMKK":"Biak Numfor"},"geometry":{"type":"Polygon","coordinates":[[[136.012128,-0.831787],[136.001339,-0.823825],[135.9982,-0.828873],[135.998899,-0.837984],[135.994092,-0.848198],[136.000816,-0.852831],[136.004915,-0.849657],[136.012128,-0.831787]]]}},{"type":"Feature","properties":{"WADMKD":"Wasyai","WADMKC":"Biak Barat","WADMKK":"Biak Numfor"},"geometry":{"type":"Polygon","coordinates":[[[135.890311,-1.065935],[135.885429,-1.063006],[135.860045,-1.080092],[135.839056,-1.084973],[135.845942,-1.101991],[135.890311,-1.065935]]]}},{"type":"Feature","properties":{"WADMKD":"Waupnor","WADMKC":"Biak Kota","WADMKK":"Biak Numfor"},"geometry":{"type":"Polygon","coordinates":[[[136.066567,-1.170506],[136.062966,-1.174023],[136.056983,-1.1703],[136.053437,-1.17443],[136.059367,-1.179102],[136.07728,-1.186034],[136.075618,-1.18023],[136.072139,-1.180385],[136.073723,-1.175386],[136.066567,-1.170506]]]}},{"type":"Feature","properties":{"WADMKD":"Wayori","WADMKC":"Supiori Barat","WADMKK":"Supiori"},"geometry":{"type":"MultiPolygon","coordinates":[[[[135.440994,-0.665856],[135.441431,-0.665428],[135.440923,-0.665433],[135.440994,-0.665856]]],[[[135.442671,-0.662933],[135.443012,-0.662584],[135.442652,-0.662698],[135.442671,-0.662933]]],[[[135.442913,-0.662417],[135.443428,-0.661854],[135.442838,-0.662013],[135.442913,-0.662417]]],[[[135.444174,-0.66225],[135.444841,-0.661901],[135.443949,-0.661603],[135.444174,-0.66225]]],[[[135.447121,-0.653979],[135.448042,-0.653204],[135.44774,-0.653172],[135.447121,-0.653979]]],[[[135.413469,-0.650974],[135.413963,-0.650939],[135.41379,-0.650642],[135.413469,-0.650974]]],[[[135.414343,-0.650368],[135.414783,-0.650125],[135.414182,-0.649893],[135.414343,-0.650368]]],[[[135.415541,-0.649729],[135.416032,-0.648988],[135.415352,-0.649322],[135.415541,-0.649729]]],[[[135.423963,-0.648859],[135.425405,-0.649258],[135.42459,-0.648262],[135.423963,-0.648859]]],[[[135.429212,-0.648243],[135.429576,-0.648136],[135.429504,-0.647844],[135.429212,-0.648243]]],[[[135.430025,-0.648193],[135.430502,-0.647908],[135.43006,-0.647723],[135.430025,-0.648193]]],[[[135.438324,-0.642309],[135.438497,-0.642042],[135.438318,-0.642065],[135.438324,-0.642309]]],[[[135.444216,-0.641976],[135.444763,-0.641338],[135.444096,-0.641595],[135.444216,-0.641976]]],[[[135.450309,-0.647807],[135.447258,-0.641139],[135.439606,-0.645057],[135.437283,-0.64214],[135.433469,-0.642724],[135.431201,-0.6482],[135.425347,-0.649797],[135.424249,-0.653255],[135.420755,-0.65009],[135.417333,-0.653669],[135.416534,-0.650118],[135.413554,-0.651402],[135.411243,-0.65066],[135.409984,-0.646791],[135.398834,-0.65908],[135.411465,-0.671399],[135.440328,-0.690908],[135.473194,-0.653173],[135.45969,-0.645621],[135.449993,-0.655122],[135.446078,-0.655195],[135.44623,-0.658051],[135.443569,-0.659484],[135.446421,-0.660796],[135.442193,-0.665777],[135.43887,-0.667453],[135.442283,-0.663189],[135.439776,-0.659703],[135.443346,-0.660555],[135.443756,-0.654404],[135.441401,-0.651136],[135.446616,-0.653367],[135.450309,-0.647807]]],[[[135.445293,-0.635653],[135.446492,-0.635579],[135.445572,-0.635158],[135.445293,-0.635653]]],[[[135.446282,-0.634535],[135.447066,-0.634146],[135.446582,-0.633584],[135.446282,-0.634535]]]]}},{"type":"Feature","properties":{"WADMKD":"Wir Insos","WADMKC":"Warsa","WADMKK":"Biak Numfor"},"geometry":{"type":"Polygon","coordinates":[[[135.954924,-0.813849],[135.952356,-0.814249],[135.951749,-0.812085],[135.943811,-0.820191],[135.947601,-0.821454],[135.954924,-0.813849]]]}},{"type":"Feature","properties":{"WADMKD":"Wirmaker","WADMKC":"Yendidori","WADMKK":"Biak Numfor"},"geometry":{"type":"Polygon","coordinates":[[[136.013366,-1.055966],[136.010495,-1.035906],[135.964331,-1.045631],[135.937676,-1.048245],[135.9249,-1.053235],[135.93361,-1.064339],[135.951448,-1.07239],[135.954923,-1.068758],[135.961979,-1.066668],[135.980271,-1.066145],[136.013366,-1.055966]]]}},{"type":"Feature","properties":{"WADMKD":"Wisata Binsari","WADMKC":"Samofa","WADMKK":"Biak Numfor"},"geometry":{"type":"Polygon","coordinates":[[[136.097135,-1.168661],[136.08948,-1.167998],[136.08452,-1.164344],[136.081258,-1.167562],[136.098344,-1.174754],[136.097135,-1.168661]]]}},{"type":"Feature","properties":{"WADMKD":"Wodu","WADMKC":"Andey","WADMKK":"Biak Numfor"},"geometry":{"type":"Polygon","coordinates":[[[135.961715,-0.835057],[135.953635,-0.829442],[135.950714,-0.824004],[135.920961,-0.851277],[135.945051,-0.868683],[135.955632,-0.869519],[135.94556,-0.863161],[135.954585,-0.85499],[135.959755,-0.85411],[135.967095,-0.843822],[135.964209,-0.842635],[135.961715,-0.835057]]]}},{"type":"Feature","properties":{"WADMKD":"Wombonda","WADMKC":"Supiori Timur","WADMKK":"Supiori"},"geometry":{"type":"Polygon","coordinates":[[[135.679221,-0.840494],[135.640226,-0.814641],[135.640318,-0.847171],[135.64572,-0.866795],[135.646276,-0.883429],[135.65515,-0.872095],[135.66666,-0.862668],[135.671349,-0.850467],[135.676114,-0.847593],[135.679221,-0.840494]]]}},{"type":"Feature","properties":{"WADMKD":"Wombrisau","WADMKC":"Swandiwe","WADMKK":"Biak Numfor"},"geometry":{"type":"Polygon","coordinates":[[[135.752434,-0.824995],[135.75,-0.825058],[135.744635,-0.816413],[135.743494,-0.808481],[135.740479,-0.802876],[135.740977,-0.8046],[135.736132,-0.807296],[135.741393,-0.810264],[135.741718,-0.815836],[135.748228,-0.827416],[135.752434,-0.824995]]]}},{"type":"Feature","properties":{"WADMKD":"Wonabraidi","WADMKC":"Andey","WADMKK":"Biak Numfor"},"geometry":{"type":"Polygon","coordinates":[[[136.000864,-0.932754],[135.980693,-0.915142],[135.946518,-0.950249],[135.948416,-0.953495],[135.94575,-0.954185],[135.944756,-0.957506],[135.941747,-0.957401],[135.941568,-0.964375],[135.933523,-0.972865],[135.936117,-0.979369],[135.932915,-0.987098],[135.937993,-0.995848],[135.936087,-0.998443],[135.942457,-1.0011],[135.943842,-1.004429],[135.950598,-1.001776],[135.956191,-1.005969],[135.966074,-1.006812],[135.967097,-0.989503],[135.993878,-0.960175],[135.992898,-0.955928],[136.003026,-0.93894],[136.000864,-0.932754]]]}},{"type":"Feature","properties":{"WADMKD":"Wongkeina","WADMKC":"Kepulauan Aruri","WADMKK":"Supiori"},"geometry":{"type":"MultiPolygon","coordinates":[[[[135.476171,-0.801301],[135.476639,-0.800786],[135.476093,-0.800889],[135.476171,-0.801301]]],[[[135.478369,-0.800314],[135.478867,-0.800379],[135.478742,-0.8001],[135.478369,-0.800314]]],[[[135.476921,-0.800659],[135.478105,-0.800514],[135.478097,-0.799977],[135.476921,-0.800659]]],[[[135.463567,-0.78937],[135.464194,-0.788971],[135.463612,-0.789046],[135.463567,-0.78937]]],[[[135.450109,-0.780977],[135.450138,-0.780748],[135.449981,-0.780792],[135.450109,-0.780977]]],[[[135.477843,-0.77899],[135.478542,-0.778869],[135.478146,-0.778316],[135.477843,-0.77899]]],[[[135.446356,-0.77798],[135.446538,-0.777823],[135.446335,-0.777866],[135.446356,-0.77798]]],[[[135.478646,-0.778433],[135.479709,-0.778346],[135.479392,-0.777745],[135.478646,-0.778433]]],[[[135.479575,-0.777538],[135.480323,-0.777831],[135.480356,-0.777283],[135.479575,-0.777538]]],[[[135.476823,-0.77791],[135.477923,-0.777419],[135.477041,-0.777158],[135.476823,-0.77791]]],[[[135.480864,-0.776788],[135.481593,-0.776807],[135.481431,-0.776503],[135.480864,-0.776788]]],[[[135.475247,-0.776982],[135.475315,-0.77639],[135.47494,-0.77666],[135.475247,-0.776982]]],[[[135.475646,-0.776231],[135.476753,-0.776313],[135.476328,-0.775724],[135.475646,-0.776231]]],[[[135.478161,-0.776136],[135.479386,-0.775362],[135.478595,-0.77535],[135.478161,-0.776136]]],[[[135.479482,-0.776112],[135.481219,-0.77566],[135.480219,-0.774458],[135.479482,-0.776112]]],[[[135.476932,-0.77526],[135.47697,-0.772795],[135.475257,-0.773985],[135.476932,-0.77526]]],[[[135.441771,-0.772327],[135.442271,-0.771991],[135.441866,-0.771976],[135.441771,-0.772327]]],[[[135.478484,-0.770891],[135.476466,-0.772062],[135.47955,-0.774822],[135.480092,-0.772757],[135.478484,-0.770891]]],[[[135.471514,-0.761209],[135.472042,-0.761059],[135.471706,-0.760838],[135.471514,-0.761209]]],[[[135.425186,-0.761192],[135.425715,-0.760448],[135.425514,-0.760172],[135.425186,-0.761192]]],[[[135.471064,-0.760191],[135.470614,-0.75967],[135.470514,-0.760248],[135.471064,-0.760191]]],[[[135.468837,-0.759657],[135.469396,-0.759825],[135.46933,-0.759504],[135.468837,-0.759657]]],[[[135.46969,-0.758561],[135.470088,-0.758205],[135.46961,-0.758218],[135.46969,-0.758561]]],[[[135.423142,-0.759219],[135.424295,-0.758126],[135.42306,-0.758424],[135.423142,-0.759219]]],[[[135.468771,-0.758353],[135.469436,-0.757807],[135.468948,-0.757687],[135.468771,-0.758353]]],[[[135.42165,-0.756781],[135.422323,-0.756726],[135.422247,-0.756453],[135.42165,-0.756781]]],[[[135.4746,-0.755431],[135.474993,-0.754965],[135.474498,-0.755084],[135.4746,-0.755431]]],[[[135.475253,-0.75486],[135.475923,-0.754585],[135.47575,-0.754436],[135.475253,-0.75486]]],[[[135.473437,-0.752681],[135.47385,-0.752265],[135.47351,-0.752339],[135.473437,-0.752681]]],[[[135.473213,-0.751737],[135.473374,-0.751627],[135.473228,-0.751624],[135.473213,-0.751737]]],[[[135.472469,-0.751089],[135.472699,-0.750634],[135.472325,-0.750725],[135.472469,-0.751089]]],[[[135.466747,-0.751308],[135.467655,-0.750583],[135.46672,-0.750803],[135.466747,-0.751308]]],[[[135.46666,-0.75023],[135.467543,-0.749738],[135.466655,-0.749931],[135.46666,-0.75023]]],[[[135.472426,-0.750194],[135.473411,-0.750347],[135.473157,-0.749587],[135.472426,-0.750194]]],[[[135.474141,-0.750102],[135.474584,-0.749574],[135.474007,-0.749891],[135.474141,-0.750102]]],[[[135.472996,-0.749332],[135.473958,-0.749076],[135.473529,-0.748779],[135.472996,-0.749332]]],[[[135.473091,-0.743634],[135.472933,-0.74233],[135.471907,-0.743112],[135.473091,-0.743634]]],[[[135.408941,-0.738718],[135.409173,-0.738626],[135.408953,-0.73854],[135.408941,-0.738718]]],[[[135.473477,-0.741113],[135.478622,-0.724388],[135.485101,-0.716937],[135.478543,-0.707477],[135.472397,-0.702399],[135.440328,-0.690908],[135.432393,-0.699343],[135.423724,-0.71668],[135.411742,-0.721779],[135.403616,-0.728646],[135.40728,-0.737736],[135.411013,-0.739402],[135.411375,-0.746346],[135.41672,-0.742485],[135.416825,-0.747764],[135.421073,-0.750528],[135.41833,-0.753455],[135.428392,-0.757958],[135.426039,-0.759767],[135.427512,-0.762233],[135.43549,-0.768738],[135.44483,-0.770561],[135.453374,-0.782718],[135.456627,-0.781451],[135.461902,-0.783701],[135.469866,-0.796248],[135.472509,-0.795391],[135.487881,-0.804488],[135.491364,-0.801707],[135.489606,-0.796804],[135.491431,-0.792349],[135.474562,-0.776735],[135.476289,-0.775529],[135.474659,-0.774829],[135.475036,-0.765324],[135.471171,-0.764307],[135.472746,-0.760841],[135.470008,-0.763036],[135.470107,-0.759995],[135.468765,-0.761037],[135.465767,-0.758318],[135.468797,-0.75567],[135.465699,-0.750577],[135.467512,-0.749197],[135.466106,-0.746815],[135.467588,-0.744511],[135.468327,-0.746441],[135.470261,-0.745331],[135.468237,-0.747948],[135.47239,-0.747296],[135.471235,-0.743421],[135.472569,-0.74153],[135.470153,-0.740791],[135.473477,-0.741113]]]]}},{"type":"Feature","properties":{"WADMKD":"Woniki","WADMKC":"Biak Timur","WADMKK":"Biak Numfor"},"geometry":{"type":"Polygon","coordinates":[[[136.229009,-1.150839],[136.220316,-1.150593],[136.222264,-1.161277],[136.226008,-1.167132],[136.234253,-1.167717],[136.233266,-1.160521],[136.229547,-1.160641],[136.229009,-1.150839]]]}},{"type":"Feature","properties":{"WADMKD":"Wopes","WADMKC":"Bondifuar","WADMKK":"Biak Numfor"},"geometry":{"type":"MultiPolygon","coordinates":[[[[135.811426,-0.685338],[135.802498,-0.687641],[135.797097,-0.699608],[135.863712,-0.725696],[135.871932,-0.715319],[135.866181,-0.70733],[135.855248,-0.700818],[135.811426,-0.685338]]],[[[135.811799,-0.684225],[135.812114,-0.683378],[135.811359,-0.683946],[135.811799,-0.684225]]]]}},{"type":"Feature","properties":{"WADMKD":"Wouna","WADMKC":"Andey","WADMKK":"Biak Numfor"},"geometry":{"type":"Polygon","coordinates":[[[135.991701,-0.846764],[135.967095,-0.843822],[135.959755,-0.85411],[135.954585,-0.85499],[135.94556,-0.863161],[135.951371,-0.865162],[135.968582,-0.881561],[135.982332,-0.885807],[135.985428,-0.88046],[136.016274,-0.861698],[135.991701,-0.846764]]]}},{"type":"Feature","properties":{"WADMKD":"Wundi","WADMKC":"Padaido","WADMKK":"Biak Numfor"},"geometry":{"type":"Polygon","coordinates":[[[136.37841,-1.251329],[136.372339,-1.250617],[136.377616,-1.260242],[136.3769,-1.25521],[136.37841,-1.251329]]]}},{"type":"Feature","properties":{"WADMKD":"Yafdas","WADMKC":"Samofa","WADMKK":"Biak Numfor"},"geometry":{"type":"Polygon","coordinates":[[[136.075443,-1.152337],[136.064765,-1.148528],[136.064344,-1.156629],[136.073762,-1.161778],[136.075443,-1.152337]]]}},{"type":"Feature","properties":{"WADMKD":"Yamnaisu","WADMKC":"Kepulauan Aruri","WADMKK":"Supiori"},"geometry":{"type":"Polygon","coordinates":[[[135.500257,-0.941503],[135.490379,-0.928962],[135.494368,-0.939879],[135.494007,-0.941832],[135.490535,-0.941671],[135.492554,-0.943521],[135.490902,-0.945759],[135.494881,-0.948296],[135.496532,-0.958094],[135.492773,-0.964035],[135.50918,-0.967573],[135.51291,-0.961675],[135.504018,-0.955731],[135.500257,-0.941503]]]}},{"type":"Feature","properties":{"WADMKD":"Yawerma","WADMKC":"Supiori Timur","WADMKK":"Supiori"},"geometry":{"type":"Polygon","coordinates":[[[135.697001,-0.818202],[135.652861,-0.791689],[135.643675,-0.798388],[135.640226,-0.814641],[135.679221,-0.840494],[135.683804,-0.839874],[135.683356,-0.831628],[135.690899,-0.827135],[135.693127,-0.824499],[135.692308,-0.821],[135.697001,-0.818202]]]}},{"type":"Feature","properties":{"WADMKD":"Yen Manaina","WADMKC":"Aimando Padaido","WADMKK":"Biak Numfor"},"geometry":{"type":"Polygon","coordinates":[[[136.616064,-1.235668],[136.595053,-1.23734],[136.594367,-1.242649],[136.617341,-1.240769],[136.616064,-1.235668]]]}},{"type":"Feature","properties":{"WADMKD":"Yenbeba","WADMKC":"Orkeri","WADMKK":"Biak Numfor"},"geometry":{"type":"Polygon","coordinates":[[[134.867228,-1.131923],[134.876105,-1.120605],[134.867429,-1.110484],[134.855117,-1.119161],[134.856385,-1.122879],[134.853446,-1.132297],[134.859676,-1.138151],[134.857839,-1.132704],[134.859365,-1.131211],[134.862301,-1.129718],[134.867228,-1.131923]]]}},{"type":"Feature","properties":{"WADMKD":"Yenbepioper","WADMKC":"Swandiwe","WADMKK":"Biak Numfor"},"geometry":{"type":"Polygon","coordinates":[[[135.858971,-0.873348],[135.856571,-0.870778],[135.809403,-0.899524],[135.776541,-0.915113],[135.776347,-0.918832],[135.789688,-0.913931],[135.858971,-0.873348]]]}},{"type":"Feature","properties":{"WADMKD":"Yenbepon","WADMKC":"Orkeri","WADMKK":"Biak Numfor"},"geometry":{"type":"Polygon","coordinates":[[[134.883325,-1.093085],[134.873782,-1.091609],[134.850216,-1.113082],[134.851599,-1.116334],[134.855117,-1.119161],[134.867429,-1.110484],[134.883325,-1.093085]]]}},{"type":"Feature","properties":{"WADMKD":"Yenberok","WADMKC":"Biak Timur","WADMKK":"Biak Numfor"},"geometry":{"type":"Polygon","coordinates":[[[136.226008,-1.167132],[136.222264,-1.161277],[136.214011,-1.163424],[136.215918,-1.16925],[136.226008,-1.167132]]]}},{"type":"Feature","properties":{"WADMKD":"Yenburwo","WADMKC":"Numfor Timur","WADMKK":"Biak Numfor"},"geometry":{"type":"Polygon","coordinates":[[[134.856014,-0.93099],[134.845009,-0.933014],[134.843182,-0.931449],[134.833294,-0.939743],[134.847981,-0.965173],[134.863785,-0.963678],[134.862609,-0.933278],[134.856014,-0.93099]]]}},{"type":"Feature","properties":{"WADMKD":"Yendakem","WADMKC":"Biak Timur","WADMKK":"Biak Numfor"},"geometry":{"type":"Polygon","coordinates":[[[136.22829,-1.230637],[136.215234,-1.229366],[136.202864,-1.233089],[136.209148,-1.242542],[136.22829,-1.230637]]]}},{"type":"Feature","properties":{"WADMKD":"Yendidori","WADMKC":"Yendidori","WADMKK":"Biak Numfor"},"geometry":{"type":"Polygon","coordinates":[[[136.038189,-1.099481],[136.033227,-1.089129],[136.023802,-1.083585],[136.018258,-1.075823],[136.015027,-1.083392],[136.013198,-1.101423],[136.013453,-1.144301],[136.02127,-1.147237],[136.035705,-1.147324],[136.039277,-1.138894],[136.038189,-1.099481]]]}},{"type":"Feature","properties":{"WADMKD":"Yenmanu","WADMKC":"Numfor Timur","WADMKK":"Biak Numfor"},"geometry":{"type":"Polygon","coordinates":[[[134.824339,-0.956712],[134.81843,-0.948338],[134.811955,-0.952141],[134.80565,-0.958903],[134.807729,-0.965457],[134.802296,-0.971467],[134.811971,-0.974201],[134.818752,-0.968247],[134.824339,-0.956712]]]}},{"type":"Feature","properties":{"WADMKD":"Yensama","WADMKC":"Oridek","WADMKK":"Biak Numfor"},"geometry":{"type":"Polygon","coordinates":[[[136.266388,-1.159951],[136.263103,-1.155691],[136.256089,-1.156758],[136.258496,-1.162506],[136.266388,-1.159951]]]}},{"type":"Feature","properties":{"WADMKD":"Yenures","WADMKC":"Biak Kota","WADMKK":"Biak Numfor"},"geometry":{"type":"Polygon","coordinates":[[[136.107168,-1.19236],[136.089873,-1.185612],[136.085087,-1.184764],[136.084966,-1.187755],[136.107168,-1.19236]]]}},{"type":"Feature","properties":{"WADMKD":"Yenusi","WADMKC":"Biak Timur","WADMKK":"Biak Numfor"},"geometry":{"type":"MultiPolygon","coordinates":[[[[136.207094,-1.173959],[136.208463,-1.173857],[136.208259,-1.173473],[136.207094,-1.173959]]],[[[136.215558,-1.172097],[136.213818,-1.162813],[136.204431,-1.164515],[136.206255,-1.173703],[136.215558,-1.172097]]]]}},{"type":"Feature","properties":{"WADMKD":"Yeri","WADMKC":"Aimando Padaido","WADMKK":"Biak Numfor"},"geometry":{"type":"MultiPolygon","coordinates":[[[[136.616861,-1.164992],[136.616428,-1.164311],[136.615744,-1.165283],[136.616861,-1.164992]]],[[[136.626176,-1.151225],[136.624499,-1.151445],[136.619089,-1.160022],[136.621457,-1.160009],[136.626176,-1.151225]]],[[[136.620308,-1.152109],[136.617638,-1.143399],[136.613447,-1.139452],[136.606849,-1.152323],[136.599349,-1.149432],[136.597314,-1.160062],[136.61096,-1.167313],[136.614371,-1.163144],[136.615253,-1.153654],[136.618615,-1.155326],[136.620308,-1.152109]]]]}},{"type":"Feature","properties":{"WADMKD":"Yeruboi","WADMKC":"Warsa","WADMKK":"Biak Numfor"},"geometry":{"type":"Polygon","coordinates":[[[135.943197,-0.790091],[135.942327,-0.787971],[135.936782,-0.786141],[135.937537,-0.792979],[135.943197,-0.790091]]]}},{"type":"Feature","properties":{"WADMKD":"Yobdi","WADMKC":"Biak Utara","WADMKK":"Biak Numfor"},"geometry":{"type":"Polygon","coordinates":[[[136.04525,-0.880042],[136.049855,-0.861454],[136.025894,-0.873275],[136.023607,-0.880463],[136.027233,-0.889619],[136.031647,-0.888148],[136.037921,-0.880201],[136.04525,-0.880042]]]}},{"type":"Feature","properties":{"WADMKD":"Yomdori","WADMKC":"Biak Barat","WADMKK":"Biak Numfor"},"geometry":{"type":"Polygon","coordinates":[[[135.8825,-1.058125],[135.877619,-1.044945],[135.875431,-1.018258],[135.858465,-1.02482],[135.859557,-1.032253],[135.855164,-1.066911],[135.867367,-1.065447],[135.8825,-1.058125]]]}},{"type":"Feature","properties":{"WADMKD":"Warsansan","WADMKC":"Biak Utara","WADMKK":"Biak Numfor"},"geometry":{"type":"Polygon","coordinates":[[[136.158569,-1.007368],[136.057083,-1.013342],[136.03372,-1.017572],[136.038482,-1.025858],[136.03991,-1.038897],[136.046263,-1.046868],[136.046691,-1.056363],[136.061539,-1.089485],[136.063426,-1.099368],[136.083285,-1.1053],[136.087164,-1.112088],[136.098317,-1.116452],[136.133332,-1.118832],[136.164075,-1.037332],[136.16067,-1.034855],[136.158944,-1.029043],[136.158569,-1.007368]]]}},{"type":"Feature","properties":{"WADMKD":"Karabai","WADMKC":"Aimando Padaido","WADMKK":"Biak Numfor"},"geometry":{"type":"MultiPolygon","coordinates":[[[[136.595911,-1.227849],[136.592974,-1.227634],[136.590999,-1.227425],[136.592263,-1.227668],[136.595123,-1.227905],[136.595911,-1.227849]]],[[[136.58987,-1.22666],[136.589872,-1.226663],[136.589872,-1.226662],[136.58987,-1.22666]]],[[[136.589702,-1.226392],[136.589718,-1.226495],[136.58987,-1.22666],[136.589702,-1.226392]]],[[[136.594451,-1.207171],[136.587265,-1.191087],[136.577208,-1.196292],[136.576184,-1.20021],[136.58445,-1.205874],[136.584593,-1.214779],[136.589312,-1.224719],[136.597245,-1.220622],[136.594451,-1.207171]]]]}}]}